tracker,yolo_model,reid_model,object_count,avg_fps,avg_time_per_frame,min_time_per_frame,max_time_per_frame
strongsort,yolov8n.pt,osnet_x1_0_market1501.pt,1,72.681090,26.210000,11.0,390.4
strongsort,yolov8n.pt,osnet_x1_0_market1501.pt,2,65.545825,16.930000,11.0,32.8
strongsort,yolov8n.pt,osnet_x1_0_market1501.pt,3,58.121393,19.509375,12.0,50.3
strongsort,yolov8n.pt,osnet_x1_0_market1501.pt,4,73.813465,14.016666,12.0,29.0
strongsort,yolov8n.pt,osnet_x1_0_market1501.pt,5,61.094024,24.082142,12.5,102.1
strongsort,yolov8n.pt,osnet_x0_75_market1501.pt,1,74.305880,23.960000,10.9,332.2
strongsort,yolov8n.pt,osnet_x0_75_market1501.pt,2,80.138304,13.786666,10.6,26.3
strongsort,yolov8n.pt,osnet_x0_75_market1501.pt,3,68.391936,16.671875,11.7,40.0
strongsort,yolov8n.pt,osnet_x0_75_market1501.pt,4,64.358185,19.963333,11.8,45.1
strongsort,yolov8n.pt,osnet_x0_75_market1501.pt,5,58.381300,24.485714,12.3,69.2
strongsort,yolov8n.pt,osnet_x0_5_market1501.pt,1,74.083007,24.393333,10.8,341.2
strongsort,yolov8n.pt,osnet_x0_5_market1501.pt,2,80.435082,13.606666,10.7,25.9
strongsort,yolov8n.pt,osnet_x0_5_market1501.pt,3,76.736361,13.787500,11.5,33.5
strongsort,yolov8n.pt,osnet_x0_5_market1501.pt,4,62.675074,18.853333,11.8,44.5
strongsort,yolov8n.pt,osnet_x0_5_market1501.pt,5,53.763936,20.610714,15.2,65.6
strongsort,yolov8n.pt,osnet_x0_25_market1501.pt,1,74.647724,23.540000,10.8,320.2
strongsort,yolov8n.pt,osnet_x0_25_market1501.pt,2,85.027008,12.466666,10.7,23.5
strongsort,yolov8n.pt,osnet_x0_25_market1501.pt,3,71.281294,15.803125,11.6,40.7
strongsort,yolov8n.pt,osnet_x0_25_market1501.pt,4,76.150218,13.623333,11.8,28.7
strongsort,yolov8n.pt,osnet_x0_25_market1501.pt,5,63.518000,20.735714,12.3,77.1
strongsort,yolov8n.pt,clip_market1501.pt,1,77.467199,107.226666,10.6,2839.2
strongsort,yolov8n.pt,clip_market1501.pt,2,61.338210,17.230000,13.0,25.2
strongsort,yolov8n.pt,clip_market1501.pt,3,41.919775,26.837500,18.6,61.5
strongsort,yolov8n.pt,clip_market1501.pt,4,25.225224,52.653333,21.9,113.8
strongsort,yolov8n.pt,clip_market1501.pt,5,12.060756,84.321428,69.8,114.7
strongsort,yolov8n.pt,lmbn_n_market.pt,1,46.384442,39.536666,17.2,569.5
strongsort,yolov8n.pt,lmbn_n_market.pt,2,45.486604,23.333333,17.0,32.2
strongsort,yolov8n.pt,lmbn_n_market.pt,3,23.257134,52.815625,20.9,90.8
strongsort,yolov8n.pt,lmbn_n_market.pt,4,12.742774,80.863333,59.2,99.9
strongsort,yolov8n.pt,lmbn_n_market.pt,5,11.521044,89.360714,68.9,128.3
strongsort,yolov8n.pt,clip_market1501.pt,1,74.616172,67.286666,10.7,1631.4
strongsort,yolov8n.pt,clip_market1501.pt,2,70.686435,14.696666,13.2,26.0
strongsort,yolov8n.pt,clip_market1501.pt,3,42.303031,26.875000,18.8,59.8
strongsort,yolov8n.pt,clip_market1501.pt,4,25.526905,49.833333,22.0,103.1
strongsort,yolov8n.pt,clip_market1501.pt,5,11.636992,87.921428,65.7,111.8
strongsort,yolov8n.pt,osnet_ibn_x1_0_msmt17.pt,1,73.411711,25.496666,11.1,372.4
strongsort,yolov8n.pt,osnet_ibn_x1_0_msmt17.pt,2,68.094507,15.956666,11.0,26.7
strongsort,yolov8n.pt,osnet_ibn_x1_0_msmt17.pt,3,67.710929,17.606250,11.9,50.1
strongsort,yolov8n.pt,osnet_ibn_x1_0_msmt17.pt,4,59.659667,20.040000,12.0,60.6
strongsort,yolov8n.pt,osnet_ibn_x1_0_msmt17.pt,5,65.649550,18.239285,12.3,70.3
strongsort,yolov8n.pt,osnet_ain_x1_0_msmt17.pt,1,68.152464,28.016666,11.4,393.4
strongsort,yolov8n.pt,osnet_ain_x1_0_msmt17.pt,2,66.924212,17.410000,11.3,39.3
strongsort,yolov8n.pt,osnet_ain_x1_0_msmt17.pt,3,72.293827,14.650000,12.2,36.2
strongsort,yolov8n.pt,osnet_ain_x1_0_msmt17.pt,4,62.457260,17.620000,12.4,45.1
strongsort,yolov8n.pt,osnet_ain_x1_0_msmt17.pt,5,62.688579,19.785714,12.8,94.3
strongsort,yolov8s.pt,osnet_x1_0_market1501.pt,1,65.830144,25.686666,12.3,327.0
strongsort,yolov8s.pt,osnet_x1_0_market1501.pt,2,59.667037,18.600000,11.8,39.4
strongsort,yolov8s.pt,osnet_x1_0_market1501.pt,3,62.087185,18.700000,12.7,42.0
strongsort,yolov8s.pt,osnet_x1_0_market1501.pt,4,54.331648,19.760000,13.0,31.1
strongsort,yolov8s.pt,osnet_x1_0_market1501.pt,5,63.618610,18.225000,13.4,92.2
strongsort,yolov8s.pt,osnet_x0_75_market1501.pt,1,69.131084,25.173333,12.2,340.0
strongsort,yolov8s.pt,osnet_x0_75_market1501.pt,2,77.302676,13.663333,11.8,24.8
strongsort,yolov8s.pt,osnet_x0_75_market1501.pt,3,69.651406,15.178125,12.7,38.3
strongsort,yolov8s.pt,osnet_x0_75_market1501.pt,4,59.338951,17.510000,15.0,33.4
strongsort,yolov8s.pt,osnet_x0_75_market1501.pt,5,55.229494,24.592857,13.4,101.6
strongsort,yolov8s.pt,osnet_x0_5_market1501.pt,1,69.580982,24.370000,12.1,315.5
strongsort,yolov8s.pt,osnet_x0_5_market1501.pt,2,76.280301,14.476666,11.6,39.8
strongsort,yolov8s.pt,osnet_x0_5_market1501.pt,3,56.142588,19.265625,12.9,34.8
strongsort,yolov8s.pt,osnet_x0_5_market1501.pt,4,54.931365,19.686666,13.1,35.0
strongsort,yolov8s.pt,osnet_x0_5_market1501.pt,5,59.169076,19.007142,14.9,84.6
strongsort,yolov8s.pt,osnet_x0_25_market1501.pt,1,62.042301,27.520000,12.2,334.3
strongsort,yolov8s.pt,osnet_x0_25_market1501.pt,2,70.317168,15.570000,12.2,27.2
strongsort,yolov8s.pt,osnet_x0_25_market1501.pt,3,71.125018,14.787500,12.5,34.3
strongsort,yolov8s.pt,osnet_x0_25_market1501.pt,4,66.727833,15.563333,12.8,31.2
strongsort,yolov8s.pt,osnet_x0_25_market1501.pt,5,62.406556,18.703571,13.3,96.6
strongsort,yolov8s.pt,clip_market1501.pt,1,71.050623,67.720000,11.6,1627.7
strongsort,yolov8s.pt,clip_market1501.pt,2,65.399728,15.776666,14.2,26.9
strongsort,yolov8s.pt,clip_market1501.pt,3,37.533913,29.821875,20.2,72.2
strongsort,yolov8s.pt,clip_market1501.pt,4,24.487966,51.610000,23.4,113.6
strongsort,yolov8s.pt,clip_market1501.pt,5,11.808372,86.857142,65.7,113.1
strongsort,yolov8s.pt,lmbn_n_market.pt,1,37.168920,44.446666,18.8,528.7
strongsort,yolov8s.pt,lmbn_n_market.pt,2,33.435729,34.413333,21.7,61.0
strongsort,yolov8s.pt,lmbn_n_market.pt,3,20.439275,58.878125,23.3,101.2
strongsort,yolov8s.pt,lmbn_n_market.pt,4,14.403917,71.236666,55.1,103.3
strongsort,yolov8s.pt,lmbn_n_market.pt,5,11.460988,89.982142,59.9,130.1
strongsort,yolov8s.pt,clip_market1501.pt,1,69.208603,69.310000,11.6,1648.9
strongsort,yolov8s.pt,clip_market1501.pt,2,62.452384,16.630000,14.1,26.6
strongsort,yolov8s.pt,clip_market1501.pt,3,40.511681,27.375000,20.6,63.6
strongsort,yolov8s.pt,clip_market1501.pt,4,24.159606,52.356666,23.8,112.5
strongsort,yolov8s.pt,clip_market1501.pt,5,11.176818,91.075000,68.8,114.3
strongsort,yolov8s.pt,osnet_ibn_x1_0_msmt17.pt,1,67.445182,25.386666,12.4,337.0
strongsort,yolov8s.pt,osnet_ibn_x1_0_msmt17.pt,2,74.689709,14.446666,11.9,26.4
strongsort,yolov8s.pt,osnet_ibn_x1_0_msmt17.pt,3,70.420893,14.931250,12.6,35.1
strongsort,yolov8s.pt,osnet_ibn_x1_0_msmt17.pt,4,70.407844,14.680000,12.9,30.8
strongsort,yolov8s.pt,osnet_ibn_x1_0_msmt17.pt,5,52.386928,21.260714,15.6,66.0
strongsort,yolov8s.pt,osnet_ain_x1_0_msmt17.pt,1,67.222756,25.543333,12.6,340.2
strongsort,yolov8s.pt,osnet_ain_x1_0_msmt17.pt,2,74.464922,14.223333,12.2,25.7
strongsort,yolov8s.pt,osnet_ain_x1_0_msmt17.pt,3,68.602986,15.350000,13.0,36.8
strongsort,yolov8s.pt,osnet_ain_x1_0_msmt17.pt,4,61.561509,17.410000,13.2,45.6
strongsort,yolov8s.pt,osnet_ain_x1_0_msmt17.pt,5,63.411361,18.035714,13.7,85.3
strongsort,yolov8m.pt,osnet_x1_0_market1501.pt,1,55.036922,28.676666,15.6,341.8
strongsort,yolov8m.pt,osnet_x1_0_market1501.pt,2,60.719970,17.450000,14.8,36.3
strongsort,yolov8m.pt,osnet_x1_0_market1501.pt,3,56.337128,18.496875,15.9,39.8
strongsort,yolov8m.pt,osnet_x1_0_market1501.pt,4,56.265627,18.250000,16.3,35.2
strongsort,yolov8m.pt,osnet_x1_0_market1501.pt,5,49.495608,22.878571,16.9,77.5
strongsort,yolov8m.pt,osnet_x0_75_market1501.pt,1,53.756629,28.826666,15.6,333.4
strongsort,yolov8m.pt,osnet_x0_75_market1501.pt,2,61.836454,16.673333,15.1,28.8
strongsort,yolov8m.pt,osnet_x0_75_market1501.pt,3,53.951797,19.250000,16.2,41.3
strongsort,yolov8m.pt,osnet_x0_75_market1501.pt,4,52.510886,19.516666,16.4,35.4
strongsort,yolov8m.pt,osnet_x0_75_market1501.pt,5,48.623515,21.932142,16.8,68.0
strongsort,yolov8m.pt,osnet_x0_5_market1501.pt,1,53.776749,29.313333,15.8,345.7
strongsort,yolov8m.pt,osnet_x0_5_market1501.pt,2,59.764453,17.233333,15.0,28.8
strongsort,yolov8m.pt,osnet_x0_5_market1501.pt,3,45.407068,23.275000,17.4,38.2
strongsort,yolov8m.pt,osnet_x0_5_market1501.pt,4,51.508045,19.870000,16.7,36.1
strongsort,yolov8m.pt,osnet_x0_5_market1501.pt,5,53.606469,18.935714,16.7,28.9
strongsort,yolov8m.pt,osnet_x0_25_market1501.pt,1,53.959632,28.430000,15.8,323.6
strongsort,yolov8m.pt,osnet_x0_25_market1501.pt,2,62.100817,16.566666,15.1,28.4
strongsort,yolov8m.pt,osnet_x0_25_market1501.pt,3,53.533740,19.415625,16.2,38.4
strongsort,yolov8m.pt,osnet_x0_25_market1501.pt,4,56.054287,18.253333,16.2,33.4
strongsort,yolov8m.pt,osnet_x0_25_market1501.pt,5,46.891661,23.507142,19.1,94.7
strongsort,yolov8m.pt,clip_market1501.pt,1,56.018248,73.810000,14.9,1696.2
strongsort,yolov8m.pt,clip_market1501.pt,2,52.085072,19.860000,17.8,41.3
strongsort,yolov8m.pt,clip_market1501.pt,3,34.738763,32.290625,23.8,75.5
strongsort,yolov8m.pt,clip_market1501.pt,4,21.205927,56.846666,27.3,113.0
strongsort,yolov8m.pt,clip_market1501.pt,5,11.438301,91.785714,35.5,125.9
strongsort,yolov8m.pt,lmbn_n_market.pt,1,31.395618,50.990000,22.6,564.1
strongsort,yolov8m.pt,lmbn_n_market.pt,2,26.412825,45.123333,21.9,67.7
strongsort,yolov8m.pt,lmbn_n_market.pt,3,21.506249,53.081250,25.3,108.5
strongsort,yolov8m.pt,lmbn_n_market.pt,4,14.354296,71.953333,56.6,117.4
strongsort,yolov8m.pt,lmbn_n_market.pt,5,10.399846,98.339285,72.4,130.4
strongsort,yolov8m.pt,clip_market1501.pt,1,50.830323,75.510000,15.1,1686.2
strongsort,yolov8m.pt,clip_market1501.pt,2,49.779102,20.836666,17.6,37.9
strongsort,yolov8m.pt,clip_market1501.pt,3,35.321873,31.328125,24.2,77.4
strongsort,yolov8m.pt,clip_market1501.pt,4,20.553522,60.723333,27.3,114.1
strongsort,yolov8m.pt,clip_market1501.pt,5,11.253877,90.528571,72.4,131.3
strongsort,yolov8m.pt,osnet_ibn_x1_0_msmt17.pt,1,53.241544,29.456666,15.5,345.9
strongsort,yolov8m.pt,osnet_ibn_x1_0_msmt17.pt,2,56.566383,18.546666,15.3,29.3
strongsort,yolov8m.pt,osnet_ibn_x1_0_msmt17.pt,3,49.269437,21.340625,16.9,50.5
strongsort,yolov8m.pt,osnet_ibn_x1_0_msmt17.pt,4,47.054021,22.330000,18.7,49.6
strongsort,yolov8m.pt,osnet_ibn_x1_0_msmt17.pt,5,46.301517,22.025000,19.1,32.4
strongsort,yolov8m.pt,osnet_ain_x1_0_msmt17.pt,1,50.973680,30.990000,16.7,355.6
strongsort,yolov8m.pt,osnet_ain_x1_0_msmt17.pt,2,60.275174,17.023333,15.5,28.4
strongsort,yolov8m.pt,osnet_ain_x1_0_msmt17.pt,3,54.531248,19.068750,16.4,39.6
strongsort,yolov8m.pt,osnet_ain_x1_0_msmt17.pt,4,50.759649,20.136666,16.8,34.5
strongsort,yolov8m.pt,osnet_ain_x1_0_msmt17.pt,5,47.889191,22.482142,17.0,75.6
strongsort,yolov8l.pt,osnet_x1_0_market1501.pt,1,40.458786,34.596666,20.7,336.4
strongsort,yolov8l.pt,osnet_x1_0_market1501.pt,2,45.097389,22.776666,20.5,36.5
strongsort,yolov8l.pt,osnet_x1_0_market1501.pt,3,42.035355,24.525000,21.5,43.9
strongsort,yolov8l.pt,osnet_x1_0_market1501.pt,4,42.564999,24.340000,21.6,50.4
strongsort,yolov8l.pt,osnet_x1_0_market1501.pt,5,34.883975,31.535714,24.4,88.6
strongsort,yolov8l.pt,osnet_x0_75_market1501.pt,1,40.243128,34.866666,20.8,331.2
strongsort,yolov8l.pt,osnet_x0_75_market1501.pt,2,46.188804,22.076666,20.5,37.5
strongsort,yolov8l.pt,osnet_x0_75_market1501.pt,3,42.578672,24.165625,21.5,48.1
strongsort,yolov8l.pt,osnet_x0_75_market1501.pt,4,42.279163,24.313333,21.7,42.1
strongsort,yolov8l.pt,osnet_x0_75_market1501.pt,5,35.251923,29.950000,24.6,74.9
strongsort,yolov8l.pt,osnet_x0_5_market1501.pt,1,40.549440,34.410000,20.9,332.2
strongsort,yolov8l.pt,osnet_x0_5_market1501.pt,2,46.018138,22.133333,20.8,33.4
strongsort,yolov8l.pt,osnet_x0_5_market1501.pt,3,42.294584,24.287500,21.6,46.2
strongsort,yolov8l.pt,osnet_x0_5_market1501.pt,4,38.543759,27.286666,22.2,61.1
strongsort,yolov8l.pt,osnet_x0_5_market1501.pt,5,36.931879,28.975000,22.2,77.4
strongsort,yolov8l.pt,osnet_x0_25_market1501.pt,1,40.501330,34.373333,20.6,326.9
strongsort,yolov8l.pt,osnet_x0_25_market1501.pt,2,46.675104,21.710000,20.6,33.2
strongsort,yolov8l.pt,osnet_x0_25_market1501.pt,3,42.398514,24.159375,21.7,43.8
strongsort,yolov8l.pt,osnet_x0_25_market1501.pt,4,34.330958,30.836666,23.9,62.3
strongsort,yolov8l.pt,osnet_x0_25_market1501.pt,5,35.920496,30.371428,24.3,75.9
strongsort,yolov8l.pt,clip_market1501.pt,1,42.687599,78.053333,20.8,1677.7
strongsort,yolov8l.pt,clip_market1501.pt,2,40.805781,24.706666,22.9,34.2
strongsort,yolov8l.pt,clip_market1501.pt,3,28.965343,37.359375,29.5,87.2
strongsort,yolov8l.pt,clip_market1501.pt,4,19.026930,61.996666,33.4,113.6
strongsort,yolov8l.pt,clip_market1501.pt,5,11.339297,91.182142,42.0,113.8
strongsort,yolov8l.pt,lmbn_n_market.pt,1,30.967942,48.973333,28.0,554.3
strongsort,yolov8l.pt,lmbn_n_market.pt,2,30.344759,33.876666,27.3,43.3
strongsort,yolov8l.pt,lmbn_n_market.pt,3,17.688223,63.193750,32.6,97.9
strongsort,yolov8l.pt,lmbn_n_market.pt,4,13.573167,75.196666,54.2,126.9
strongsort,yolov8l.pt,lmbn_n_market.pt,5,10.405642,98.271428,59.0,129.1
strongsort,yolov8l.pt,clip_market1501.pt,1,41.868040,78.676666,20.7,1684.0
strongsort,yolov8l.pt,clip_market1501.pt,2,40.641659,24.833333,22.8,35.4
strongsort,yolov8l.pt,clip_market1501.pt,3,29.219681,37.300000,30.4,85.5
strongsort,yolov8l.pt,clip_market1501.pt,4,18.552613,64.326666,33.7,117.2
strongsort,yolov8l.pt,clip_market1501.pt,5,11.079948,92.785714,47.2,116.1
strongsort,yolov8l.pt,osnet_ibn_x1_0_msmt17.pt,1,40.814306,35.043333,20.9,355.6
strongsort,yolov8l.pt,osnet_ibn_x1_0_msmt17.pt,2,46.033899,22.083333,20.8,34.6
strongsort,yolov8l.pt,osnet_ibn_x1_0_msmt17.pt,3,42.474765,24.165625,21.8,45.6
strongsort,yolov8l.pt,osnet_ibn_x1_0_msmt17.pt,4,36.335616,28.473333,22.1,43.3
strongsort,yolov8l.pt,osnet_ibn_x1_0_msmt17.pt,5,36.154928,30.510714,24.9,89.0
strongsort,yolov8l.pt,osnet_ain_x1_0_msmt17.pt,1,39.056187,36.610000,21.3,363.5
strongsort,yolov8l.pt,osnet_ain_x1_0_msmt17.pt,2,41.644192,25.040000,20.9,46.3
strongsort,yolov8l.pt,osnet_ain_x1_0_msmt17.pt,3,41.441439,24.775000,22.2,46.9
strongsort,yolov8l.pt,osnet_ain_x1_0_msmt17.pt,4,41.131970,24.956666,22.3,42.1
strongsort,yolov8l.pt,osnet_ain_x1_0_msmt17.pt,5,35.680503,30.835714,25.3,89.4
strongsort,yolov8x.pt,osnet_x1_0_market1501.pt,1,34.525034,38.680000,25.0,330.9
strongsort,yolov8x.pt,osnet_x1_0_market1501.pt,2,35.117293,28.913333,24.8,37.6
strongsort,yolov8x.pt,osnet_x1_0_market1501.pt,3,33.356898,31.103125,26.1,71.9
strongsort,yolov8x.pt,osnet_x1_0_market1501.pt,4,33.479723,30.163333,28.1,44.9
strongsort,yolov8x.pt,osnet_x1_0_market1501.pt,5,33.244674,30.189285,28.5,36.5
strongsort,yolov8x.pt,osnet_x0_75_market1501.pt,1,34.710407,38.213333,24.7,328.2
strongsort,yolov8x.pt,osnet_x0_75_market1501.pt,2,39.022793,25.853333,24.5,37.7
strongsort,yolov8x.pt,osnet_x0_75_market1501.pt,3,36.111576,28.296875,25.7,52.3
strongsort,yolov8x.pt,osnet_x0_75_market1501.pt,4,33.218046,30.440000,27.1,46.1
strongsort,yolov8x.pt,osnet_x0_75_market1501.pt,5,30.760011,34.517857,28.9,94.4
strongsort,yolov8x.pt,osnet_x0_5_market1501.pt,1,32.734509,40.633333,24.9,344.9
strongsort,yolov8x.pt,osnet_x0_5_market1501.pt,2,36.645324,27.606666,24.6,38.7
strongsort,yolov8x.pt,osnet_x0_5_market1501.pt,3,35.517562,28.762500,25.8,49.2
strongsort,yolov8x.pt,osnet_x0_5_market1501.pt,4,31.921529,31.866666,28.0,46.1
strongsort,yolov8x.pt,osnet_x0_5_market1501.pt,5,33.383080,30.071428,28.5,36.1
strongsort,yolov8x.pt,osnet_x0_25_market1501.pt,1,35.257008,38.576666,24.8,351.3
strongsort,yolov8x.pt,osnet_x0_25_market1501.pt,2,38.180466,26.693333,24.5,45.1
strongsort,yolov8x.pt,osnet_x0_25_market1501.pt,3,35.778834,28.487500,25.9,49.7
strongsort,yolov8x.pt,osnet_x0_25_market1501.pt,4,34.461039,29.390000,26.0,46.3
strongsort,yolov8x.pt,osnet_x0_25_market1501.pt,5,31.253651,33.371428,28.7,80.6
strongsort,yolov8x.pt,clip_market1501.pt,1,34.878620,85.093333,24.8,1742.5
strongsort,yolov8x.pt,clip_market1501.pt,2,33.242012,30.360000,27.9,41.3
strongsort,yolov8x.pt,clip_market1501.pt,3,24.947941,42.528125,33.7,78.4
strongsort,yolov8x.pt,clip_market1501.pt,4,17.201522,65.963333,38.5,112.9
strongsort,yolov8x.pt,clip_market1501.pt,5,10.351374,98.425000,59.1,115.6
strongsort,yolov8x.pt,lmbn_n_market.pt,1,27.263775,53.006666,31.6,548.3
strongsort,yolov8x.pt,lmbn_n_market.pt,2,23.839108,43.473333,34.4,65.1
strongsort,yolov8x.pt,lmbn_n_market.pt,3,14.446769,70.368750,60.1,101.8
strongsort,yolov8x.pt,lmbn_n_market.pt,4,13.258677,77.696666,38.9,108.0
strongsort,yolov8x.pt,lmbn_n_market.pt,5,10.934629,95.564285,49.3,123.8
strongsort,yolov8x.pt,clip_market1501.pt,1,34.832043,85.486666,25.3,1752.5
strongsort,yolov8x.pt,clip_market1501.pt,2,33.795667,29.773333,28.0,39.9
strongsort,yolov8x.pt,clip_market1501.pt,3,24.904893,42.615625,35.3,86.9
strongsort,yolov8x.pt,clip_market1501.pt,4,16.967501,67.490000,38.6,114.8
strongsort,yolov8x.pt,clip_market1501.pt,5,10.667464,95.450000,56.6,113.5
strongsort,yolov8x.pt,osnet_ibn_x1_0_msmt17.pt,1,34.485327,40.340000,25.0,385.7
strongsort,yolov8x.pt,osnet_ibn_x1_0_msmt17.pt,2,38.283708,26.356666,24.8,39.7
strongsort,yolov8x.pt,osnet_ibn_x1_0_msmt17.pt,3,35.381728,28.853125,25.9,49.3
strongsort,yolov8x.pt,osnet_ibn_x1_0_msmt17.pt,4,33.316829,30.316666,28.2,45.9
strongsort,yolov8x.pt,osnet_ibn_x1_0_msmt17.pt,5,31.466016,33.403571,28.7,88.8
strongsort,yolov8x.pt,osnet_ain_x1_0_msmt17.pt,1,34.825072,38.456666,25.4,340.6
strongsort,yolov8x.pt,osnet_ain_x1_0_msmt17.pt,2,38.033642,26.490000,25.3,40.2
strongsort,yolov8x.pt,osnet_ain_x1_0_msmt17.pt,3,35.230012,28.943750,26.4,50.4
strongsort,yolov8x.pt,osnet_ain_x1_0_msmt17.pt,4,35.010443,28.896666,26.9,45.3
strongsort,yolov8x.pt,osnet_ain_x1_0_msmt17.pt,5,31.501105,33.185714,29.6,90.0
ocsort,yolov8n.pt,osnet_x1_0_market1501.pt,1,214.033325,10.848484,4.1,212.5
ocsort,yolov8n.pt,osnet_x1_0_market1501.pt,2,208.200634,4.810000,4.6,5.3
ocsort,yolov8n.pt,osnet_x1_0_market1501.pt,3,188.582196,5.316666,4.9,5.8
ocsort,yolov8n.pt,osnet_x1_0_market1501.pt,4,175.327151,5.716666,5.5,6.3
ocsort,yolov8n.pt,osnet_x1_0_market1501.pt,5,177.801135,5.637037,5.4,7.4
ocsort,yolov8n.pt,osnet_x0_75_market1501.pt,1,212.791564,11.039393,4.3,217.9
ocsort,yolov8n.pt,osnet_x0_75_market1501.pt,2,215.929438,4.633333,4.5,5.0
ocsort,yolov8n.pt,osnet_x0_75_market1501.pt,3,196.125892,5.103333,4.7,5.6
ocsort,yolov8n.pt,osnet_x0_75_market1501.pt,4,180.172910,5.550000,5.3,6.0
ocsort,yolov8n.pt,osnet_x0_75_market1501.pt,5,178.990529,5.592592,5.4,7.0
ocsort,yolov8n.pt,osnet_x0_5_market1501.pt,1,217.472197,10.687878,4.2,209.5
ocsort,yolov8n.pt,osnet_x0_5_market1501.pt,2,214.680364,4.656666,4.6,4.9
ocsort,yolov8n.pt,osnet_x0_5_market1501.pt,3,195.060394,5.130000,4.8,5.6
ocsort,yolov8n.pt,osnet_x0_5_market1501.pt,4,179.453730,5.573333,5.4,5.7
ocsort,yolov8n.pt,osnet_x0_5_market1501.pt,5,176.540307,5.685185,5.5,7.4
ocsort,yolov8n.pt,osnet_x0_25_market1501.pt,1,216.072815,10.903030,4.2,215.5
ocsort,yolov8n.pt,osnet_x0_25_market1501.pt,2,212.788175,4.710000,4.5,5.2
ocsort,yolov8n.pt,osnet_x0_25_market1501.pt,3,193.342155,5.180000,4.8,5.6
ocsort,yolov8n.pt,osnet_x0_25_market1501.pt,4,178.212032,5.620000,5.4,6.1
ocsort,yolov8n.pt,osnet_x0_25_market1501.pt,5,176.729905,5.670370,5.5,7.2
ocsort,yolov8n.pt,clip_market1501.pt,1,220.355033,10.739393,4.1,211.4
ocsort,yolov8n.pt,clip_market1501.pt,2,220.572712,4.536666,4.4,4.8
ocsort,yolov8n.pt,clip_market1501.pt,3,202.000092,4.966666,4.6,5.5
ocsort,yolov8n.pt,clip_market1501.pt,4,185.055724,5.410000,5.2,5.6
ocsort,yolov8n.pt,clip_market1501.pt,5,183.107755,5.485185,5.3,7.5
ocsort,yolov8n.pt,lmbn_n_market.pt,1,218.165149,10.609090,4.1,207.3
ocsort,yolov8n.pt,lmbn_n_market.pt,2,220.028666,4.533333,4.4,4.8
ocsort,yolov8n.pt,lmbn_n_market.pt,3,199.873763,5.016666,4.7,5.5
ocsort,yolov8n.pt,lmbn_n_market.pt,4,183.896033,5.440000,5.3,5.6
ocsort,yolov8n.pt,lmbn_n_market.pt,5,181.235413,5.533333,5.4,7.1
ocsort,yolov8n.pt,clip_market1501.pt,1,221.882312,10.506060,4.1,206.5
ocsort,yolov8n.pt,clip_market1501.pt,2,221.569634,4.510000,4.4,4.7
ocsort,yolov8n.pt,clip_market1501.pt,3,202.625508,4.936666,4.6,5.4
ocsort,yolov8n.pt,clip_market1501.pt,4,186.350106,5.370000,5.2,5.5
ocsort,yolov8n.pt,clip_market1501.pt,5,183.128607,5.474074,5.3,7.2
ocsort,yolov8n.pt,osnet_ibn_x1_0_msmt17.pt,1,222.089834,10.363636,4.1,201.9
ocsort,yolov8n.pt,osnet_ibn_x1_0_msmt17.pt,2,218.832969,4.570000,4.5,4.8
ocsort,yolov8n.pt,osnet_ibn_x1_0_msmt17.pt,3,199.056250,5.033333,4.7,5.5
ocsort,yolov8n.pt,osnet_ibn_x1_0_msmt17.pt,4,183.070961,5.463333,5.3,5.6
ocsort,yolov8n.pt,osnet_ibn_x1_0_msmt17.pt,5,181.963303,5.511111,5.3,7.6
ocsort,yolov8n.pt,osnet_ain_x1_0_msmt17.pt,1,223.418735,10.700000,4.1,213.5
ocsort,yolov8n.pt,osnet_ain_x1_0_msmt17.pt,2,221.720469,4.513333,4.4,4.8
ocsort,yolov8n.pt,osnet_ain_x1_0_msmt17.pt,3,202.237476,4.953333,4.6,5.4
ocsort,yolov8n.pt,osnet_ain_x1_0_msmt17.pt,4,185.637281,5.383333,5.3,5.5
ocsort,yolov8n.pt,osnet_ain_x1_0_msmt17.pt,5,183.152830,5.485185,5.3,7.5
ocsort,yolov8s.pt,osnet_x1_0_market1501.pt,1,168.081978,11.790909,5.6,203.9
ocsort,yolov8s.pt,osnet_x1_0_market1501.pt,2,174.035541,5.753333,5.3,6.2
ocsort,yolov8s.pt,osnet_x1_0_market1501.pt,3,171.284506,5.856666,5.5,6.3
ocsort,yolov8s.pt,osnet_x1_0_market1501.pt,4,159.539963,6.273333,6.2,6.4
ocsort,yolov8s.pt,osnet_x1_0_market1501.pt,5,157.643205,6.355555,6.1,7.9
ocsort,yolov8s.pt,osnet_x0_75_market1501.pt,1,168.694813,11.587878,5.6,198.0
ocsort,yolov8s.pt,osnet_x0_75_market1501.pt,2,183.860755,5.450000,5.2,5.9
ocsort,yolov8s.pt,osnet_x0_75_market1501.pt,3,170.479962,5.873333,5.5,6.3
ocsort,yolov8s.pt,osnet_x0_75_market1501.pt,4,158.830396,6.300000,6.2,6.4
ocsort,yolov8s.pt,osnet_x0_75_market1501.pt,5,153.586478,6.659259,6.2,12.7
ocsort,yolov8s.pt,osnet_x0_5_market1501.pt,1,167.697087,11.839393,5.6,205.2
ocsort,yolov8s.pt,osnet_x0_5_market1501.pt,2,171.643957,5.833333,5.3,6.1
ocsort,yolov8s.pt,osnet_x0_5_market1501.pt,3,169.399059,5.923333,5.5,6.4
ocsort,yolov8s.pt,osnet_x0_5_market1501.pt,4,158.318278,6.326666,6.1,6.8
ocsort,yolov8s.pt,osnet_x0_5_market1501.pt,5,156.674597,6.400000,6.2,8.6
ocsort,yolov8s.pt,osnet_x0_25_market1501.pt,1,168.302853,11.715151,5.6,201.6
ocsort,yolov8s.pt,osnet_x0_25_market1501.pt,2,175.184992,5.710000,5.2,5.9
ocsort,yolov8s.pt,osnet_x0_25_market1501.pt,3,171.527237,5.840000,5.5,6.2
ocsort,yolov8s.pt,osnet_x0_25_market1501.pt,4,160.325953,6.240000,6.1,6.4
ocsort,yolov8s.pt,osnet_x0_25_market1501.pt,5,158.162134,6.340740,6.1,8.1
ocsort,yolov8s.pt,clip_market1501.pt,1,167.867410,11.433333,5.6,192.1
ocsort,yolov8s.pt,clip_market1501.pt,2,172.487708,5.803333,5.2,6.1
ocsort,yolov8s.pt,clip_market1501.pt,3,171.930742,5.833333,5.5,6.3
ocsort,yolov8s.pt,clip_market1501.pt,4,160.339740,6.230000,6.2,6.4
ocsort,yolov8s.pt,clip_market1501.pt,5,158.902239,6.303703,6.1,7.8
ocsort,yolov8s.pt,lmbn_n_market.pt,1,168.492132,11.639393,5.5,199.4
ocsort,yolov8s.pt,lmbn_n_market.pt,2,175.495803,5.700000,5.6,6.0
ocsort,yolov8s.pt,lmbn_n_market.pt,3,170.036031,5.886666,5.5,6.3
ocsort,yolov8s.pt,lmbn_n_market.pt,4,158.593496,6.310000,6.2,6.4
ocsort,yolov8s.pt,lmbn_n_market.pt,5,157.145932,6.385185,6.1,8.3
ocsort,yolov8s.pt,clip_market1501.pt,1,168.411933,11.445454,5.6,193.1
ocsort,yolov8s.pt,clip_market1501.pt,2,172.976415,5.790000,5.2,5.9
ocsort,yolov8s.pt,clip_market1501.pt,3,171.471201,5.846666,5.5,6.3
ocsort,yolov8s.pt,clip_market1501.pt,4,159.597536,6.276666,6.2,6.7
ocsort,yolov8s.pt,clip_market1501.pt,5,158.617681,6.318518,6.1,8.0
ocsort,yolov8s.pt,osnet_ibn_x1_0_msmt17.pt,1,169.339750,11.572727,5.3,198.2
ocsort,yolov8s.pt,osnet_ibn_x1_0_msmt17.pt,2,183.821300,5.443333,5.3,5.7
ocsort,yolov8s.pt,osnet_ibn_x1_0_msmt17.pt,3,170.821594,5.856666,5.5,6.3
ocsort,yolov8s.pt,osnet_ibn_x1_0_msmt17.pt,4,160.587016,6.230000,6.2,6.5
ocsort,yolov8s.pt,osnet_ibn_x1_0_msmt17.pt,5,158.956131,6.300000,6.1,8.2
ocsort,yolov8s.pt,osnet_ain_x1_0_msmt17.pt,1,169.195532,11.500000,5.5,195.8
ocsort,yolov8s.pt,osnet_ain_x1_0_msmt17.pt,2,187.373139,5.343333,5.2,5.5
ocsort,yolov8s.pt,osnet_ain_x1_0_msmt17.pt,3,171.694556,5.833333,5.5,6.3
ocsort,yolov8s.pt,osnet_ain_x1_0_msmt17.pt,4,160.683950,6.223333,6.2,6.3
ocsort,yolov8s.pt,osnet_ain_x1_0_msmt17.pt,5,159.316474,6.281481,6.1,7.9
ocsort,yolov8m.pt,osnet_x1_0_market1501.pt,1,108.793279,14.645454,8.4,196.7
ocsort,yolov8m.pt,osnet_x1_0_market1501.pt,2,116.904458,8.566666,8.5,9.0
ocsort,yolov8m.pt,osnet_x1_0_market1501.pt,3,111.222324,8.993333,8.7,9.3
ocsort,yolov8m.pt,osnet_x1_0_market1501.pt,4,107.198165,9.326666,9.2,9.5
ocsort,yolov8m.pt,osnet_x1_0_market1501.pt,5,106.382916,9.403703,9.2,11.0
ocsort,yolov8m.pt,osnet_x0_75_market1501.pt,1,104.321460,15.154545,8.5,201.8
ocsort,yolov8m.pt,osnet_x0_75_market1501.pt,2,116.394873,8.603333,8.5,8.9
ocsort,yolov8m.pt,osnet_x0_75_market1501.pt,3,110.215648,9.070000,8.7,9.6
ocsort,yolov8m.pt,osnet_x0_75_market1501.pt,4,106.016832,9.433333,9.4,9.6
ocsort,yolov8m.pt,osnet_x0_75_market1501.pt,5,104.680430,9.570370,9.4,11.4
ocsort,yolov8m.pt,osnet_x0_5_market1501.pt,1,107.345850,14.939393,8.7,203.0
ocsort,yolov8m.pt,osnet_x0_5_market1501.pt,2,116.356229,8.590000,8.5,8.8
ocsort,yolov8m.pt,osnet_x0_5_market1501.pt,3,107.284920,9.416666,8.7,13.5
ocsort,yolov8m.pt,osnet_x0_5_market1501.pt,4,107.003321,9.350000,9.3,9.5
ocsort,yolov8m.pt,osnet_x0_5_market1501.pt,5,105.593922,9.496296,9.2,12.3
ocsort,yolov8m.pt,osnet_x0_25_market1501.pt,1,105.850997,15.284848,8.4,210.3
ocsort,yolov8m.pt,osnet_x0_25_market1501.pt,2,117.003832,8.550000,8.4,8.8
ocsort,yolov8m.pt,osnet_x0_25_market1501.pt,3,111.053306,9.016666,8.7,9.4
ocsort,yolov8m.pt,osnet_x0_25_market1501.pt,4,106.750581,9.370000,9.3,9.5
ocsort,yolov8m.pt,osnet_x0_25_market1501.pt,5,105.056618,9.559259,9.3,13.2
ocsort,yolov8m.pt,clip_market1501.pt,1,103.378129,15.403030,8.6,207.6
ocsort,yolov8m.pt,clip_market1501.pt,2,116.412190,8.593333,8.5,8.9
ocsort,yolov8m.pt,clip_market1501.pt,3,110.214696,9.076666,8.7,9.5
ocsort,yolov8m.pt,clip_market1501.pt,4,105.984195,9.433333,9.4,9.6
ocsort,yolov8m.pt,clip_market1501.pt,5,103.564633,9.811111,9.3,18.4
ocsort,yolov8m.pt,lmbn_n_market.pt,1,107.871254,14.812121,8.5,200.1
ocsort,yolov8m.pt,lmbn_n_market.pt,2,116.521153,8.580000,8.5,8.8
ocsort,yolov8m.pt,lmbn_n_market.pt,3,110.944041,9.030000,8.7,9.5
ocsort,yolov8m.pt,lmbn_n_market.pt,4,106.813451,9.363333,9.3,9.5
ocsort,yolov8m.pt,lmbn_n_market.pt,5,105.844818,9.451851,9.2,11.2
ocsort,yolov8m.pt,clip_market1501.pt,1,105.895261,14.912121,8.4,198.1
ocsort,yolov8m.pt,clip_market1501.pt,2,117.059497,8.540000,8.4,8.8
ocsort,yolov8m.pt,clip_market1501.pt,3,111.092516,9.020000,8.7,9.4
ocsort,yolov8m.pt,clip_market1501.pt,4,107.147371,9.333333,9.2,9.5
ocsort,yolov8m.pt,clip_market1501.pt,5,105.902938,9.451851,9.3,11.2
ocsort,yolov8m.pt,osnet_ibn_x1_0_msmt17.pt,1,103.597137,15.139393,8.6,199.3
ocsort,yolov8m.pt,osnet_ibn_x1_0_msmt17.pt,2,116.288324,8.610000,8.5,8.9
ocsort,yolov8m.pt,osnet_ibn_x1_0_msmt17.pt,3,110.362092,9.073333,8.8,9.5
ocsort,yolov8m.pt,osnet_ibn_x1_0_msmt17.pt,4,106.386702,9.403333,9.3,9.5
ocsort,yolov8m.pt,osnet_ibn_x1_0_msmt17.pt,5,105.063474,9.529629,9.3,11.4
ocsort,yolov8m.pt,osnet_ain_x1_0_msmt17.pt,1,109.058566,14.648484,8.3,197.2
ocsort,yolov8m.pt,osnet_ain_x1_0_msmt17.pt,2,116.690377,8.563333,8.4,8.8
ocsort,yolov8m.pt,osnet_ain_x1_0_msmt17.pt,3,111.128340,8.993333,8.7,9.4
ocsort,yolov8m.pt,osnet_ain_x1_0_msmt17.pt,4,106.802309,9.363333,9.3,9.5
ocsort,yolov8m.pt,osnet_ain_x1_0_msmt17.pt,5,105.935287,9.448148,9.2,11.6
ocsort,yolov8l.pt,osnet_x1_0_market1501.pt,1,64.751160,20.930303,13.9,208.9
ocsort,yolov8l.pt,osnet_x1_0_market1501.pt,2,70.591115,14.170000,14.0,14.4
ocsort,yolov8l.pt,osnet_x1_0_market1501.pt,3,68.193434,14.673333,14.3,15.0
ocsort,yolov8l.pt,osnet_x1_0_market1501.pt,4,66.620597,15.013333,14.8,15.3
ocsort,yolov8l.pt,osnet_x1_0_market1501.pt,5,66.057678,15.140740,14.9,17.1
ocsort,yolov8l.pt,osnet_x0_75_market1501.pt,1,66.888504,20.151515,14.0,198.4
ocsort,yolov8l.pt,osnet_x0_75_market1501.pt,2,70.414277,14.193333,14.1,14.5
ocsort,yolov8l.pt,osnet_x0_75_market1501.pt,3,68.285773,14.640000,14.3,15.0
ocsort,yolov8l.pt,osnet_x0_75_market1501.pt,4,66.137403,15.120000,14.9,15.3
ocsort,yolov8l.pt,osnet_x0_75_market1501.pt,5,65.762434,15.214814,15.0,17.2
ocsort,yolov8l.pt,osnet_x0_5_market1501.pt,1,64.844883,20.821212,14.0,206.1
ocsort,yolov8l.pt,osnet_x0_5_market1501.pt,2,70.056814,14.283333,14.2,14.6
ocsort,yolov8l.pt,osnet_x0_5_market1501.pt,3,67.838586,14.743333,14.4,15.1
ocsort,yolov8l.pt,osnet_x0_5_market1501.pt,4,66.142516,15.116666,15.0,15.2
ocsort,yolov8l.pt,osnet_x0_5_market1501.pt,5,65.904890,15.192592,15.0,17.6
ocsort,yolov8l.pt,osnet_x0_25_market1501.pt,1,64.856487,20.612121,14.0,199.2
ocsort,yolov8l.pt,osnet_x0_25_market1501.pt,2,70.183261,14.246666,14.1,14.6
ocsort,yolov8l.pt,osnet_x0_25_market1501.pt,3,67.744737,14.763333,14.4,15.2
ocsort,yolov8l.pt,osnet_x0_25_market1501.pt,4,66.051190,15.130000,15.0,15.3
ocsort,yolov8l.pt,osnet_x0_25_market1501.pt,5,65.650184,15.244444,15.0,17.2
ocsort,yolov8l.pt,clip_market1501.pt,1,66.483840,20.460606,14.0,206.1
ocsort,yolov8l.pt,clip_market1501.pt,2,70.177776,14.253333,14.1,14.5
ocsort,yolov8l.pt,clip_market1501.pt,3,67.837091,14.746666,14.4,15.2
ocsort,yolov8l.pt,clip_market1501.pt,4,66.184826,15.103333,14.9,15.3
ocsort,yolov8l.pt,clip_market1501.pt,5,65.811040,15.203703,15.0,16.7
ocsort,yolov8l.pt,lmbn_n_market.pt,1,65.347188,20.515151,14.0,199.3
ocsort,yolov8l.pt,lmbn_n_market.pt,2,70.459067,14.203333,14.0,14.5
ocsort,yolov8l.pt,lmbn_n_market.pt,3,67.888726,14.733333,14.4,15.1
ocsort,yolov8l.pt,lmbn_n_market.pt,4,66.373039,15.060000,14.8,15.6
ocsort,yolov8l.pt,lmbn_n_market.pt,5,66.013654,15.151851,14.9,17.1
ocsort,yolov8l.pt,clip_market1501.pt,1,66.665747,20.236363,14.0,199.7
ocsort,yolov8l.pt,clip_market1501.pt,2,69.973862,14.293333,14.2,14.6
ocsort,yolov8l.pt,clip_market1501.pt,3,67.782753,14.756666,14.5,15.1
ocsort,yolov8l.pt,clip_market1501.pt,4,66.105540,15.136666,15.0,15.3
ocsort,yolov8l.pt,clip_market1501.pt,5,65.756368,15.222222,15.0,16.7
ocsort,yolov8l.pt,osnet_ibn_x1_0_msmt17.pt,1,64.829433,20.642424,14.1,199.6
ocsort,yolov8l.pt,osnet_ibn_x1_0_msmt17.pt,2,70.046288,14.280000,14.2,14.5
ocsort,yolov8l.pt,osnet_ibn_x1_0_msmt17.pt,3,67.605227,14.796666,14.4,15.3
ocsort,yolov8l.pt,osnet_ibn_x1_0_msmt17.pt,4,66.068070,15.143333,15.0,15.3
ocsort,yolov8l.pt,osnet_ibn_x1_0_msmt17.pt,5,65.310081,15.355555,15.0,19.8
ocsort,yolov8l.pt,osnet_ain_x1_0_msmt17.pt,1,66.126712,20.490909,14.0,204.8
ocsort,yolov8l.pt,osnet_ain_x1_0_msmt17.pt,2,70.014578,14.280000,14.1,14.6
ocsort,yolov8l.pt,osnet_ain_x1_0_msmt17.pt,3,67.714828,14.776666,14.4,15.2
ocsort,yolov8l.pt,osnet_ain_x1_0_msmt17.pt,4,66.066436,15.136666,15.0,15.3
ocsort,yolov8l.pt,osnet_ain_x1_0_msmt17.pt,5,65.555239,15.259259,15.0,17.5
ocsort,yolov8x.pt,osnet_x1_0_market1501.pt,1,50.976693,24.400000,18.7,194.1
ocsort,yolov8x.pt,osnet_x1_0_market1501.pt,2,52.416206,19.083333,18.8,19.4
ocsort,yolov8x.pt,osnet_x1_0_market1501.pt,3,51.441631,19.440000,19.2,20.0
ocsort,yolov8x.pt,osnet_x1_0_market1501.pt,4,50.349654,19.866666,19.7,20.1
ocsort,yolov8x.pt,osnet_x1_0_market1501.pt,5,50.113654,19.966666,19.7,22.6
ocsort,yolov8x.pt,osnet_x0_75_market1501.pt,1,50.895185,24.536363,18.7,197.8
ocsort,yolov8x.pt,osnet_x0_75_market1501.pt,2,52.323296,19.106666,18.9,19.7
ocsort,yolov8x.pt,osnet_x0_75_market1501.pt,3,51.432394,19.450000,19.0,19.8
ocsort,yolov8x.pt,osnet_x0_75_market1501.pt,4,50.421066,19.823333,19.7,20.3
ocsort,yolov8x.pt,osnet_x0_75_market1501.pt,5,50.293896,19.885185,19.7,21.9
ocsort,yolov8x.pt,osnet_x0_5_market1501.pt,1,51.138171,24.393939,18.6,196.1
ocsort,yolov8x.pt,osnet_x0_5_market1501.pt,2,52.143814,19.176666,18.8,19.6
ocsort,yolov8x.pt,osnet_x0_5_market1501.pt,3,51.500716,19.416666,19.0,19.8
ocsort,yolov8x.pt,osnet_x0_5_market1501.pt,4,50.417911,19.833333,19.6,20.1
ocsort,yolov8x.pt,osnet_x0_5_market1501.pt,5,50.208788,19.933333,19.7,22.6
ocsort,yolov8x.pt,osnet_x0_25_market1501.pt,1,50.431930,24.530303,18.7,191.5
ocsort,yolov8x.pt,osnet_x0_25_market1501.pt,2,52.207137,19.166666,18.8,19.7
ocsort,yolov8x.pt,osnet_x0_25_market1501.pt,3,50.733660,19.733333,19.3,22.8
ocsort,yolov8x.pt,osnet_x0_25_market1501.pt,4,50.079891,19.970000,19.7,20.1
ocsort,yolov8x.pt,osnet_x0_25_market1501.pt,5,50.037961,19.988888,19.8,22.0
ocsort,yolov8x.pt,clip_market1501.pt,1,50.084312,24.787878,18.8,195.9
ocsort,yolov8x.pt,clip_market1501.pt,2,51.966973,19.236666,18.9,19.8
ocsort,yolov8x.pt,clip_market1501.pt,3,50.984092,19.620000,19.4,19.9
ocsort,yolov8x.pt,clip_market1501.pt,4,49.890321,20.046666,19.7,20.3
ocsort,yolov8x.pt,clip_market1501.pt,5,49.985216,20.011111,19.8,21.6
ocsort,yolov8x.pt,lmbn_n_market.pt,1,50.151549,24.918181,18.7,200.5
ocsort,yolov8x.pt,lmbn_n_market.pt,2,52.306661,19.113333,18.7,19.7
ocsort,yolov8x.pt,lmbn_n_market.pt,3,51.110085,19.560000,19.3,20.1
ocsort,yolov8x.pt,lmbn_n_market.pt,4,50.095093,19.960000,19.6,20.4
ocsort,yolov8x.pt,lmbn_n_market.pt,5,50.111603,19.955555,19.8,21.3
ocsort,yolov8x.pt,clip_market1501.pt,1,50.129187,24.845454,18.8,198.4
ocsort,yolov8x.pt,clip_market1501.pt,2,52.243123,19.143333,18.8,19.8
ocsort,yolov8x.pt,clip_market1501.pt,3,50.979907,19.613333,19.4,20.0
ocsort,yolov8x.pt,clip_market1501.pt,4,50.017238,19.993333,19.7,20.3
ocsort,yolov8x.pt,clip_market1501.pt,5,50.054330,19.977777,19.8,21.8
ocsort,yolov8x.pt,osnet_ibn_x1_0_msmt17.pt,1,50.199576,24.606060,18.7,191.1
ocsort,yolov8x.pt,osnet_ibn_x1_0_msmt17.pt,2,52.189492,19.166666,18.9,19.7
ocsort,yolov8x.pt,osnet_ibn_x1_0_msmt17.pt,3,50.944905,19.633333,19.4,20.0
ocsort,yolov8x.pt,osnet_ibn_x1_0_msmt17.pt,4,49.920978,20.040000,19.7,20.2
ocsort,yolov8x.pt,osnet_ibn_x1_0_msmt17.pt,5,50.035460,20.000000,19.8,21.5
ocsort,yolov8x.pt,osnet_ain_x1_0_msmt17.pt,1,50.168386,24.715151,18.8,194.3
ocsort,yolov8x.pt,osnet_ain_x1_0_msmt17.pt,2,52.148165,19.173333,18.9,19.7
ocsort,yolov8x.pt,osnet_ain_x1_0_msmt17.pt,3,50.972168,19.620000,19.3,19.8
ocsort,yolov8x.pt,osnet_ain_x1_0_msmt17.pt,4,49.883372,20.046666,19.7,20.3
ocsort,yolov8x.pt,osnet_ain_x1_0_msmt17.pt,5,49.894825,20.051851,19.9,22.7
bytetrack,yolov8n.pt,osnet_x1_0_market1501.pt,1,232.579869,10.729032,4.0,206.8
bytetrack,yolov8n.pt,osnet_x1_0_market1501.pt,2,238.468332,4.193333,4.1,4.3
bytetrack,yolov8n.pt,osnet_x1_0_market1501.pt,3,229.822649,4.353333,4.2,4.5
bytetrack,yolov8n.pt,osnet_x1_0_market1501.pt,4,227.361712,4.400000,4.3,4.6
bytetrack,yolov8n.pt,osnet_x1_0_market1501.pt,5,221.866154,4.534482,4.3,6.4
bytetrack,yolov8n.pt,osnet_x0_75_market1501.pt,1,230.977108,10.641935,4.1,203.5
bytetrack,yolov8n.pt,osnet_x0_75_market1501.pt,2,236.388699,4.233333,4.1,4.4
bytetrack,yolov8n.pt,osnet_x0_75_market1501.pt,3,231.980790,4.316666,4.2,4.5
bytetrack,yolov8n.pt,osnet_x0_75_market1501.pt,4,227.525905,4.393333,4.2,4.5
bytetrack,yolov8n.pt,osnet_x0_75_market1501.pt,5,220.332694,4.572413,4.4,6.8
bytetrack,yolov8n.pt,osnet_x0_5_market1501.pt,1,232.978999,10.832258,4.0,210.8
bytetrack,yolov8n.pt,osnet_x0_5_market1501.pt,2,238.833754,4.183333,4.1,4.3
bytetrack,yolov8n.pt,osnet_x0_5_market1501.pt,3,235.909278,4.240000,4.1,4.4
bytetrack,yolov8n.pt,osnet_x0_5_market1501.pt,4,229.154253,4.370000,4.2,4.5
bytetrack,yolov8n.pt,osnet_x0_5_market1501.pt,5,222.675301,4.513793,4.3,6.5
bytetrack,yolov8n.pt,osnet_x0_25_market1501.pt,1,236.254072,10.651612,4.0,206.5
bytetrack,yolov8n.pt,osnet_x0_25_market1501.pt,2,240.268815,4.160000,4.1,4.3
bytetrack,yolov8n.pt,osnet_x0_25_market1501.pt,3,231.938824,4.303333,4.2,4.4
bytetrack,yolov8n.pt,osnet_x0_25_market1501.pt,4,231.090405,4.316666,4.2,4.4
bytetrack,yolov8n.pt,osnet_x0_25_market1501.pt,5,224.689304,4.486206,4.3,6.6
bytetrack,yolov8n.pt,clip_market1501.pt,1,226.628391,10.641935,4.1,201.4
bytetrack,yolov8n.pt,clip_market1501.pt,2,229.819133,4.346666,4.2,4.5
bytetrack,yolov8n.pt,clip_market1501.pt,3,222.021812,4.506666,4.4,4.7
bytetrack,yolov8n.pt,clip_market1501.pt,4,216.044362,4.623333,4.5,4.8
bytetrack,yolov8n.pt,clip_market1501.pt,5,211.810237,4.734482,4.5,6.6
bytetrack,yolov8n.pt,lmbn_n_market.pt,1,233.900467,10.677419,4.0,206.3
bytetrack,yolov8n.pt,lmbn_n_market.pt,2,240.525612,4.153333,4.1,4.2
bytetrack,yolov8n.pt,lmbn_n_market.pt,3,236.441402,4.233333,4.1,4.4
bytetrack,yolov8n.pt,lmbn_n_market.pt,4,231.634324,4.313333,4.2,4.5
bytetrack,yolov8n.pt,lmbn_n_market.pt,5,224.554794,4.479310,4.3,6.6
bytetrack,yolov8n.pt,clip_market1501.pt,1,234.183540,10.629032,4.0,205.1
bytetrack,yolov8n.pt,clip_market1501.pt,2,241.018942,4.156666,4.1,4.5
bytetrack,yolov8n.pt,clip_market1501.pt,3,234.299565,4.273333,4.1,4.5
bytetrack,yolov8n.pt,clip_market1501.pt,4,233.284762,4.286666,4.1,4.4
bytetrack,yolov8n.pt,clip_market1501.pt,5,216.452298,4.648275,4.4,6.7
bytetrack,yolov8n.pt,osnet_ibn_x1_0_msmt17.pt,1,233.088098,10.470967,4.0,199.6
bytetrack,yolov8n.pt,osnet_ibn_x1_0_msmt17.pt,2,239.620793,4.173333,4.1,4.3
bytetrack,yolov8n.pt,osnet_ibn_x1_0_msmt17.pt,3,231.562268,4.323333,4.1,4.6
bytetrack,yolov8n.pt,osnet_ibn_x1_0_msmt17.pt,4,229.613073,4.353333,4.2,4.5
bytetrack,yolov8n.pt,osnet_ibn_x1_0_msmt17.pt,5,224.503649,4.482758,4.3,6.5
bytetrack,yolov8n.pt,osnet_ain_x1_0_msmt17.pt,1,234.179702,10.409677,4.0,198.4
bytetrack,yolov8n.pt,osnet_ain_x1_0_msmt17.pt,2,241.192590,4.146666,4.0,4.2
bytetrack,yolov8n.pt,osnet_ain_x1_0_msmt17.pt,3,237.651575,4.206666,4.1,4.3
bytetrack,yolov8n.pt,osnet_ain_x1_0_msmt17.pt,4,231.724361,4.320000,4.2,4.4
bytetrack,yolov8n.pt,osnet_ain_x1_0_msmt17.pt,5,226.126268,4.455172,4.2,6.6
bytetrack,yolov8s.pt,osnet_x1_0_market1501.pt,1,173.525075,11.738709,5.5,195.9
bytetrack,yolov8s.pt,osnet_x1_0_market1501.pt,2,183.559127,5.446666,5.0,5.7
bytetrack,yolov8s.pt,osnet_x1_0_market1501.pt,3,188.705691,5.306666,5.2,5.6
bytetrack,yolov8s.pt,osnet_x1_0_market1501.pt,4,185.940638,5.373333,5.3,5.5
bytetrack,yolov8s.pt,osnet_x1_0_market1501.pt,5,181.863801,5.527586,5.3,8.2
bytetrack,yolov8s.pt,osnet_x0_75_market1501.pt,1,173.343785,11.751612,5.3,196.3
bytetrack,yolov8s.pt,osnet_x0_75_market1501.pt,2,195.078124,5.130000,5.1,5.3
bytetrack,yolov8s.pt,osnet_x0_75_market1501.pt,3,189.292520,5.280000,5.2,5.4
bytetrack,yolov8s.pt,osnet_x0_75_market1501.pt,4,184.980534,5.416666,5.3,5.7
bytetrack,yolov8s.pt,osnet_x0_75_market1501.pt,5,181.572248,5.520689,5.4,7.6
bytetrack,yolov8s.pt,osnet_x0_5_market1501.pt,1,172.852220,11.929032,5.5,201.3
bytetrack,yolov8s.pt,osnet_x0_5_market1501.pt,2,183.886487,5.443333,5.0,5.7
bytetrack,yolov8s.pt,osnet_x0_5_market1501.pt,3,189.000785,5.300000,5.2,5.4
bytetrack,yolov8s.pt,osnet_x0_5_market1501.pt,4,185.700415,5.376666,5.3,5.5
bytetrack,yolov8s.pt,osnet_x0_5_market1501.pt,5,181.643543,5.520689,5.3,7.4
bytetrack,yolov8s.pt,osnet_x0_25_market1501.pt,1,171.554118,11.832258,5.5,197.1
bytetrack,yolov8s.pt,osnet_x0_25_market1501.pt,2,192.025572,5.213333,5.0,5.7
bytetrack,yolov8s.pt,osnet_x0_25_market1501.pt,3,187.635324,5.330000,5.3,5.5
bytetrack,yolov8s.pt,osnet_x0_25_market1501.pt,4,183.561037,5.453333,5.4,5.5
bytetrack,yolov8s.pt,osnet_x0_25_market1501.pt,5,178.950479,5.613793,5.4,7.8
bytetrack,yolov8s.pt,clip_market1501.pt,1,172.287526,11.622580,5.5,191.2
bytetrack,yolov8s.pt,clip_market1501.pt,2,181.096797,5.520000,5.0,5.7
bytetrack,yolov8s.pt,clip_market1501.pt,3,188.820301,5.300000,5.2,5.4
bytetrack,yolov8s.pt,clip_market1501.pt,4,185.918420,5.376666,5.3,5.4
bytetrack,yolov8s.pt,clip_market1501.pt,5,181.396639,5.520689,5.4,7.3
bytetrack,yolov8s.pt,lmbn_n_market.pt,1,173.103269,11.548387,5.4,190.0
bytetrack,yolov8s.pt,lmbn_n_market.pt,2,184.286848,5.440000,5.0,5.8
bytetrack,yolov8s.pt,lmbn_n_market.pt,3,189.435342,5.286666,5.2,5.4
bytetrack,yolov8s.pt,lmbn_n_market.pt,4,185.655265,5.380000,5.3,5.5
bytetrack,yolov8s.pt,lmbn_n_market.pt,5,182.163339,5.513793,5.4,7.4
bytetrack,yolov8s.pt,clip_market1501.pt,1,170.822201,11.761290,5.5,193.8
bytetrack,yolov8s.pt,clip_market1501.pt,2,179.733270,5.573333,5.1,5.7
bytetrack,yolov8s.pt,clip_market1501.pt,3,186.964707,5.343333,5.3,5.5
bytetrack,yolov8s.pt,clip_market1501.pt,4,183.433097,5.450000,5.4,5.6
bytetrack,yolov8s.pt,clip_market1501.pt,5,178.765931,5.610344,5.4,7.7
bytetrack,yolov8s.pt,osnet_ibn_x1_0_msmt17.pt,1,172.126109,11.774193,5.5,196.0
bytetrack,yolov8s.pt,osnet_ibn_x1_0_msmt17.pt,2,187.046685,5.350000,5.1,5.7
bytetrack,yolov8s.pt,osnet_ibn_x1_0_msmt17.pt,3,187.678025,5.326666,5.3,5.4
bytetrack,yolov8s.pt,osnet_ibn_x1_0_msmt17.pt,4,183.830643,5.440000,5.3,5.6
bytetrack,yolov8s.pt,osnet_ibn_x1_0_msmt17.pt,5,179.172788,5.610344,5.4,7.8
bytetrack,yolov8s.pt,osnet_ain_x1_0_msmt17.pt,1,172.439591,11.638709,5.5,192.1
bytetrack,yolov8s.pt,osnet_ain_x1_0_msmt17.pt,2,196.537801,5.090000,5.0,5.2
bytetrack,yolov8s.pt,osnet_ain_x1_0_msmt17.pt,3,188.454144,5.316666,5.2,5.4
bytetrack,yolov8s.pt,osnet_ain_x1_0_msmt17.pt,4,184.512613,5.413333,5.3,5.6
bytetrack,yolov8s.pt,osnet_ain_x1_0_msmt17.pt,5,181.472648,5.524137,5.4,7.1
bytetrack,yolov8m.pt,osnet_x1_0_market1501.pt,1,108.149242,15.041935,8.3,196.5
bytetrack,yolov8m.pt,osnet_x1_0_market1501.pt,2,119.253876,8.383333,8.3,8.8
bytetrack,yolov8m.pt,osnet_x1_0_market1501.pt,3,117.171105,8.523333,8.4,8.6
bytetrack,yolov8m.pt,osnet_x1_0_market1501.pt,4,115.744465,8.643333,8.6,8.8
bytetrack,yolov8m.pt,osnet_x1_0_market1501.pt,5,113.495450,8.824137,8.6,10.8
bytetrack,yolov8m.pt,osnet_x0_75_market1501.pt,1,108.259157,14.964516,8.2,194.5
bytetrack,yolov8m.pt,osnet_x0_75_market1501.pt,2,120.000913,8.333333,8.3,8.5
bytetrack,yolov8m.pt,osnet_x0_75_market1501.pt,3,117.924027,8.483333,8.4,8.6
bytetrack,yolov8m.pt,osnet_x0_75_market1501.pt,4,116.489820,8.573333,8.5,8.7
bytetrack,yolov8m.pt,osnet_x0_75_market1501.pt,5,114.150212,8.772413,8.5,10.9
bytetrack,yolov8m.pt,osnet_x0_5_market1501.pt,1,108.698768,15.187096,8.2,202.5
bytetrack,yolov8m.pt,osnet_x0_5_market1501.pt,2,119.502651,8.370000,8.3,8.5
bytetrack,yolov8m.pt,osnet_x0_5_market1501.pt,3,117.088128,8.543333,8.4,8.6
bytetrack,yolov8m.pt,osnet_x0_5_market1501.pt,4,115.781179,8.636666,8.5,8.8
bytetrack,yolov8m.pt,osnet_x0_5_market1501.pt,5,113.951187,8.796551,8.6,10.3
bytetrack,yolov8m.pt,osnet_x0_25_market1501.pt,1,107.669416,15.012903,8.2,194.3
bytetrack,yolov8m.pt,osnet_x0_25_market1501.pt,2,119.943665,8.326666,8.2,8.5
bytetrack,yolov8m.pt,osnet_x0_25_market1501.pt,3,117.526129,8.506666,8.4,8.8
bytetrack,yolov8m.pt,osnet_x0_25_market1501.pt,4,116.178489,8.600000,8.5,8.8
bytetrack,yolov8m.pt,osnet_x0_25_market1501.pt,5,113.783456,8.800000,8.6,10.8
bytetrack,yolov8m.pt,clip_market1501.pt,1,110.032386,15.016129,8.2,200.1
bytetrack,yolov8m.pt,clip_market1501.pt,2,119.900168,8.346666,8.3,8.4
bytetrack,yolov8m.pt,clip_market1501.pt,3,118.079642,8.476666,8.4,8.6
bytetrack,yolov8m.pt,clip_market1501.pt,4,116.355314,8.600000,8.5,8.8
bytetrack,yolov8m.pt,clip_market1501.pt,5,115.104589,8.703448,8.5,10.7
bytetrack,yolov8m.pt,lmbn_n_market.pt,1,109.813788,15.316129,8.1,209.1
bytetrack,yolov8m.pt,lmbn_n_market.pt,2,120.123661,8.326666,8.2,8.5
bytetrack,yolov8m.pt,lmbn_n_market.pt,3,117.849503,8.483333,8.4,8.6
bytetrack,yolov8m.pt,lmbn_n_market.pt,4,116.633847,8.573333,8.5,8.6
bytetrack,yolov8m.pt,lmbn_n_market.pt,5,114.681002,8.737931,8.5,10.8
bytetrack,yolov8m.pt,clip_market1501.pt,1,109.833911,15.303225,8.2,208.4
bytetrack,yolov8m.pt,clip_market1501.pt,2,120.025028,8.326666,8.2,8.7
bytetrack,yolov8m.pt,clip_market1501.pt,3,117.752551,8.480000,8.4,8.6
bytetrack,yolov8m.pt,clip_market1501.pt,4,115.832042,8.630000,8.5,9.7
bytetrack,yolov8m.pt,clip_market1501.pt,5,114.306493,8.768965,8.6,10.9
bytetrack,yolov8m.pt,osnet_ibn_x1_0_msmt17.pt,1,109.656615,14.951612,8.2,197.5
bytetrack,yolov8m.pt,osnet_ibn_x1_0_msmt17.pt,2,119.210794,8.390000,8.3,8.5
bytetrack,yolov8m.pt,osnet_ibn_x1_0_msmt17.pt,3,117.356213,8.526666,8.4,8.6
bytetrack,yolov8m.pt,osnet_ibn_x1_0_msmt17.pt,4,115.790648,8.630000,8.5,8.7
bytetrack,yolov8m.pt,osnet_ibn_x1_0_msmt17.pt,5,114.046059,8.772413,8.6,10.7
bytetrack,yolov8m.pt,osnet_ain_x1_0_msmt17.pt,1,110.071933,15.022580,8.2,200.3
bytetrack,yolov8m.pt,osnet_ain_x1_0_msmt17.pt,2,119.160047,8.386666,8.3,8.5
bytetrack,yolov8m.pt,osnet_ain_x1_0_msmt17.pt,3,117.055981,8.536666,8.4,8.6
bytetrack,yolov8m.pt,osnet_ain_x1_0_msmt17.pt,4,115.725531,8.633333,8.5,8.7
bytetrack,yolov8m.pt,osnet_ain_x1_0_msmt17.pt,5,114.293487,8.758620,8.6,11.1
bytetrack,yolov8l.pt,osnet_x1_0_market1501.pt,1,66.436956,20.496774,13.8,196.2
bytetrack,yolov8l.pt,osnet_x1_0_market1501.pt,2,71.383503,14.006666,13.9,14.1
bytetrack,yolov8l.pt,osnet_x1_0_market1501.pt,3,70.354897,14.220000,14.1,14.5
bytetrack,yolov8l.pt,osnet_x1_0_market1501.pt,4,69.832840,14.323333,14.1,14.5
bytetrack,yolov8l.pt,osnet_x1_0_market1501.pt,5,69.451185,14.410344,14.2,16.5
bytetrack,yolov8l.pt,osnet_x0_75_market1501.pt,1,67.397388,20.309677,13.8,196.3
bytetrack,yolov8l.pt,osnet_x0_75_market1501.pt,2,71.555771,13.973333,13.8,14.2
bytetrack,yolov8l.pt,osnet_x0_75_market1501.pt,3,70.863101,14.106666,14.0,14.2
bytetrack,yolov8l.pt,osnet_x0_75_market1501.pt,4,70.255091,14.223333,14.1,14.4
bytetrack,yolov8l.pt,osnet_x0_75_market1501.pt,5,69.668033,14.375862,14.1,16.6
bytetrack,yolov8l.pt,osnet_x0_5_market1501.pt,1,66.029155,20.574193,13.8,195.2
bytetrack,yolov8l.pt,osnet_x0_5_market1501.pt,2,71.714110,13.953333,13.8,14.2
bytetrack,yolov8l.pt,osnet_x0_5_market1501.pt,3,70.446628,14.196666,14.0,14.4
bytetrack,yolov8l.pt,osnet_x0_5_market1501.pt,4,70.082518,14.263333,14.1,14.6
bytetrack,yolov8l.pt,osnet_x0_5_market1501.pt,5,69.593748,14.375862,14.2,16.0
bytetrack,yolov8l.pt,osnet_x0_25_market1501.pt,1,65.458584,20.993548,13.8,204.1
bytetrack,yolov8l.pt,osnet_x0_25_market1501.pt,2,71.345276,14.016666,13.9,14.1
bytetrack,yolov8l.pt,osnet_x0_25_market1501.pt,3,70.064332,14.270000,14.0,14.4
bytetrack,yolov8l.pt,osnet_x0_25_market1501.pt,4,69.764818,14.333333,14.2,14.5
bytetrack,yolov8l.pt,osnet_x0_25_market1501.pt,5,69.344730,14.427586,14.2,15.9
bytetrack,yolov8l.pt,clip_market1501.pt,1,65.980018,20.619354,13.8,196.7
bytetrack,yolov8l.pt,clip_market1501.pt,2,71.474883,13.990000,13.9,14.2
bytetrack,yolov8l.pt,clip_market1501.pt,3,70.310796,14.236666,14.1,15.5
bytetrack,yolov8l.pt,clip_market1501.pt,4,69.806541,14.340000,14.2,15.7
bytetrack,yolov8l.pt,clip_market1501.pt,5,69.530110,14.393103,14.2,16.8
bytetrack,yolov8l.pt,lmbn_n_market.pt,1,67.028697,20.477419,13.8,199.2
bytetrack,yolov8l.pt,lmbn_n_market.pt,2,71.691001,13.950000,13.8,14.2
bytetrack,yolov8l.pt,lmbn_n_market.pt,3,70.208302,14.250000,14.0,14.8
bytetrack,yolov8l.pt,lmbn_n_market.pt,4,70.039233,14.280000,14.1,14.4
bytetrack,yolov8l.pt,lmbn_n_market.pt,5,69.397651,14.427586,14.2,16.9
bytetrack,yolov8l.pt,clip_market1501.pt,1,66.014302,20.683870,13.9,198.5
bytetrack,yolov8l.pt,clip_market1501.pt,2,71.203299,14.050000,13.9,14.3
bytetrack,yolov8l.pt,clip_market1501.pt,3,69.987175,14.290000,14.1,14.5
bytetrack,yolov8l.pt,clip_market1501.pt,4,69.694452,14.346666,14.2,14.5
bytetrack,yolov8l.pt,clip_market1501.pt,5,68.964369,14.503448,14.3,16.2
bytetrack,yolov8l.pt,osnet_ibn_x1_0_msmt17.pt,1,66.008700,20.564516,13.8,194.7
bytetrack,yolov8l.pt,osnet_ibn_x1_0_msmt17.pt,2,71.268162,14.030000,13.8,14.6
bytetrack,yolov8l.pt,osnet_ibn_x1_0_msmt17.pt,3,70.475978,14.196666,14.0,14.4
bytetrack,yolov8l.pt,osnet_ibn_x1_0_msmt17.pt,4,69.720756,14.343333,14.1,15.4
bytetrack,yolov8l.pt,osnet_ibn_x1_0_msmt17.pt,5,69.419810,14.413793,14.2,16.7
bytetrack,yolov8l.pt,osnet_ain_x1_0_msmt17.pt,1,64.571805,21.103225,13.8,201.7
bytetrack,yolov8l.pt,osnet_ain_x1_0_msmt17.pt,2,71.528099,13.973333,13.9,14.2
bytetrack,yolov8l.pt,osnet_ain_x1_0_msmt17.pt,3,70.343903,14.223333,14.1,14.4
bytetrack,yolov8l.pt,osnet_ain_x1_0_msmt17.pt,4,69.955763,14.290000,14.2,14.5
bytetrack,yolov8l.pt,osnet_ain_x1_0_msmt17.pt,5,69.321069,14.434482,14.2,17.0
bytetrack,yolov8x.pt,osnet_x1_0_market1501.pt,1,50.722318,24.558064,18.3,185.9
bytetrack,yolov8x.pt,osnet_x1_0_market1501.pt,2,53.310854,18.763333,18.6,19.3
bytetrack,yolov8x.pt,osnet_x1_0_market1501.pt,3,52.508187,19.053333,18.7,19.4
bytetrack,yolov8x.pt,osnet_x1_0_market1501.pt,4,51.877408,19.303333,18.6,21.4
bytetrack,yolov8x.pt,osnet_x1_0_market1501.pt,5,51.998359,19.231034,18.9,21.0
bytetrack,yolov8x.pt,osnet_x0_75_market1501.pt,1,51.060925,24.732258,18.4,195.6
bytetrack,yolov8x.pt,osnet_x0_75_market1501.pt,2,52.941798,18.900000,18.6,19.4
bytetrack,yolov8x.pt,osnet_x0_75_market1501.pt,3,52.448624,19.073333,18.8,19.4
bytetrack,yolov8x.pt,osnet_x0_75_market1501.pt,4,51.955390,19.250000,19.0,19.5
bytetrack,yolov8x.pt,osnet_x0_75_market1501.pt,5,51.859242,19.296551,19.0,21.5
bytetrack,yolov8x.pt,osnet_x0_5_market1501.pt,1,50.948841,24.729032,18.5,193.9
bytetrack,yolov8x.pt,osnet_x0_5_market1501.pt,2,52.762325,18.953333,18.7,19.4
bytetrack,yolov8x.pt,osnet_x0_5_market1501.pt,3,52.410200,19.080000,18.8,19.5
bytetrack,yolov8x.pt,osnet_x0_5_market1501.pt,4,51.863518,19.286666,19.0,19.5
bytetrack,yolov8x.pt,osnet_x0_5_market1501.pt,5,51.803225,19.303448,19.0,21.3
bytetrack,yolov8x.pt,osnet_x0_25_market1501.pt,1,51.052845,24.519354,18.4,188.9
bytetrack,yolov8x.pt,osnet_x0_25_market1501.pt,2,53.055007,18.843333,18.5,19.2
bytetrack,yolov8x.pt,osnet_x0_25_market1501.pt,3,52.473747,19.063333,18.8,19.4
bytetrack,yolov8x.pt,osnet_x0_25_market1501.pt,4,52.105583,19.196666,18.8,19.5
bytetrack,yolov8x.pt,osnet_x0_25_market1501.pt,5,51.942781,19.272413,19.0,21.6
bytetrack,yolov8x.pt,clip_market1501.pt,1,50.997933,24.677419,18.3,193.1
bytetrack,yolov8x.pt,clip_market1501.pt,2,52.849335,18.926666,18.6,19.4
bytetrack,yolov8x.pt,clip_market1501.pt,3,52.266959,19.136666,18.8,19.5
bytetrack,yolov8x.pt,clip_market1501.pt,4,51.812631,19.306666,18.9,19.5
bytetrack,yolov8x.pt,clip_market1501.pt,5,51.717333,19.341379,19.2,21.0
bytetrack,yolov8x.pt,lmbn_n_market.pt,1,51.093459,24.593548,18.3,191.4
bytetrack,yolov8x.pt,lmbn_n_market.pt,2,53.088750,18.833333,18.6,19.2
bytetrack,yolov8x.pt,lmbn_n_market.pt,3,52.464600,19.066666,18.7,19.5
bytetrack,yolov8x.pt,lmbn_n_market.pt,4,52.010893,19.233333,18.9,19.9
bytetrack,yolov8x.pt,lmbn_n_market.pt,5,52.003664,19.237931,18.9,21.1
bytetrack,yolov8x.pt,clip_market1501.pt,1,50.810754,24.700000,18.6,191.7
bytetrack,yolov8x.pt,clip_market1501.pt,2,52.624046,19.006666,18.7,19.5
bytetrack,yolov8x.pt,clip_market1501.pt,3,52.229537,19.153333,18.9,19.5
bytetrack,yolov8x.pt,clip_market1501.pt,4,51.699616,19.350000,19.1,19.6
bytetrack,yolov8x.pt,clip_market1501.pt,5,51.645976,19.379310,19.0,21.2
bytetrack,yolov8x.pt,osnet_ibn_x1_0_msmt17.pt,1,50.938745,24.748387,18.6,194.6
bytetrack,yolov8x.pt,osnet_ibn_x1_0_msmt17.pt,2,52.677637,18.990000,18.7,19.4
bytetrack,yolov8x.pt,osnet_ibn_x1_0_msmt17.pt,3,52.264977,19.133333,18.8,19.5
bytetrack,yolov8x.pt,osnet_ibn_x1_0_msmt17.pt,4,51.629843,19.363333,19.1,19.6
bytetrack,yolov8x.pt,osnet_ibn_x1_0_msmt17.pt,5,51.685846,19.358620,19.0,21.5
bytetrack,yolov8x.pt,osnet_ain_x1_0_msmt17.pt,1,51.283013,24.700000,18.5,197.1
bytetrack,yolov8x.pt,osnet_ain_x1_0_msmt17.pt,2,52.929353,18.893333,18.6,19.4
bytetrack,yolov8x.pt,osnet_ain_x1_0_msmt17.pt,3,52.475764,19.066666,18.7,19.4
bytetrack,yolov8x.pt,osnet_ain_x1_0_msmt17.pt,4,51.988394,19.240000,18.9,19.6
bytetrack,yolov8x.pt,osnet_ain_x1_0_msmt17.pt,5,51.245490,19.555172,18.8,22.1
botsort,yolov8n.pt,osnet_x1_0_market1501.pt,1,76.261043,22.874193,11.0,316.2
botsort,yolov8n.pt,osnet_x1_0_market1501.pt,2,89.080960,11.603448,10.8,28.8
botsort,yolov8n.pt,osnet_x1_0_market1501.pt,3,76.049699,13.941935,11.7,34.5
botsort,yolov8n.pt,osnet_x1_0_market1501.pt,4,76.901877,13.490000,11.7,28.9
botsort,yolov8n.pt,osnet_x1_0_market1501.pt,5,76.393234,13.262068,12.1,19.3
botsort,yolov8n.pt,osnet_x0_75_market1501.pt,1,76.346352,22.629032,11.0,308.6
botsort,yolov8n.pt,osnet_x0_75_market1501.pt,2,89.120766,11.613793,10.8,29.2
botsort,yolov8n.pt,osnet_x0_75_market1501.pt,3,76.703381,13.835483,11.5,33.8
botsort,yolov8n.pt,osnet_x0_75_market1501.pt,4,77.088044,13.460000,11.7,28.5
botsort,yolov8n.pt,osnet_x0_75_market1501.pt,5,77.144978,13.131034,11.9,19.3
botsort,yolov8n.pt,osnet_x0_5_market1501.pt,1,76.052381,22.722580,11.2,310.0
botsort,yolov8n.pt,osnet_x0_5_market1501.pt,2,88.399692,11.710344,10.9,29.5
botsort,yolov8n.pt,osnet_x0_5_market1501.pt,3,75.359852,14.074193,11.7,34.7
botsort,yolov8n.pt,osnet_x0_5_market1501.pt,4,76.010113,13.643333,11.8,29.3
botsort,yolov8n.pt,osnet_x0_5_market1501.pt,5,76.206435,13.296551,12.1,19.5
botsort,yolov8n.pt,osnet_x0_25_market1501.pt,1,73.887489,24.041935,10.9,326.6
botsort,yolov8n.pt,osnet_x0_25_market1501.pt,2,88.678151,11.689655,10.8,29.8
botsort,yolov8n.pt,osnet_x0_25_market1501.pt,3,75.278389,14.096774,11.7,34.4
botsort,yolov8n.pt,osnet_x0_25_market1501.pt,4,76.061116,13.643333,11.8,29.4
botsort,yolov8n.pt,osnet_x0_25_market1501.pt,5,75.686483,13.400000,12.0,20.0
botsort,yolov8n.pt,clip_market1501.pt,1,77.003856,65.351612,10.6,1636.7
botsort,yolov8n.pt,clip_market1501.pt,2,74.035651,13.620689,13.1,21.8
botsort,yolov8n.pt,clip_market1501.pt,3,48.117655,21.058064,18.6,27.3
botsort,yolov8n.pt,clip_market1501.pt,4,42.266192,23.803333,22.1,30.0
botsort,yolov8n.pt,clip_market1501.pt,5,35.542710,28.262068,25.9,36.5
botsort,yolov8n.pt,lmbn_n_market.pt,1,44.005340,39.970967,17.3,535.3
botsort,yolov8n.pt,lmbn_n_market.pt,2,56.615693,17.982758,17.1,34.9
botsort,yolov8n.pt,lmbn_n_market.pt,3,49.707658,20.858064,18.2,43.1
botsort,yolov8n.pt,lmbn_n_market.pt,4,49.852759,20.500000,18.6,38.5
botsort,yolov8n.pt,lmbn_n_market.pt,5,49.382557,20.510344,18.7,31.0
botsort,yolov8n.pt,clip_market1501.pt,1,77.157728,65.358064,10.6,1637.6
botsort,yolov8n.pt,clip_market1501.pt,2,73.584918,13.696551,13.1,21.5
botsort,yolov8n.pt,clip_market1501.pt,3,50.004488,20.122580,18.7,26.5
botsort,yolov8n.pt,clip_market1501.pt,4,42.132948,23.980000,21.5,31.9
botsort,yolov8n.pt,clip_market1501.pt,5,35.350343,28.431034,25.9,33.4
botsort,yolov8n.pt,osnet_ibn_x1_0_msmt17.pt,1,69.987262,25.680645,11.2,352.1
botsort,yolov8n.pt,osnet_ibn_x1_0_msmt17.pt,2,87.098096,11.893103,11.0,29.5
botsort,yolov8n.pt,osnet_ibn_x1_0_msmt17.pt,3,74.081328,14.258064,11.9,33.8
botsort,yolov8n.pt,osnet_ibn_x1_0_msmt17.pt,4,75.680645,13.676666,11.7,28.5
botsort,yolov8n.pt,osnet_ibn_x1_0_msmt17.pt,5,73.995584,14.013793,12.1,29.3
botsort,yolov8n.pt,osnet_ain_x1_0_msmt17.pt,1,73.478150,23.632258,11.5,325.3
botsort,yolov8n.pt,osnet_ain_x1_0_msmt17.pt,2,85.337495,12.082758,11.4,28.8
botsort,yolov8n.pt,osnet_ain_x1_0_msmt17.pt,3,73.395928,14.409677,12.1,34.8
botsort,yolov8n.pt,osnet_ain_x1_0_msmt17.pt,4,74.125102,13.970000,12.2,29.3
botsort,yolov8n.pt,osnet_ain_x1_0_msmt17.pt,5,73.822581,13.720689,12.4,20.0
botsort,yolov8s.pt,osnet_x1_0_market1501.pt,1,68.494696,24.158064,12.4,313.1
botsort,yolov8s.pt,osnet_x1_0_market1501.pt,2,80.791354,12.765517,11.8,30.7
botsort,yolov8s.pt,osnet_x1_0_market1501.pt,3,70.037882,15.045161,12.8,35.3
botsort,yolov8s.pt,osnet_x1_0_market1501.pt,4,70.847628,14.566666,12.7,29.8
botsort,yolov8s.pt,osnet_x1_0_market1501.pt,5,70.573706,14.403448,13.0,21.2
botsort,yolov8s.pt,osnet_x0_75_market1501.pt,1,64.523722,25.693548,12.4,313.5
botsort,yolov8s.pt,osnet_x0_75_market1501.pt,2,79.272415,13.041379,11.6,30.4
botsort,yolov8s.pt,osnet_x0_75_market1501.pt,3,64.667804,17.209677,12.6,37.8
botsort,yolov8s.pt,osnet_x0_75_market1501.pt,4,72.027866,14.330000,12.6,28.9
botsort,yolov8s.pt,osnet_x0_75_market1501.pt,5,71.107777,14.241379,12.9,20.3
botsort,yolov8s.pt,osnet_x0_5_market1501.pt,1,68.189909,24.180645,12.5,312.1
botsort,yolov8s.pt,osnet_x0_5_market1501.pt,2,79.687748,12.934482,12.0,30.7
botsort,yolov8s.pt,osnet_x0_5_market1501.pt,3,69.511207,15.319354,12.6,34.3
botsort,yolov8s.pt,osnet_x0_5_market1501.pt,4,71.132520,14.510000,12.9,29.1
botsort,yolov8s.pt,osnet_x0_5_market1501.pt,5,70.810753,14.286206,13.0,20.5
botsort,yolov8s.pt,osnet_x0_25_market1501.pt,1,66.703460,24.780645,12.5,311.2
botsort,yolov8s.pt,osnet_x0_25_market1501.pt,2,79.138017,12.965517,12.2,29.2
botsort,yolov8s.pt,osnet_x0_25_market1501.pt,3,69.527915,15.174193,12.9,36.0
botsort,yolov8s.pt,osnet_x0_25_market1501.pt,4,70.243074,14.716666,12.9,30.1
botsort,yolov8s.pt,osnet_x0_25_market1501.pt,5,70.216812,14.413793,13.2,21.1
botsort,yolov8s.pt,clip_market1501.pt,1,71.274290,68.219354,11.8,1695.5
botsort,yolov8s.pt,clip_market1501.pt,2,67.497231,14.924137,14.2,22.9
botsort,yolov8s.pt,clip_market1501.pt,3,46.160918,21.796774,20.3,28.6
botsort,yolov8s.pt,clip_market1501.pt,4,39.764716,25.323333,23.5,33.1
botsort,yolov8s.pt,clip_market1501.pt,5,33.147376,30.379310,27.0,39.3
botsort,yolov8s.pt,lmbn_n_market.pt,1,47.786805,34.329032,18.6,448.5
botsort,yolov8s.pt,lmbn_n_market.pt,2,53.188458,19.106896,18.2,36.5
botsort,yolov8s.pt,lmbn_n_market.pt,3,48.327265,21.361290,19.0,42.6
botsort,yolov8s.pt,lmbn_n_market.pt,4,48.764370,20.903333,19.2,37.8
botsort,yolov8s.pt,lmbn_n_market.pt,5,48.925240,20.558620,19.3,26.6
botsort,yolov8s.pt,clip_market1501.pt,1,70.354268,67.341935,11.6,1659.6
botsort,yolov8s.pt,clip_market1501.pt,2,67.567131,14.889655,14.2,22.3
botsort,yolov8s.pt,clip_market1501.pt,3,46.743423,21.506451,20.1,28.0
botsort,yolov8s.pt,clip_market1501.pt,4,39.845371,25.230000,23.2,31.6
botsort,yolov8s.pt,clip_market1501.pt,5,33.468799,30.034482,26.8,38.6
botsort,yolov8s.pt,osnet_ibn_x1_0_msmt17.pt,1,67.592015,24.461290,12.7,317.4
botsort,yolov8s.pt,osnet_ibn_x1_0_msmt17.pt,2,79.495593,12.931034,12.0,29.8
botsort,yolov8s.pt,osnet_ibn_x1_0_msmt17.pt,3,69.215368,15.200000,12.9,35.3
botsort,yolov8s.pt,osnet_ibn_x1_0_msmt17.pt,4,70.040121,14.726666,12.9,29.9
botsort,yolov8s.pt,osnet_ibn_x1_0_msmt17.pt,5,69.982427,14.451724,13.3,20.5
botsort,yolov8s.pt,osnet_ain_x1_0_msmt17.pt,1,66.430844,24.819354,12.9,320.9
botsort,yolov8s.pt,osnet_ain_x1_0_msmt17.pt,2,77.762054,13.237931,12.2,30.8
botsort,yolov8s.pt,osnet_ain_x1_0_msmt17.pt,3,68.159393,15.432258,13.1,35.7
botsort,yolov8s.pt,osnet_ain_x1_0_msmt17.pt,4,68.943073,14.950000,13.2,30.2
botsort,yolov8s.pt,osnet_ain_x1_0_msmt17.pt,5,69.065073,14.634482,13.4,20.6
botsort,yolov8m.pt,osnet_x1_0_market1501.pt,1,45.013704,33.200000,16.3,348.1
botsort,yolov8m.pt,osnet_x1_0_market1501.pt,2,64.179601,15.941379,15.1,33.9
botsort,yolov8m.pt,osnet_x1_0_market1501.pt,3,57.348273,18.090322,15.8,37.5
botsort,yolov8m.pt,osnet_x1_0_market1501.pt,4,58.088798,17.613333,15.8,32.8
botsort,yolov8m.pt,osnet_x1_0_market1501.pt,5,58.106929,17.355172,16.1,23.4
botsort,yolov8m.pt,osnet_x0_75_market1501.pt,1,55.164688,27.312903,15.6,310.0
botsort,yolov8m.pt,osnet_x0_75_market1501.pt,2,64.166477,15.917241,15.0,33.2
botsort,yolov8m.pt,osnet_x0_75_market1501.pt,3,57.159003,18.229032,15.9,40.6
botsort,yolov8m.pt,osnet_x0_75_market1501.pt,4,57.873194,17.666666,15.9,32.4
botsort,yolov8m.pt,osnet_x0_75_market1501.pt,5,58.134922,17.331034,16.1,23.3
botsort,yolov8m.pt,osnet_x0_5_market1501.pt,1,54.909039,27.538709,15.5,311.0
botsort,yolov8m.pt,osnet_x0_5_market1501.pt,2,64.124827,15.931034,15.0,33.1
botsort,yolov8m.pt,osnet_x0_5_market1501.pt,3,56.582643,18.345161,15.9,38.4
botsort,yolov8m.pt,osnet_x0_5_market1501.pt,4,57.095463,17.920000,16.0,33.1
botsort,yolov8m.pt,osnet_x0_5_market1501.pt,5,57.355026,17.572413,16.2,23.5
botsort,yolov8m.pt,osnet_x0_25_market1501.pt,1,55.553373,26.938709,15.6,301.7
botsort,yolov8m.pt,osnet_x0_25_market1501.pt,2,64.143104,15.910344,15.0,32.6
botsort,yolov8m.pt,osnet_x0_25_market1501.pt,3,56.643391,18.277419,15.9,36.7
botsort,yolov8m.pt,osnet_x0_25_market1501.pt,4,57.394832,17.793333,15.9,31.8
botsort,yolov8m.pt,osnet_x0_25_market1501.pt,5,57.510425,17.527586,16.3,23.4
botsort,yolov8m.pt,clip_market1501.pt,1,57.425822,69.780645,15.1,1648.1
botsort,yolov8m.pt,clip_market1501.pt,2,54.815409,18.320689,17.8,25.3
botsort,yolov8m.pt,clip_market1501.pt,3,39.704120,25.300000,23.3,31.9
botsort,yolov8m.pt,clip_market1501.pt,4,34.540222,29.086666,27.1,36.1
botsort,yolov8m.pt,clip_market1501.pt,5,30.126827,33.293103,31.1,39.3
botsort,yolov8m.pt,lmbn_n_market.pt,1,40.552435,38.125806,21.6,457.8
botsort,yolov8m.pt,lmbn_n_market.pt,2,44.674446,22.644827,21.8,39.6
botsort,yolov8m.pt,lmbn_n_market.pt,3,41.270410,24.861290,22.4,46.5
botsort,yolov8m.pt,lmbn_n_market.pt,4,41.818430,24.263333,22.5,40.3
botsort,yolov8m.pt,lmbn_n_market.pt,5,42.045868,23.868965,22.7,30.1
botsort,yolov8m.pt,clip_market1501.pt,1,56.711418,71.677419,15.1,1698.5
botsort,yolov8m.pt,clip_market1501.pt,2,54.151673,18.575862,17.8,26.2
botsort,yolov8m.pt,clip_market1501.pt,3,39.556414,25.464516,23.6,37.3
botsort,yolov8m.pt,clip_market1501.pt,4,34.792205,28.850000,26.7,35.1
botsort,yolov8m.pt,clip_market1501.pt,5,30.149955,33.331034,30.4,41.6
botsort,yolov8m.pt,osnet_ibn_x1_0_msmt17.pt,1,54.568377,28.716129,15.5,339.3
botsort,yolov8m.pt,osnet_ibn_x1_0_msmt17.pt,2,63.692597,16.041379,15.2,33.6
botsort,yolov8m.pt,osnet_ibn_x1_0_msmt17.pt,3,53.164772,20.167741,16.0,38.6
botsort,yolov8m.pt,osnet_ibn_x1_0_msmt17.pt,4,57.150114,17.900000,16.2,33.2
botsort,yolov8m.pt,osnet_ibn_x1_0_msmt17.pt,5,57.334683,17.579310,16.3,23.7
botsort,yolov8m.pt,osnet_ain_x1_0_msmt17.pt,1,48.959175,31.535483,15.5,353.5
botsort,yolov8m.pt,osnet_ain_x1_0_msmt17.pt,2,62.885748,16.224137,15.3,33.2
botsort,yolov8m.pt,osnet_ain_x1_0_msmt17.pt,3,51.678589,20.645161,16.3,37.8
botsort,yolov8m.pt,osnet_ain_x1_0_msmt17.pt,4,51.981600,20.176666,16.4,36.6
botsort,yolov8m.pt,osnet_ain_x1_0_msmt17.pt,5,56.611217,17.806896,16.6,24.0
botsort,yolov8l.pt,osnet_x1_0_market1501.pt,1,41.793386,33.600000,20.6,325.8
botsort,yolov8l.pt,osnet_x1_0_market1501.pt,2,47.365802,21.376666,20.6,38.3
botsort,yolov8l.pt,osnet_x1_0_market1501.pt,3,43.203820,23.738709,21.4,44.3
botsort,yolov8l.pt,osnet_x1_0_market1501.pt,4,40.499875,25.443333,21.5,38.6
botsort,yolov8l.pt,osnet_x1_0_market1501.pt,5,43.609778,23.041379,21.8,29.5
botsort,yolov8l.pt,osnet_x0_75_market1501.pt,1,41.869215,33.863333,20.9,335.7
botsort,yolov8l.pt,osnet_x0_75_market1501.pt,2,47.066931,21.520000,20.7,38.3
botsort,yolov8l.pt,osnet_x0_75_market1501.pt,3,43.119385,23.845161,21.4,46.9
botsort,yolov8l.pt,osnet_x0_75_market1501.pt,4,43.485300,23.326666,21.6,38.5
botsort,yolov8l.pt,osnet_x0_75_market1501.pt,5,43.633274,23.027586,21.8,29.1
botsort,yolov8l.pt,osnet_x0_5_market1501.pt,1,40.718780,34.536666,20.7,327.3
botsort,yolov8l.pt,osnet_x0_5_market1501.pt,2,47.128485,21.520000,20.6,40.2
botsort,yolov8l.pt,osnet_x0_5_market1501.pt,3,42.998872,23.874193,21.4,44.8
botsort,yolov8l.pt,osnet_x0_5_market1501.pt,4,43.500578,23.350000,21.4,39.1
botsort,yolov8l.pt,osnet_x0_5_market1501.pt,5,43.631667,23.034482,21.7,29.4
botsort,yolov8l.pt,osnet_x0_25_market1501.pt,1,41.543196,33.156666,20.5,309.8
botsort,yolov8l.pt,osnet_x0_25_market1501.pt,2,47.263712,21.433333,20.6,38.9
botsort,yolov8l.pt,osnet_x0_25_market1501.pt,3,43.082756,23.787096,21.5,43.7
botsort,yolov8l.pt,osnet_x0_25_market1501.pt,4,43.460921,23.343333,21.5,38.1
botsort,yolov8l.pt,osnet_x0_25_market1501.pt,5,43.671515,23.003448,21.7,29.0
botsort,yolov8l.pt,clip_market1501.pt,1,42.436432,77.723333,20.8,1662.5
botsort,yolov8l.pt,clip_market1501.pt,2,41.281314,24.283333,23.6,31.4
botsort,yolov8l.pt,clip_market1501.pt,3,31.681519,31.648387,29.6,37.7
botsort,yolov8l.pt,clip_market1501.pt,4,28.287286,35.453333,33.5,42.6
botsort,yolov8l.pt,clip_market1501.pt,5,25.009972,40.100000,37.0,47.4
botsort,yolov8l.pt,lmbn_n_market.pt,1,32.664937,46.673333,27.4,533.5
botsort,yolov8l.pt,lmbn_n_market.pt,2,36.022837,27.966666,26.9,44.4
botsort,yolov8l.pt,lmbn_n_market.pt,3,33.718366,30.232258,27.8,52.1
botsort,yolov8l.pt,lmbn_n_market.pt,4,31.418392,32.966666,28.2,58.0
botsort,yolov8l.pt,lmbn_n_market.pt,5,33.638772,29.813793,28.5,36.1
botsort,yolov8l.pt,clip_market1501.pt,1,42.573447,77.943333,20.8,1671.9
botsort,yolov8l.pt,clip_market1501.pt,2,41.313080,24.260000,23.6,31.3
botsort,yolov8l.pt,clip_market1501.pt,3,31.878642,31.461290,29.3,37.5
botsort,yolov8l.pt,clip_market1501.pt,4,28.538949,35.146666,32.6,41.8
botsort,yolov8l.pt,clip_market1501.pt,5,25.191272,39.820689,36.8,47.9
botsort,yolov8l.pt,osnet_ibn_x1_0_msmt17.pt,1,39.974952,35.390000,21.0,346.7
botsort,yolov8l.pt,osnet_ibn_x1_0_msmt17.pt,2,46.950452,21.576666,20.7,38.9
botsort,yolov8l.pt,osnet_ibn_x1_0_msmt17.pt,3,42.900143,23.912903,21.5,44.5
botsort,yolov8l.pt,osnet_ibn_x1_0_msmt17.pt,4,43.391131,23.390000,21.6,38.8
botsort,yolov8l.pt,osnet_ibn_x1_0_msmt17.pt,5,43.350770,23.175862,22.0,29.3
botsort,yolov8l.pt,osnet_ain_x1_0_msmt17.pt,1,40.547240,35.086666,21.2,351.1
botsort,yolov8l.pt,osnet_ain_x1_0_msmt17.pt,2,46.161318,21.900000,21.1,37.7
botsort,yolov8l.pt,osnet_ain_x1_0_msmt17.pt,3,42.210454,24.267741,21.9,44.5
botsort,yolov8l.pt,osnet_ain_x1_0_msmt17.pt,4,42.609368,23.823333,22.0,39.4
botsort,yolov8l.pt,osnet_ain_x1_0_msmt17.pt,5,42.644363,23.562068,22.3,29.9
botsort,yolov8x.pt,osnet_x1_0_market1501.pt,1,35.339676,37.248387,24.6,322.4
botsort,yolov8x.pt,osnet_x1_0_market1501.pt,2,38.892529,26.065517,24.5,43.3
botsort,yolov8x.pt,osnet_x1_0_market1501.pt,3,36.210080,28.138709,25.7,48.7
botsort,yolov8x.pt,osnet_x1_0_market1501.pt,4,36.381655,27.786666,25.8,43.4
botsort,yolov8x.pt,osnet_x1_0_market1501.pt,5,36.314015,27.658620,25.9,33.7
botsort,yolov8x.pt,osnet_x0_75_market1501.pt,1,35.581732,36.500000,24.7,304.2
botsort,yolov8x.pt,osnet_x0_75_market1501.pt,2,39.249570,25.713793,24.7,42.1
botsort,yolov8x.pt,osnet_x0_75_market1501.pt,3,36.243174,28.170967,25.7,51.3
botsort,yolov8x.pt,osnet_x0_75_market1501.pt,4,36.413443,27.763333,25.8,43.0
botsort,yolov8x.pt,osnet_x0_75_market1501.pt,5,36.489204,27.503448,26.1,33.5
botsort,yolov8x.pt,osnet_x0_5_market1501.pt,1,32.657502,40.587096,24.6,340.9
botsort,yolov8x.pt,osnet_x0_5_market1501.pt,2,37.751212,26.996551,24.6,42.8
botsort,yolov8x.pt,osnet_x0_5_market1501.pt,3,33.273889,31.438709,25.6,68.9
botsort,yolov8x.pt,osnet_x0_5_market1501.pt,4,35.724085,28.576666,25.6,43.2
botsort,yolov8x.pt,osnet_x0_5_market1501.pt,5,36.645810,27.413793,25.8,33.6
botsort,yolov8x.pt,osnet_x0_25_market1501.pt,1,35.458865,37.203225,24.5,318.4
botsort,yolov8x.pt,osnet_x0_25_market1501.pt,2,39.612576,25.451724,24.5,41.0
botsort,yolov8x.pt,osnet_x0_25_market1501.pt,3,36.571221,27.864516,25.3,47.6
botsort,yolov8x.pt,osnet_x0_25_market1501.pt,4,36.819757,27.476666,25.5,43.1
botsort,yolov8x.pt,osnet_x0_25_market1501.pt,5,36.719473,27.334482,25.9,33.5
botsort,yolov8x.pt,clip_market1501.pt,1,35.214240,81.890322,25.3,1706.6
botsort,yolov8x.pt,clip_market1501.pt,2,34.266193,29.224137,28.6,36.0
botsort,yolov8x.pt,clip_market1501.pt,3,27.273306,36.745161,34.8,43.0
botsort,yolov8x.pt,clip_market1501.pt,4,24.841881,40.363333,38.5,47.2
botsort,yolov8x.pt,clip_market1501.pt,5,22.279871,45.003448,42.0,50.8
botsort,yolov8x.pt,lmbn_n_market.pt,1,28.836572,49.700000,31.1,524.9
botsort,yolov8x.pt,lmbn_n_market.pt,2,31.451055,32.017241,30.9,48.9
botsort,yolov8x.pt,lmbn_n_market.pt,3,29.547644,34.358064,32.0,56.3
botsort,yolov8x.pt,lmbn_n_market.pt,4,26.908482,38.340000,32.3,62.0
botsort,yolov8x.pt,lmbn_n_market.pt,5,26.400510,38.655172,32.2,50.6
botsort,yolov8x.pt,clip_market1501.pt,1,34.310595,82.993548,25.4,1710.5
botsort,yolov8x.pt,clip_market1501.pt,2,34.219309,29.265517,28.5,35.3
botsort,yolov8x.pt,clip_market1501.pt,3,27.308086,36.687096,35.1,42.3
botsort,yolov8x.pt,clip_market1501.pt,4,24.790944,40.466666,38.1,46.9
botsort,yolov8x.pt,clip_market1501.pt,5,22.033842,45.520689,42.5,50.6
botsort,yolov8x.pt,osnet_ibn_x1_0_msmt17.pt,1,35.361037,37.164516,24.9,320.4
botsort,yolov8x.pt,osnet_ibn_x1_0_msmt17.pt,2,38.897924,25.937931,25.0,42.1
botsort,yolov8x.pt,osnet_ibn_x1_0_msmt17.pt,3,35.850574,28.451612,25.9,49.3
botsort,yolov8x.pt,osnet_ibn_x1_0_msmt17.pt,4,36.119352,28.006666,26.0,43.9
botsort,yolov8x.pt,osnet_ibn_x1_0_msmt17.pt,5,36.048081,27.837931,26.0,34.0
botsort,yolov8x.pt,osnet_ain_x1_0_msmt17.pt,1,34.996161,38.158064,25.3,342.4
botsort,yolov8x.pt,osnet_ain_x1_0_msmt17.pt,2,38.341832,26.327586,25.2,43.9
botsort,yolov8x.pt,osnet_ain_x1_0_msmt17.pt,3,35.427090,28.800000,26.1,50.5
botsort,yolov8x.pt,osnet_ain_x1_0_msmt17.pt,4,35.627001,28.400000,26.3,44.9
botsort,yolov8x.pt,osnet_ain_x1_0_msmt17.pt,5,35.531453,28.244827,26.7,34.8
deepocsort,yolov8n.pt,osnet_x1_0_market1501.pt,1,77.068068,22.703030,10.5,328.1
deepocsort,yolov8n.pt,osnet_x1_0_market1501.pt,2,51.259635,21.716666,12.9,42.9
deepocsort,yolov8n.pt,osnet_x1_0_market1501.pt,3,56.962051,19.423333,12.1,33.3
deepocsort,yolov8n.pt,osnet_x1_0_market1501.pt,4,49.687294,22.083333,15.1,37.1
deepocsort,yolov8n.pt,osnet_x1_0_market1501.pt,5,51.981574,20.870370,13.0,37.9
deepocsort,yolov8n.pt,osnet_x0_75_market1501.pt,1,83.139969,21.100000,10.6,318.8
deepocsort,yolov8n.pt,osnet_x0_75_market1501.pt,2,69.156278,16.210000,10.8,27.7
deepocsort,yolov8n.pt,osnet_x0_75_market1501.pt,3,61.859115,20.733333,11.4,40.1
deepocsort,yolov8n.pt,osnet_x0_75_market1501.pt,4,63.298037,19.623333,12.3,68.8
deepocsort,yolov8n.pt,osnet_x0_75_market1501.pt,5,53.575140,25.940740,12.6,73.0
deepocsort,yolov8n.pt,osnet_x0_5_market1501.pt,1,70.916909,24.236363,10.4,337.5
deepocsort,yolov8n.pt,osnet_x0_5_market1501.pt,2,58.326317,18.580000,11.2,29.5
deepocsort,yolov8n.pt,osnet_x0_5_market1501.pt,3,56.744357,19.666666,14.0,36.1
deepocsort,yolov8n.pt,osnet_x0_5_market1501.pt,4,57.777149,18.260000,16.2,47.9
deepocsort,yolov8n.pt,osnet_x0_5_market1501.pt,5,46.879856,28.122222,16.1,73.5
deepocsort,yolov8n.pt,osnet_x0_25_market1501.pt,1,73.091614,22.387878,12.1,313.7
deepocsort,yolov8n.pt,osnet_x0_25_market1501.pt,2,57.525748,18.640000,11.1,29.9
deepocsort,yolov8n.pt,osnet_x0_25_market1501.pt,3,65.609286,18.450000,11.5,40.0
deepocsort,yolov8n.pt,osnet_x0_25_market1501.pt,4,67.481958,18.476666,12.5,64.2
deepocsort,yolov8n.pt,osnet_x0_25_market1501.pt,5,41.833716,37.092592,12.4,58.9
deepocsort,yolov8n.pt,clip_market1501.pt,1,88.402053,63.593939,10.1,1735.8
deepocsort,yolov8n.pt,clip_market1501.pt,2,67.965172,15.386666,12.8,24.2
deepocsort,yolov8n.pt,clip_market1501.pt,3,50.608093,19.840000,18.6,24.1
deepocsort,yolov8n.pt,clip_market1501.pt,4,37.957451,26.643333,23.0,33.0
deepocsort,yolov8n.pt,clip_market1501.pt,5,35.290201,28.455555,25.9,34.6
deepocsort,yolov8n.pt,lmbn_n_market.pt,1,49.769033,36.078787,17.0,540.9
deepocsort,yolov8n.pt,lmbn_n_market.pt,2,44.955748,23.630000,17.5,45.8
deepocsort,yolov8n.pt,lmbn_n_market.pt,3,51.885862,19.580000,18.4,37.5
deepocsort,yolov8n.pt,lmbn_n_market.pt,4,48.792730,20.833333,19.3,39.9
deepocsort,yolov8n.pt,lmbn_n_market.pt,5,45.594959,22.588888,20.4,44.3
deepocsort,yolov8n.pt,clip_market1501.pt,1,75.003145,65.827272,10.3,1728.5
deepocsort,yolov8n.pt,clip_market1501.pt,2,67.312820,15.266666,13.1,25.1
deepocsort,yolov8n.pt,clip_market1501.pt,3,50.264307,19.960000,18.9,23.6
deepocsort,yolov8n.pt,clip_market1501.pt,4,41.706899,24.023333,22.9,27.7
deepocsort,yolov8n.pt,clip_market1501.pt,5,35.509343,28.192592,26.7,30.2
deepocsort,yolov8n.pt,osnet_ibn_x1_0_msmt17.pt,1,65.451820,26.766666,10.6,354.8
deepocsort,yolov8n.pt,osnet_ibn_x1_0_msmt17.pt,2,70.250348,15.780000,10.9,29.4
deepocsort,yolov8n.pt,osnet_ibn_x1_0_msmt17.pt,3,63.344211,16.186666,12.7,30.8
deepocsort,yolov8n.pt,osnet_ibn_x1_0_msmt17.pt,4,61.508806,16.566666,13.1,30.2
deepocsort,yolov8n.pt,osnet_ibn_x1_0_msmt17.pt,5,48.900003,28.148148,12.6,59.0
deepocsort,yolov8n.pt,osnet_ain_x1_0_msmt17.pt,1,73.485854,24.678787,10.9,361.1
deepocsort,yolov8n.pt,osnet_ain_x1_0_msmt17.pt,2,60.488008,18.440000,11.5,34.4
deepocsort,yolov8n.pt,osnet_ain_x1_0_msmt17.pt,3,56.629266,18.783333,14.6,31.8
deepocsort,yolov8n.pt,osnet_ain_x1_0_msmt17.pt,4,53.795086,19.593333,16.2,36.0
deepocsort,yolov8n.pt,osnet_ain_x1_0_msmt17.pt,5,45.852842,23.822222,16.4,38.8
deepocsort,yolov8s.pt,osnet_x1_0_market1501.pt,1,68.028504,23.918181,11.9,317.9
deepocsort,yolov8s.pt,osnet_x1_0_market1501.pt,2,58.448308,18.636666,11.8,30.3
deepocsort,yolov8s.pt,osnet_x1_0_market1501.pt,3,74.195778,14.046666,12.4,37.8
deepocsort,yolov8s.pt,osnet_x1_0_market1501.pt,4,72.627767,14.066666,13.3,29.8
deepocsort,yolov8s.pt,osnet_x1_0_market1501.pt,5,72.733397,13.755555,13.5,15.3
deepocsort,yolov8s.pt,osnet_x0_75_market1501.pt,1,72.084086,23.221212,11.8,319.0
deepocsort,yolov8s.pt,osnet_x0_75_market1501.pt,2,63.342660,17.606666,11.9,47.6
deepocsort,yolov8s.pt,osnet_x0_75_market1501.pt,3,57.460394,19.680000,12.6,43.7
deepocsort,yolov8s.pt,osnet_x0_75_market1501.pt,4,62.390610,16.380000,13.3,31.9
deepocsort,yolov8s.pt,osnet_x0_75_market1501.pt,5,55.445538,20.988888,16.1,57.9
deepocsort,yolov8s.pt,osnet_x0_5_market1501.pt,1,76.170758,21.748484,11.8,307.5
deepocsort,yolov8s.pt,osnet_x0_5_market1501.pt,2,69.862144,15.276666,11.8,28.0
deepocsort,yolov8s.pt,osnet_x0_5_market1501.pt,3,69.896355,16.453333,12.3,42.7
deepocsort,yolov8s.pt,osnet_x0_5_market1501.pt,4,52.164394,21.690000,13.3,39.7
deepocsort,yolov8s.pt,osnet_x0_5_market1501.pt,5,44.757205,24.566666,16.7,37.8
deepocsort,yolov8s.pt,osnet_x0_25_market1501.pt,1,73.190143,22.693939,11.8,310.1
deepocsort,yolov8s.pt,osnet_x0_25_market1501.pt,2,62.916901,17.176666,11.6,27.3
deepocsort,yolov8s.pt,osnet_x0_25_market1501.pt,3,74.382144,15.070000,12.1,45.6
deepocsort,yolov8s.pt,osnet_x0_25_market1501.pt,4,69.488946,16.180000,13.1,47.2
deepocsort,yolov8s.pt,osnet_x0_25_market1501.pt,5,74.507616,13.433333,13.1,15.3
deepocsort,yolov8s.pt,clip_market1501.pt,1,79.797634,62.575757,11.1,1672.8
deepocsort,yolov8s.pt,clip_market1501.pt,2,66.742009,15.120000,14.2,20.4
deepocsort,yolov8s.pt,clip_market1501.pt,3,47.107907,21.306666,20.6,25.3
deepocsort,yolov8s.pt,clip_market1501.pt,4,39.405248,25.423333,24.3,29.1
deepocsort,yolov8s.pt,clip_market1501.pt,5,33.441358,29.955555,28.4,32.1
deepocsort,yolov8s.pt,lmbn_n_market.pt,1,50.565814,33.242424,18.4,481.3
deepocsort,yolov8s.pt,lmbn_n_market.pt,2,52.111530,19.530000,18.3,37.8
deepocsort,yolov8s.pt,lmbn_n_market.pt,3,48.918691,20.780000,19.4,40.0
deepocsort,yolov8s.pt,lmbn_n_market.pt,4,46.640568,21.746666,20.5,40.5
deepocsort,yolov8s.pt,lmbn_n_market.pt,5,45.205118,22.233333,20.8,25.7
deepocsort,yolov8s.pt,clip_market1501.pt,1,72.423570,64.218181,11.0,1674.2
deepocsort,yolov8s.pt,clip_market1501.pt,2,64.257744,16.003333,14.0,24.2
deepocsort,yolov8s.pt,clip_market1501.pt,3,47.146824,21.286666,20.4,26.4
deepocsort,yolov8s.pt,clip_market1501.pt,4,39.388333,25.443333,24.2,30.5
deepocsort,yolov8s.pt,clip_market1501.pt,5,33.587936,29.814814,28.3,32.1
deepocsort,yolov8s.pt,osnet_ibn_x1_0_msmt17.pt,1,57.549372,27.730303,12.5,332.9
deepocsort,yolov8s.pt,osnet_ibn_x1_0_msmt17.pt,2,60.962412,17.946666,12.4,31.6
deepocsort,yolov8s.pt,osnet_ibn_x1_0_msmt17.pt,3,52.275677,21.113333,15.2,35.6
deepocsort,yolov8s.pt,osnet_ibn_x1_0_msmt17.pt,4,48.206656,23.563333,14.1,50.7
deepocsort,yolov8s.pt,osnet_ibn_x1_0_msmt17.pt,5,55.623845,18.851851,15.2,34.7
deepocsort,yolov8s.pt,osnet_ain_x1_0_msmt17.pt,1,77.613609,22.063636,12.0,327.7
deepocsort,yolov8s.pt,osnet_ain_x1_0_msmt17.pt,2,78.984421,13.123333,12.0,28.4
deepocsort,yolov8s.pt,osnet_ain_x1_0_msmt17.pt,3,69.123664,15.036666,12.7,36.8
deepocsort,yolov8s.pt,osnet_ain_x1_0_msmt17.pt,4,55.676153,20.740000,13.8,46.9
deepocsort,yolov8s.pt,osnet_ain_x1_0_msmt17.pt,5,56.094203,19.937037,14.1,36.3
deepocsort,yolov8m.pt,osnet_x1_0_market1501.pt,1,49.235434,30.627272,15.1,335.8
deepocsort,yolov8m.pt,osnet_x1_0_market1501.pt,2,54.510720,19.500000,15.2,33.4
deepocsort,yolov8m.pt,osnet_x1_0_market1501.pt,3,52.452379,19.770000,15.6,39.3
deepocsort,yolov8m.pt,osnet_x1_0_market1501.pt,4,41.975373,25.210000,19.6,38.6
deepocsort,yolov8m.pt,osnet_x1_0_market1501.pt,5,46.694073,22.344444,16.8,39.9
deepocsort,yolov8m.pt,osnet_x0_75_market1501.pt,1,55.864414,27.400000,14.9,319.7
deepocsort,yolov8m.pt,osnet_x0_75_market1501.pt,2,64.390027,15.896666,14.9,34.6
deepocsort,yolov8m.pt,osnet_x0_75_market1501.pt,3,53.556160,19.396666,15.5,45.7
deepocsort,yolov8m.pt,osnet_x0_75_market1501.pt,4,42.392769,25.136666,19.9,39.9
deepocsort,yolov8m.pt,osnet_x0_75_market1501.pt,5,44.787801,23.237037,19.8,39.2
deepocsort,yolov8m.pt,osnet_x0_5_market1501.pt,1,57.138035,26.766666,15.8,337.5
deepocsort,yolov8m.pt,osnet_x0_5_market1501.pt,2,53.564912,19.306666,17.2,41.0
deepocsort,yolov8m.pt,osnet_x0_5_market1501.pt,3,46.451926,22.660000,18.6,38.0
deepocsort,yolov8m.pt,osnet_x0_5_market1501.pt,4,44.656378,23.543333,17.0,41.8
deepocsort,yolov8m.pt,osnet_x0_5_market1501.pt,5,43.638754,23.940740,17.1,39.8
deepocsort,yolov8m.pt,osnet_x0_25_market1501.pt,1,61.040834,25.560606,14.8,333.0
deepocsort,yolov8m.pt,osnet_x0_25_market1501.pt,2,48.959095,21.666666,16.5,34.9
deepocsort,yolov8m.pt,osnet_x0_25_market1501.pt,3,51.379594,19.733333,18.0,35.8
deepocsort,yolov8m.pt,osnet_x0_25_market1501.pt,4,49.003169,21.240000,16.9,44.5
deepocsort,yolov8m.pt,osnet_x0_25_market1501.pt,5,43.666174,23.170370,20.3,30.3
deepocsort,yolov8m.pt,clip_market1501.pt,1,64.476153,66.863636,14.5,1723.8
deepocsort,yolov8m.pt,clip_market1501.pt,2,53.906397,18.680000,17.9,24.4
deepocsort,yolov8m.pt,clip_market1501.pt,3,39.996709,25.070000,23.9,31.4
deepocsort,yolov8m.pt,clip_market1501.pt,4,34.448918,29.073333,28.1,33.4
deepocsort,yolov8m.pt,clip_market1501.pt,5,29.969658,33.388888,32.4,34.9
deepocsort,yolov8m.pt,lmbn_n_market.pt,1,43.420993,36.248484,21.9,480.5
deepocsort,yolov8m.pt,lmbn_n_market.pt,2,43.335361,23.363333,22.5,41.9
deepocsort,yolov8m.pt,lmbn_n_market.pt,3,38.130442,26.813333,22.7,43.5
deepocsort,yolov8m.pt,lmbn_n_market.pt,4,35.501541,28.406666,26.6,45.5
deepocsort,yolov8m.pt,lmbn_n_market.pt,5,32.667227,31.362962,27.2,44.6
deepocsort,yolov8m.pt,clip_market1501.pt,1,57.347735,69.112121,15.3,1727.3
deepocsort,yolov8m.pt,clip_market1501.pt,2,51.851845,19.486666,17.9,26.4
deepocsort,yolov8m.pt,clip_market1501.pt,3,38.775489,25.940000,23.5,32.4
deepocsort,yolov8m.pt,clip_market1501.pt,4,33.958769,29.556666,27.7,35.9
deepocsort,yolov8m.pt,clip_market1501.pt,5,29.894074,33.481481,32.3,37.0
deepocsort,yolov8m.pt,osnet_ibn_x1_0_msmt17.pt,1,62.128372,25.351515,14.8,336.1
deepocsort,yolov8m.pt,osnet_ibn_x1_0_msmt17.pt,2,64.481870,15.790000,15.0,31.6
deepocsort,yolov8m.pt,osnet_ibn_x1_0_msmt17.pt,3,59.297381,17.280000,15.7,35.1
deepocsort,yolov8m.pt,osnet_ibn_x1_0_msmt17.pt,4,45.627093,22.763333,19.5,38.6
deepocsort,yolov8m.pt,osnet_ibn_x1_0_msmt17.pt,5,55.403509,18.500000,17.0,36.0
deepocsort,yolov8m.pt,osnet_ain_x1_0_msmt17.pt,1,61.164572,25.815151,15.1,343.3
deepocsort,yolov8m.pt,osnet_ain_x1_0_msmt17.pt,2,60.333986,16.950000,15.4,32.5
deepocsort,yolov8m.pt,osnet_ain_x1_0_msmt17.pt,3,57.715604,17.753333,16.0,35.0
deepocsort,yolov8m.pt,osnet_ain_x1_0_msmt17.pt,4,51.457440,20.513333,17.0,36.9
deepocsort,yolov8m.pt,osnet_ain_x1_0_msmt17.pt,5,54.047796,18.670370,17.2,27.3
deepocsort,yolov8l.pt,osnet_x1_0_market1501.pt,1,43.486624,31.924242,20.3,334.9
deepocsort,yolov8l.pt,osnet_x1_0_market1501.pt,2,44.881641,22.586666,20.4,39.4
deepocsort,yolov8l.pt,osnet_x1_0_market1501.pt,3,38.933778,26.263333,21.4,43.7
deepocsort,yolov8l.pt,osnet_x1_0_market1501.pt,4,37.877879,27.050000,22.8,41.2
deepocsort,yolov8l.pt,osnet_x1_0_market1501.pt,5,38.355682,28.151851,22.9,68.9
deepocsort,yolov8l.pt,osnet_x0_75_market1501.pt,1,41.272853,33.290909,20.4,333.0
deepocsort,yolov8l.pt,osnet_x0_75_market1501.pt,2,39.623904,26.003333,21.7,48.5
deepocsort,yolov8l.pt,osnet_x0_75_market1501.pt,3,43.676726,23.356666,21.6,41.8
deepocsort,yolov8l.pt,osnet_x0_75_market1501.pt,4,34.744871,30.013333,25.1,42.4
deepocsort,yolov8l.pt,osnet_x0_75_market1501.pt,5,33.279431,31.185185,25.9,43.0
deepocsort,yolov8l.pt,osnet_x0_5_market1501.pt,1,41.417605,33.018181,21.1,330.5
deepocsort,yolov8l.pt,osnet_x0_5_market1501.pt,2,41.952839,24.300000,20.6,37.3
deepocsort,yolov8l.pt,osnet_x0_5_market1501.pt,3,44.017245,23.046666,21.1,38.5
deepocsort,yolov8l.pt,osnet_x0_5_market1501.pt,4,39.332491,26.346666,22.4,40.6
deepocsort,yolov8l.pt,osnet_x0_5_market1501.pt,5,35.392963,30.285185,22.7,45.0
deepocsort,yolov8l.pt,osnet_x0_25_market1501.pt,1,40.787170,33.060606,20.7,314.9
deepocsort,yolov8l.pt,osnet_x0_25_market1501.pt,2,43.635146,23.313333,20.5,37.1
deepocsort,yolov8l.pt,osnet_x0_25_market1501.pt,3,43.567034,23.306666,21.0,41.4
deepocsort,yolov8l.pt,osnet_x0_25_market1501.pt,4,41.345267,24.713333,22.0,40.3
deepocsort,yolov8l.pt,osnet_x0_25_market1501.pt,5,28.684026,36.885185,22.9,44.6
deepocsort,yolov8l.pt,clip_market1501.pt,1,46.163818,72.230303,20.4,1709.9
deepocsort,yolov8l.pt,clip_market1501.pt,2,40.786925,24.626666,23.6,30.5
deepocsort,yolov8l.pt,clip_market1501.pt,3,32.127580,31.163333,30.0,34.8
deepocsort,yolov8l.pt,clip_market1501.pt,4,27.926173,35.936666,34.5,43.7
deepocsort,yolov8l.pt,clip_market1501.pt,5,24.988467,40.051851,38.3,43.3
deepocsort,yolov8l.pt,lmbn_n_market.pt,1,33.096488,47.684848,27.1,629.6
deepocsort,yolov8l.pt,lmbn_n_market.pt,2,34.755835,29.093333,27.4,48.2
deepocsort,yolov8l.pt,lmbn_n_market.pt,3,30.428517,33.756666,28.8,57.5
deepocsort,yolov8l.pt,lmbn_n_market.pt,4,29.269696,36.203333,29.4,70.3
deepocsort,yolov8l.pt,lmbn_n_market.pt,5,23.196353,47.340740,29.5,66.4
deepocsort,yolov8l.pt,clip_market1501.pt,1,46.031708,73.015151,20.5,1733.7
deepocsort,yolov8l.pt,clip_market1501.pt,2,40.229774,24.973333,23.5,30.6
deepocsort,yolov8l.pt,clip_market1501.pt,3,32.156626,31.150000,29.8,35.0
deepocsort,yolov8l.pt,clip_market1501.pt,4,27.367377,36.720000,34.7,43.0
deepocsort,yolov8l.pt,clip_market1501.pt,5,24.135572,41.614814,37.8,50.3
deepocsort,yolov8l.pt,osnet_ibn_x1_0_msmt17.pt,1,45.201162,31.936363,20.3,358.1
deepocsort,yolov8l.pt,osnet_ibn_x1_0_msmt17.pt,2,46.904064,21.566666,20.6,37.8
deepocsort,yolov8l.pt,osnet_ibn_x1_0_msmt17.pt,3,42.331760,24.146666,21.2,41.6
deepocsort,yolov8l.pt,osnet_ibn_x1_0_msmt17.pt,4,37.190137,27.680000,23.1,42.0
deepocsort,yolov8l.pt,osnet_ibn_x1_0_msmt17.pt,5,35.522217,31.077777,23.1,69.6
deepocsort,yolov8l.pt,osnet_ain_x1_0_msmt17.pt,1,44.528898,31.639393,20.8,345.0
deepocsort,yolov8l.pt,osnet_ain_x1_0_msmt17.pt,2,40.442545,25.290000,21.4,41.6
deepocsort,yolov8l.pt,osnet_ain_x1_0_msmt17.pt,3,38.583195,26.196666,22.5,42.1
deepocsort,yolov8l.pt,osnet_ain_x1_0_msmt17.pt,4,36.291043,28.376666,22.5,43.6
deepocsort,yolov8l.pt,osnet_ain_x1_0_msmt17.pt,5,28.955375,36.781481,26.4,47.0
deepocsort,yolov8x.pt,osnet_x1_0_market1501.pt,1,38.100362,35.106060,24.3,339.6
deepocsort,yolov8x.pt,osnet_x1_0_market1501.pt,2,39.102030,25.830000,24.8,43.5
deepocsort,yolov8x.pt,osnet_x1_0_market1501.pt,3,37.574206,26.866666,25.7,44.6
deepocsort,yolov8x.pt,osnet_x1_0_market1501.pt,4,36.226144,27.836666,26.5,44.8
deepocsort,yolov8x.pt,osnet_x1_0_market1501.pt,5,35.721197,28.029629,27.1,30.7
deepocsort,yolov8x.pt,osnet_x0_75_market1501.pt,1,38.446813,34.351515,24.2,323.4
deepocsort,yolov8x.pt,osnet_x0_75_market1501.pt,2,38.664145,26.170000,24.8,46.1
deepocsort,yolov8x.pt,osnet_x0_75_market1501.pt,3,36.937286,27.366666,25.7,45.6
deepocsort,yolov8x.pt,osnet_x0_75_market1501.pt,4,34.797896,29.010000,26.8,45.0
deepocsort,yolov8x.pt,osnet_x0_75_market1501.pt,5,35.725071,28.018518,27.0,31.0
deepocsort,yolov8x.pt,osnet_x0_5_market1501.pt,1,37.545824,35.618181,24.0,345.3
deepocsort,yolov8x.pt,osnet_x0_5_market1501.pt,2,38.228293,26.463333,24.5,44.6
deepocsort,yolov8x.pt,osnet_x0_5_market1501.pt,3,32.864722,31.183333,26.0,46.0
deepocsort,yolov8x.pt,osnet_x0_5_market1501.pt,4,29.685985,34.416666,28.9,48.0
deepocsort,yolov8x.pt,osnet_x0_5_market1501.pt,5,34.201360,29.585185,26.7,46.3
deepocsort,yolov8x.pt,osnet_x0_25_market1501.pt,1,38.673007,33.824242,24.1,310.3
deepocsort,yolov8x.pt,osnet_x0_25_market1501.pt,2,39.270523,25.700000,24.5,42.7
deepocsort,yolov8x.pt,osnet_x0_25_market1501.pt,3,37.265919,27.170000,25.5,46.8
deepocsort,yolov8x.pt,osnet_x0_25_market1501.pt,4,31.529720,32.236666,27.5,47.5
deepocsort,yolov8x.pt,osnet_x0_25_market1501.pt,5,30.357103,33.559259,29.7,46.0
deepocsort,yolov8x.pt,clip_market1501.pt,1,37.545559,77.703030,25.1,1735.9
deepocsort,yolov8x.pt,clip_market1501.pt,2,33.183261,30.286666,28.9,36.8
deepocsort,yolov8x.pt,clip_market1501.pt,3,26.941040,37.176666,35.5,41.4
deepocsort,yolov8x.pt,clip_market1501.pt,4,24.070103,41.706666,39.3,47.6
deepocsort,yolov8x.pt,clip_market1501.pt,5,21.802604,46.000000,42.5,52.9
deepocsort,yolov8x.pt,lmbn_n_market.pt,1,29.693165,48.487878,31.2,548.4
deepocsort,yolov8x.pt,lmbn_n_market.pt,2,30.722331,32.786666,31.6,51.2
deepocsort,yolov8x.pt,lmbn_n_market.pt,3,29.539162,34.770000,32.1,79.5
deepocsort,yolov8x.pt,lmbn_n_market.pt,4,27.114064,37.346666,33.5,54.9
deepocsort,yolov8x.pt,lmbn_n_market.pt,5,27.043283,37.385185,34.1,57.8
deepocsort,yolov8x.pt,clip_market1501.pt,1,37.479695,77.009090,25.2,1711.8
deepocsort,yolov8x.pt,clip_market1501.pt,2,33.665263,29.806666,28.8,35.6
deepocsort,yolov8x.pt,clip_market1501.pt,3,27.483006,36.443333,35.3,41.0
deepocsort,yolov8x.pt,clip_market1501.pt,4,24.748583,40.453333,39.5,44.4
deepocsort,yolov8x.pt,clip_market1501.pt,5,22.025045,45.470370,43.5,50.2
deepocsort,yolov8x.pt,osnet_ibn_x1_0_msmt17.pt,1,34.786086,37.990909,24.7,351.9
deepocsort,yolov8x.pt,osnet_ibn_x1_0_msmt17.pt,2,38.963099,25.896666,25.0,42.3
deepocsort,yolov8x.pt,osnet_ibn_x1_0_msmt17.pt,3,34.616828,29.256666,25.6,47.4
deepocsort,yolov8x.pt,osnet_ibn_x1_0_msmt17.pt,4,30.514925,33.370000,29.8,52.9
deepocsort,yolov8x.pt,osnet_ibn_x1_0_msmt17.pt,5,30.375776,33.177777,30.8,44.8
deepocsort,yolov8x.pt,osnet_ain_x1_0_msmt17.pt,1,35.306334,37.057575,25.1,334.7
deepocsort,yolov8x.pt,osnet_ain_x1_0_msmt17.pt,2,38.595031,26.166666,25.0,43.9
deepocsort,yolov8x.pt,osnet_ain_x1_0_msmt17.pt,3,36.900726,27.350000,25.8,45.0
deepocsort,yolov8x.pt,osnet_ain_x1_0_msmt17.pt,4,35.662768,28.280000,26.9,45.6
deepocsort,yolov8x.pt,osnet_ain_x1_0_msmt17.pt,5,35.169539,28.474074,27.3,33.9
imprassoc,yolov8n.pt,osnet_x1_0_market1501.pt,1,90.310243,23.206666,10.5,385.2
imprassoc,yolov8n.pt,osnet_x1_0_market1501.pt,2,91.453945,10.940000,10.8,11.2
imprassoc,yolov8n.pt,osnet_x1_0_market1501.pt,3,85.929248,11.956666,11.3,28.0
imprassoc,yolov8n.pt,osnet_x1_0_market1501.pt,4,84.644069,12.126666,11.4,27.7
imprassoc,yolov8n.pt,osnet_x1_0_market1501.pt,5,82.680353,12.423333,11.6,28.4
imprassoc,yolov8n.pt,osnet_x0_75_market1501.pt,1,88.413887,23.940000,10.4,396.4
imprassoc,yolov8n.pt,osnet_x0_75_market1501.pt,2,92.518465,10.806666,10.7,11.3
imprassoc,yolov8n.pt,osnet_x0_75_market1501.pt,3,87.021235,11.793333,11.1,26.9
imprassoc,yolov8n.pt,osnet_x0_75_market1501.pt,4,75.732236,14.573333,11.3,28.3
imprassoc,yolov8n.pt,osnet_x0_75_market1501.pt,5,81.648856,12.686666,11.4,26.9
imprassoc,yolov8n.pt,osnet_x0_5_market1501.pt,1,52.175547,31.973333,12.3,377.7
imprassoc,yolov8n.pt,osnet_x0_5_market1501.pt,2,82.129946,12.993333,10.8,27.0
imprassoc,yolov8n.pt,osnet_x0_5_market1501.pt,3,86.074528,11.913333,11.3,27.0
imprassoc,yolov8n.pt,osnet_x0_5_market1501.pt,4,84.933284,12.056666,11.4,27.1
imprassoc,yolov8n.pt,osnet_x0_5_market1501.pt,5,83.011210,12.346666,11.6,27.3
imprassoc,yolov8n.pt,osnet_x0_25_market1501.pt,1,91.253830,22.240000,10.4,359.4
imprassoc,yolov8n.pt,osnet_x0_25_market1501.pt,2,92.422193,10.820000,10.7,11.0
imprassoc,yolov8n.pt,osnet_x0_25_market1501.pt,3,85.958663,11.906666,11.3,26.5
imprassoc,yolov8n.pt,osnet_x0_25_market1501.pt,4,84.512456,12.110000,11.5,26.9
imprassoc,yolov8n.pt,osnet_x0_25_market1501.pt,5,83.063846,12.326666,11.6,27.0
imprassoc,yolov8n.pt,clip_market1501.pt,1,93.994396,113.476666,10.2,3105.9
imprassoc,yolov8n.pt,clip_market1501.pt,2,74.625174,13.403333,13.0,13.8
imprassoc,yolov8n.pt,clip_market1501.pt,3,52.541943,19.036666,18.5,19.5
imprassoc,yolov8n.pt,clip_market1501.pt,4,43.735480,22.900000,22.0,24.8
imprassoc,yolov8n.pt,clip_market1501.pt,5,36.430542,27.510000,25.4,31.2
imprassoc,yolov8n.pt,lmbn_n_market.pt,1,56.398332,40.520000,16.9,717.9
imprassoc,yolov8n.pt,lmbn_n_market.pt,2,57.626320,17.360000,17.2,18.6
imprassoc,yolov8n.pt,lmbn_n_market.pt,3,55.318613,18.350000,17.6,35.1
imprassoc,yolov8n.pt,lmbn_n_market.pt,4,55.035917,18.443333,17.6,34.9
imprassoc,yolov8n.pt,lmbn_n_market.pt,5,54.132046,18.756666,17.9,35.1
imprassoc,yolov8n.pt,clip_market1501.pt,1,94.037237,113.380000,10.0,3103.0
imprassoc,yolov8n.pt,clip_market1501.pt,2,75.541054,13.240000,13.1,13.5
imprassoc,yolov8n.pt,clip_market1501.pt,3,52.682604,18.976666,18.4,19.3
imprassoc,yolov8n.pt,clip_market1501.pt,4,44.166732,22.653333,22.0,24.3
imprassoc,yolov8n.pt,clip_market1501.pt,5,35.984132,27.863333,25.6,31.1
imprassoc,yolov8n.pt,osnet_ibn_x1_0_msmt17.pt,1,90.202913,23.286666,10.5,387.2
imprassoc,yolov8n.pt,osnet_ibn_x1_0_msmt17.pt,2,92.129640,10.850000,10.7,11.1
imprassoc,yolov8n.pt,osnet_ibn_x1_0_msmt17.pt,3,86.343927,11.893333,11.3,27.2
imprassoc,yolov8n.pt,osnet_ibn_x1_0_msmt17.pt,4,85.001982,12.056666,11.4,26.8
imprassoc,yolov8n.pt,osnet_ibn_x1_0_msmt17.pt,5,83.112581,12.343333,11.6,27.6
imprassoc,yolov8n.pt,osnet_ain_x1_0_msmt17.pt,1,86.826612,23.766666,10.9,389.8
imprassoc,yolov8n.pt,osnet_ain_x1_0_msmt17.pt,2,88.443607,11.300000,11.2,11.6
imprassoc,yolov8n.pt,osnet_ain_x1_0_msmt17.pt,3,82.979534,12.353333,11.7,27.7
imprassoc,yolov8n.pt,osnet_ain_x1_0_msmt17.pt,4,81.801827,12.503333,11.8,27.2
imprassoc,yolov8n.pt,osnet_ain_x1_0_msmt17.pt,5,80.419765,12.740000,12.0,27.7
imprassoc,yolov8s.pt,osnet_x1_0_market1501.pt,1,81.026233,24.896666,11.8,400.1
imprassoc,yolov8s.pt,osnet_x1_0_market1501.pt,2,85.150406,11.740000,11.6,12.7
imprassoc,yolov8s.pt,osnet_x1_0_market1501.pt,3,80.276328,12.750000,12.1,28.2
imprassoc,yolov8s.pt,osnet_x1_0_market1501.pt,4,79.120205,12.926666,12.2,28.4
imprassoc,yolov8s.pt,osnet_x1_0_market1501.pt,5,77.605877,13.196666,12.4,28.9
imprassoc,yolov8s.pt,osnet_x0_75_market1501.pt,1,81.387297,24.340000,11.4,385.2
imprassoc,yolov8s.pt,osnet_x0_75_market1501.pt,2,84.411358,11.853333,11.7,12.1
imprassoc,yolov8s.pt,osnet_x0_75_market1501.pt,3,79.472840,12.983333,12.2,32.1
imprassoc,yolov8s.pt,osnet_x0_75_market1501.pt,4,77.971353,13.130000,12.4,29.2
imprassoc,yolov8s.pt,osnet_x0_75_market1501.pt,5,76.374322,13.400000,12.6,29.3
imprassoc,yolov8s.pt,osnet_x0_5_market1501.pt,1,80.361112,23.216666,11.9,346.9
imprassoc,yolov8s.pt,osnet_x0_5_market1501.pt,2,84.924775,11.783333,11.6,12.5
imprassoc,yolov8s.pt,osnet_x0_5_market1501.pt,3,80.175246,12.770000,12.2,27.7
imprassoc,yolov8s.pt,osnet_x0_5_market1501.pt,4,78.824866,12.960000,12.3,27.5
imprassoc,yolov8s.pt,osnet_x0_5_market1501.pt,5,76.744658,13.323333,12.5,28.3
imprassoc,yolov8s.pt,osnet_x0_25_market1501.pt,1,82.934806,23.716666,11.2,373.0
imprassoc,yolov8s.pt,osnet_x0_25_market1501.pt,2,86.759210,11.520000,11.4,11.9
imprassoc,yolov8s.pt,osnet_x0_25_market1501.pt,3,81.509458,12.543333,12.0,26.8
imprassoc,yolov8s.pt,osnet_x0_25_market1501.pt,4,80.402347,12.706666,12.1,26.9
imprassoc,yolov8s.pt,osnet_x0_25_market1501.pt,5,78.914022,12.950000,12.3,27.2
imprassoc,yolov8s.pt,clip_market1501.pt,1,85.337923,113.220000,11.1,3067.9
imprassoc,yolov8s.pt,clip_market1501.pt,2,69.288410,14.443333,14.0,15.1
imprassoc,yolov8s.pt,clip_market1501.pt,3,49.312386,20.276666,19.9,20.8
imprassoc,yolov8s.pt,clip_market1501.pt,4,40.843410,24.493333,23.4,25.9
imprassoc,yolov8s.pt,clip_market1501.pt,5,33.937459,29.593333,27.1,33.9
imprassoc,yolov8s.pt,lmbn_n_market.pt,1,52.237363,41.346666,18.1,703.1
imprassoc,yolov8s.pt,lmbn_n_market.pt,2,54.403934,18.376666,18.2,18.7
imprassoc,yolov8s.pt,lmbn_n_market.pt,3,52.266045,19.400000,18.7,35.9
imprassoc,yolov8s.pt,lmbn_n_market.pt,4,51.839667,19.553333,18.8,35.8
imprassoc,yolov8s.pt,lmbn_n_market.pt,5,51.277565,19.773333,18.9,36.0
imprassoc,yolov8s.pt,clip_market1501.pt,1,86.367460,112.593333,11.1,3053.5
imprassoc,yolov8s.pt,clip_market1501.pt,2,68.737215,14.553333,13.9,15.3
imprassoc,yolov8s.pt,clip_market1501.pt,3,48.982728,20.420000,19.8,20.9
imprassoc,yolov8s.pt,clip_market1501.pt,4,41.424294,24.150000,23.4,25.6
imprassoc,yolov8s.pt,clip_market1501.pt,5,34.268962,29.230000,27.3,31.4
imprassoc,yolov8s.pt,osnet_ibn_x1_0_msmt17.pt,1,78.277520,25.196666,11.5,395.7
imprassoc,yolov8s.pt,osnet_ibn_x1_0_msmt17.pt,2,83.568473,11.966666,11.8,12.5
imprassoc,yolov8s.pt,osnet_ibn_x1_0_msmt17.pt,3,78.626023,13.023333,12.3,28.8
imprassoc,yolov8s.pt,osnet_ibn_x1_0_msmt17.pt,4,77.502956,13.213333,12.6,29.2
imprassoc,yolov8s.pt,osnet_ibn_x1_0_msmt17.pt,5,75.527552,13.596666,12.7,29.1
imprassoc,yolov8s.pt,osnet_ain_x1_0_msmt17.pt,1,66.613350,29.400000,12.3,422.2
imprassoc,yolov8s.pt,osnet_ain_x1_0_msmt17.pt,2,80.906925,12.383333,12.0,14.2
imprassoc,yolov8s.pt,osnet_ain_x1_0_msmt17.pt,3,77.001121,13.290000,12.6,29.3
imprassoc,yolov8s.pt,osnet_ain_x1_0_msmt17.pt,4,75.889698,13.493333,12.7,29.8
imprassoc,yolov8s.pt,osnet_ain_x1_0_msmt17.pt,5,74.468507,13.736666,12.9,29.4
imprassoc,yolov8m.pt,osnet_x1_0_market1501.pt,1,63.411402,27.233333,14.7,373.5
imprassoc,yolov8m.pt,osnet_x1_0_market1501.pt,2,66.263911,15.096666,14.9,15.4
imprassoc,yolov8m.pt,osnet_x1_0_market1501.pt,3,63.272403,16.053333,15.4,30.9
imprassoc,yolov8m.pt,osnet_x1_0_market1501.pt,4,62.643885,16.206666,15.6,30.9
imprassoc,yolov8m.pt,osnet_x1_0_market1501.pt,5,61.689924,16.463333,15.7,31.3
imprassoc,yolov8m.pt,osnet_x0_75_market1501.pt,1,63.795174,26.720000,14.6,361.2
imprassoc,yolov8m.pt,osnet_x0_75_market1501.pt,2,66.088333,15.136666,14.9,15.4
imprassoc,yolov8m.pt,osnet_x0_75_market1501.pt,3,63.336930,16.110000,15.4,33.7
imprassoc,yolov8m.pt,osnet_x0_75_market1501.pt,4,62.743922,16.193333,15.5,31.1
imprassoc,yolov8m.pt,osnet_x0_75_market1501.pt,5,61.945685,16.383333,15.7,30.6
imprassoc,yolov8m.pt,osnet_x0_5_market1501.pt,1,62.421134,26.763333,14.6,352.7
imprassoc,yolov8m.pt,osnet_x0_5_market1501.pt,2,66.043706,15.140000,14.9,15.5
imprassoc,yolov8m.pt,osnet_x0_5_market1501.pt,3,63.218969,16.063333,15.3,31.0
imprassoc,yolov8m.pt,osnet_x0_5_market1501.pt,4,62.731275,16.196666,15.5,31.3
imprassoc,yolov8m.pt,osnet_x0_5_market1501.pt,5,61.673338,16.470000,15.7,31.2
imprassoc,yolov8m.pt,osnet_x0_25_market1501.pt,1,62.285564,27.016666,14.6,359.5
imprassoc,yolov8m.pt,osnet_x0_25_market1501.pt,2,66.103936,15.123333,14.9,15.7
imprassoc,yolov8m.pt,osnet_x0_25_market1501.pt,3,62.772440,16.173333,15.4,30.6
imprassoc,yolov8m.pt,osnet_x0_25_market1501.pt,4,62.149136,16.330000,15.5,30.9
imprassoc,yolov8m.pt,osnet_x0_25_market1501.pt,5,61.677480,16.460000,15.7,31.1
imprassoc,yolov8m.pt,clip_market1501.pt,1,61.388693,118.743333,14.5,3098.1
imprassoc,yolov8m.pt,clip_market1501.pt,2,55.316325,18.086666,17.4,18.4
imprassoc,yolov8m.pt,clip_market1501.pt,3,41.099700,24.343333,23.7,25.0
imprassoc,yolov8m.pt,clip_market1501.pt,4,35.026051,28.626666,26.5,33.2
imprassoc,yolov8m.pt,clip_market1501.pt,5,30.440345,32.893333,30.7,35.6
imprassoc,yolov8m.pt,lmbn_n_market.pt,1,44.266214,44.783333,21.2,709.6
imprassoc,yolov8m.pt,lmbn_n_market.pt,2,46.181974,21.660000,21.5,22.1
imprassoc,yolov8m.pt,lmbn_n_market.pt,3,44.819743,22.556666,21.7,39.1
imprassoc,yolov8m.pt,lmbn_n_market.pt,4,44.427091,22.760000,21.9,39.3
imprassoc,yolov8m.pt,lmbn_n_market.pt,5,43.783720,23.103333,21.9,38.6
imprassoc,yolov8m.pt,clip_market1501.pt,1,64.190245,117.300000,14.4,3079.1
imprassoc,yolov8m.pt,clip_market1501.pt,2,55.451703,18.043333,17.4,19.2
imprassoc,yolov8m.pt,clip_market1501.pt,3,41.465563,24.116666,23.2,24.7
imprassoc,yolov8m.pt,clip_market1501.pt,4,35.796474,27.943333,27.1,28.8
imprassoc,yolov8m.pt,clip_market1501.pt,5,30.493853,32.836666,30.9,35.7
imprassoc,yolov8m.pt,osnet_ibn_x1_0_msmt17.pt,1,60.878575,28.500000,14.8,393.6
imprassoc,yolov8m.pt,osnet_ibn_x1_0_msmt17.pt,2,64.820110,15.420000,15.2,15.9
imprassoc,yolov8m.pt,osnet_ibn_x1_0_msmt17.pt,3,61.905488,16.433333,15.7,32.6
imprassoc,yolov8m.pt,osnet_ibn_x1_0_msmt17.pt,4,61.190195,16.596666,16.0,32.0
imprassoc,yolov8m.pt,osnet_ibn_x1_0_msmt17.pt,5,60.246200,16.883333,16.1,32.7
imprassoc,yolov8m.pt,osnet_ain_x1_0_msmt17.pt,1,61.284150,28.183333,15.1,386.8
imprassoc,yolov8m.pt,osnet_ain_x1_0_msmt17.pt,2,63.791346,15.690000,15.4,17.4
imprassoc,yolov8m.pt,osnet_ain_x1_0_msmt17.pt,3,54.231052,19.563333,15.8,32.8
imprassoc,yolov8m.pt,osnet_ain_x1_0_msmt17.pt,4,60.906713,16.683333,16.0,32.0
imprassoc,yolov8m.pt,osnet_ain_x1_0_msmt17.pt,5,60.154571,16.900000,16.2,32.4
imprassoc,yolov8l.pt,osnet_x1_0_market1501.pt,1,44.861952,34.380000,20.1,394.8
imprassoc,yolov8l.pt,osnet_x1_0_market1501.pt,2,48.659849,20.550000,20.3,20.8
imprassoc,yolov8l.pt,osnet_x1_0_market1501.pt,3,46.506348,21.726666,21.0,37.1
imprassoc,yolov8l.pt,osnet_x1_0_market1501.pt,4,45.991936,21.976666,21.1,37.1
imprassoc,yolov8l.pt,osnet_x1_0_market1501.pt,5,44.856212,22.720000,21.5,38.3
imprassoc,yolov8l.pt,osnet_x0_75_market1501.pt,1,46.019934,32.683333,20.1,368.6
imprassoc,yolov8l.pt,osnet_x0_75_market1501.pt,2,48.350316,20.673333,20.5,20.9
imprassoc,yolov8l.pt,osnet_x0_75_market1501.pt,3,46.632053,21.740000,20.9,40.1
imprassoc,yolov8l.pt,osnet_x0_75_market1501.pt,4,46.334418,21.803333,21.1,37.3
imprassoc,yolov8l.pt,osnet_x0_75_market1501.pt,5,44.857038,22.713333,21.4,37.5
imprassoc,yolov8l.pt,osnet_x0_5_market1501.pt,1,45.949044,32.340000,20.1,356.4
imprassoc,yolov8l.pt,osnet_x0_5_market1501.pt,2,48.489593,20.626666,20.4,21.0
imprassoc,yolov8l.pt,osnet_x0_5_market1501.pt,3,46.783382,21.593333,20.9,36.3
imprassoc,yolov8l.pt,osnet_x0_5_market1501.pt,4,46.352927,21.783333,21.1,36.7
imprassoc,yolov8l.pt,osnet_x0_5_market1501.pt,5,45.152773,22.576666,21.2,37.4
imprassoc,yolov8l.pt,osnet_x0_25_market1501.pt,1,46.478114,31.796666,20.0,347.9
imprassoc,yolov8l.pt,osnet_x0_25_market1501.pt,2,48.725103,20.533333,20.4,20.8
imprassoc,yolov8l.pt,osnet_x0_25_market1501.pt,3,46.966054,21.483333,20.8,35.6
imprassoc,yolov8l.pt,osnet_x0_25_market1501.pt,4,46.658255,21.630000,20.8,35.8
imprassoc,yolov8l.pt,osnet_x0_25_market1501.pt,5,45.357209,22.450000,21.0,36.7
imprassoc,yolov8l.pt,clip_market1501.pt,1,47.046255,120.576666,20.4,3021.5
imprassoc,yolov8l.pt,clip_market1501.pt,2,41.776563,23.940000,23.4,24.5
imprassoc,yolov8l.pt,clip_market1501.pt,3,33.096817,30.206666,29.8,30.6
imprassoc,yolov8l.pt,clip_market1501.pt,4,29.175293,34.276666,33.6,35.6
imprassoc,yolov8l.pt,clip_market1501.pt,5,25.078334,39.906666,37.4,43.0
imprassoc,yolov8l.pt,lmbn_n_market.pt,1,34.822944,51.243333,27.0,730.4
imprassoc,yolov8l.pt,lmbn_n_market.pt,2,36.342289,27.513333,27.1,28.3
imprassoc,yolov8l.pt,lmbn_n_market.pt,3,35.327478,28.526666,27.7,45.4
imprassoc,yolov8l.pt,lmbn_n_market.pt,4,34.977471,28.813333,27.9,46.0
imprassoc,yolov8l.pt,lmbn_n_market.pt,5,33.854038,30.123333,28.1,46.6
imprassoc,yolov8l.pt,clip_market1501.pt,1,46.955020,119.580000,20.4,2990.3
imprassoc,yolov8l.pt,clip_market1501.pt,2,41.564250,24.063333,23.5,24.9
imprassoc,yolov8l.pt,clip_market1501.pt,3,32.857155,30.436666,29.8,31.0
imprassoc,yolov8l.pt,clip_market1501.pt,4,29.075223,34.403333,33.5,35.6
imprassoc,yolov8l.pt,clip_market1501.pt,5,24.907299,40.193333,37.7,43.6
imprassoc,yolov8l.pt,osnet_ibn_x1_0_msmt17.pt,1,45.934649,33.046666,20.4,379.1
imprassoc,yolov8l.pt,osnet_ibn_x1_0_msmt17.pt,2,48.122819,20.776666,20.6,21.2
imprassoc,yolov8l.pt,osnet_ibn_x1_0_msmt17.pt,3,46.352061,21.783333,21.1,36.6
imprassoc,yolov8l.pt,osnet_ibn_x1_0_msmt17.pt,4,45.948816,21.966666,21.3,36.8
imprassoc,yolov8l.pt,osnet_ibn_x1_0_msmt17.pt,5,43.775073,23.546666,21.5,38.5
imprassoc,yolov8l.pt,osnet_ain_x1_0_msmt17.pt,1,44.753472,34.450000,20.8,404.7
imprassoc,yolov8l.pt,osnet_ain_x1_0_msmt17.pt,2,47.244777,21.170000,21.0,21.4
imprassoc,yolov8l.pt,osnet_ain_x1_0_msmt17.pt,3,45.503194,22.213333,21.5,38.2
imprassoc,yolov8l.pt,osnet_ain_x1_0_msmt17.pt,4,45.268679,22.316666,21.6,37.9
imprassoc,yolov8l.pt,osnet_ain_x1_0_msmt17.pt,5,43.745729,23.336666,21.9,39.0
imprassoc,yolov8x.pt,osnet_x1_0_market1501.pt,1,38.379680,37.303333,24.3,386.1
imprassoc,yolov8x.pt,osnet_x1_0_market1501.pt,2,39.950687,25.040000,24.6,25.4
imprassoc,yolov8x.pt,osnet_x1_0_market1501.pt,3,38.513049,26.163333,25.2,41.7
imprassoc,yolov8x.pt,osnet_x1_0_market1501.pt,4,38.019387,26.500000,25.5,41.5
imprassoc,yolov8x.pt,osnet_x1_0_market1501.pt,5,37.226140,27.173333,25.8,42.2
imprassoc,yolov8x.pt,osnet_x0_75_market1501.pt,1,38.430913,36.193333,24.2,353.5
imprassoc,yolov8x.pt,osnet_x0_75_market1501.pt,2,40.045802,24.970000,24.6,25.6
imprassoc,yolov8x.pt,osnet_x0_75_market1501.pt,3,38.685724,26.090000,25.2,43.1
imprassoc,yolov8x.pt,osnet_x0_75_market1501.pt,4,38.391268,26.223333,25.2,40.4
imprassoc,yolov8x.pt,osnet_x0_75_market1501.pt,5,37.839762,26.620000,25.4,41.2
imprassoc,yolov8x.pt,osnet_x0_5_market1501.pt,1,33.746069,40.743333,26.2,379.9
imprassoc,yolov8x.pt,osnet_x0_5_market1501.pt,2,38.794151,26.000000,24.6,37.2
imprassoc,yolov8x.pt,osnet_x0_5_market1501.pt,3,38.633591,26.100000,25.1,42.1
imprassoc,yolov8x.pt,osnet_x0_5_market1501.pt,4,38.504940,26.130000,25.3,39.8
imprassoc,yolov8x.pt,osnet_x0_5_market1501.pt,5,37.781326,26.763333,25.3,41.5
imprassoc,yolov8x.pt,osnet_x0_25_market1501.pt,1,38.493421,35.860000,24.1,344.7
imprassoc,yolov8x.pt,osnet_x0_25_market1501.pt,2,40.268440,24.836666,24.4,25.5
imprassoc,yolov8x.pt,osnet_x0_25_market1501.pt,3,39.068179,25.786666,24.9,39.9
imprassoc,yolov8x.pt,osnet_x0_25_market1501.pt,4,38.700948,26.016666,25.1,40.1
imprassoc,yolov8x.pt,osnet_x0_25_market1501.pt,5,38.404236,26.216666,25.2,40.4
imprassoc,yolov8x.pt,clip_market1501.pt,1,37.985264,127.863333,24.9,3097.5
imprassoc,yolov8x.pt,clip_market1501.pt,2,34.297037,29.170000,28.3,33.1
imprassoc,yolov8x.pt,clip_market1501.pt,3,28.097419,35.593333,35.0,36.2
imprassoc,yolov8x.pt,clip_market1501.pt,4,25.144949,39.773333,38.7,40.4
imprassoc,yolov8x.pt,clip_market1501.pt,5,22.551876,44.396666,42.5,47.9
imprassoc,yolov8x.pt,lmbn_n_market.pt,1,30.720797,54.390000,30.6,717.1
imprassoc,yolov8x.pt,lmbn_n_market.pt,2,32.083583,31.180000,30.8,31.7
imprassoc,yolov8x.pt,lmbn_n_market.pt,3,30.975623,32.490000,31.4,49.4
imprassoc,yolov8x.pt,lmbn_n_market.pt,4,30.726865,32.736666,31.6,48.9
imprassoc,yolov8x.pt,lmbn_n_market.pt,5,30.438285,33.063333,31.9,49.6
imprassoc,yolov8x.pt,clip_market1501.pt,1,38.333342,125.033333,24.7,3019.4
imprassoc,yolov8x.pt,clip_market1501.pt,2,34.495352,29.003333,28.4,29.6
imprassoc,yolov8x.pt,clip_market1501.pt,3,28.271811,35.376666,35.0,35.9
imprassoc,yolov8x.pt,clip_market1501.pt,4,24.951665,40.083333,39.3,41.2
imprassoc,yolov8x.pt,clip_market1501.pt,5,22.564949,44.376666,42.3,47.9
imprassoc,yolov8x.pt,osnet_ibn_x1_0_msmt17.pt,1,38.403935,37.756666,24.5,400.3
imprassoc,yolov8x.pt,osnet_ibn_x1_0_msmt17.pt,2,39.842112,25.100000,24.8,25.4
imprassoc,yolov8x.pt,osnet_ibn_x1_0_msmt17.pt,3,37.745955,26.833333,25.4,41.3
imprassoc,yolov8x.pt,osnet_ibn_x1_0_msmt17.pt,4,37.830142,26.606666,25.7,40.9
imprassoc,yolov8x.pt,osnet_ibn_x1_0_msmt17.pt,5,37.441796,26.896666,25.9,41.3
imprassoc,yolov8x.pt,osnet_ain_x1_0_msmt17.pt,1,33.042332,42.910000,24.6,417.9
imprassoc,yolov8x.pt,osnet_ain_x1_0_msmt17.pt,2,39.242318,25.486666,25.1,26.1
imprassoc,yolov8x.pt,osnet_ain_x1_0_msmt17.pt,3,37.882864,26.606666,25.7,42.5
imprassoc,yolov8x.pt,osnet_ain_x1_0_msmt17.pt,4,37.429396,26.920000,26.0,42.7
imprassoc,yolov8x.pt,osnet_ain_x1_0_msmt17.pt,5,37.022711,27.213333,26.1,42.4
