tracker,yolo_model,reid_model,object_count,avg_fps,avg_time_per_frame,min_time_per_frame,max_time_per_frame
strongsort,yolov8n.pt,osnet_x1_0_market1501.pt,1,72.961133,25.190000,10.5,340.2
strongsort,yolov8n.pt,osnet_x1_0_market1501.pt,2,83.270547,13.703030,10.2,37.3
strongsort,yolov8n.pt,osnet_x1_0_market1501.pt,3,65.618767,16.165517,12.0,33.0
strongsort,yolov8n.pt,osnet_x1_0_market1501.pt,4,67.848095,15.960000,11.9,43.0
strongsort,yolov8n.pt,osnet_x1_0_market1501.pt,5,64.519512,19.078571,12.3,71.2
strongsort,yolov8n.pt,osnet_x0_75_market1501.pt,1,75.840656,23.986666,10.2,334.5
strongsort,yolov8n.pt,osnet_x0_75_market1501.pt,2,86.013649,12.584848,10.1,26.0
strongsort,yolov8n.pt,osnet_x0_75_market1501.pt,3,72.585909,15.472413,11.1,33.3
strongsort,yolov8n.pt,osnet_x0_75_market1501.pt,4,56.200539,23.083333,11.7,47.8
strongsort,yolov8n.pt,osnet_x0_75_market1501.pt,5,57.757037,21.435714,12.0,68.9
strongsort,yolov8n.pt,osnet_x0_5_market1501.pt,1,80.029768,22.353333,10.1,310.2
strongsort,yolov8n.pt,osnet_x0_5_market1501.pt,2,89.057991,11.945454,10.1,22.3
strongsort,yolov8n.pt,osnet_x0_5_market1501.pt,3,63.340341,16.910344,11.7,33.6
strongsort,yolov8n.pt,osnet_x0_5_market1501.pt,4,67.939771,15.880000,11.6,41.6
strongsort,yolov8n.pt,osnet_x0_5_market1501.pt,5,51.637694,22.457142,15.1,80.8
strongsort,yolov8n.pt,osnet_x0_25_market1501.pt,1,78.924006,22.780000,10.1,317.3
strongsort,yolov8n.pt,osnet_x0_25_market1501.pt,2,74.159668,15.609090,10.1,44.7
strongsort,yolov8n.pt,osnet_x0_25_market1501.pt,3,79.038511,13.696551,11.0,32.2
strongsort,yolov8n.pt,osnet_x0_25_market1501.pt,4,68.694364,15.340000,11.6,30.6
strongsort,yolov8n.pt,osnet_x0_25_market1501.pt,5,60.896240,18.496428,13.4,83.4
strongsort,yolov8n.pt,clip_market1501.pt,1,77.312876,65.580000,10.3,1592.9
strongsort,yolov8n.pt,clip_market1501.pt,2,71.771585,14.587878,12.5,24.9
strongsort,yolov8n.pt,clip_market1501.pt,3,47.539766,24.244827,16.0,55.9
strongsort,yolov8n.pt,clip_market1501.pt,4,26.785899,48.293333,19.9,95.8
strongsort,yolov8n.pt,clip_market1501.pt,5,12.219209,86.050000,35.9,114.0
strongsort,yolov8n.pt,lmbn_n_market.pt,1,45.688510,39.796666,16.9,564.4
strongsort,yolov8n.pt,lmbn_n_market.pt,2,41.495765,30.078787,16.8,80.6
strongsort,yolov8n.pt,lmbn_n_market.pt,3,25.832106,47.931034,21.6,106.1
strongsort,yolov8n.pt,lmbn_n_market.pt,4,15.376114,68.623333,47.9,108.6
strongsort,yolov8n.pt,lmbn_n_market.pt,5,13.214555,78.510714,58.5,113.0
strongsort,yolov8n.pt,clip_market1501.pt,1,77.169420,66.340000,10.2,1614.7
strongsort,yolov8n.pt,clip_market1501.pt,2,71.460367,14.706060,12.5,24.8
strongsort,yolov8n.pt,clip_market1501.pt,3,45.819080,24.606896,16.2,60.5
strongsort,yolov8n.pt,clip_market1501.pt,4,27.349467,46.666666,20.1,111.5
strongsort,yolov8n.pt,clip_market1501.pt,5,14.239362,76.532142,27.5,112.6
strongsort,yolov8n.pt,osnet_ibn_x1_0_msmt17.pt,1,77.093132,24.016666,10.4,338.9
strongsort,yolov8n.pt,osnet_ibn_x1_0_msmt17.pt,2,71.986280,16.130303,10.4,38.8
strongsort,yolov8n.pt,osnet_ibn_x1_0_msmt17.pt,3,77.419808,13.993103,11.3,33.3
strongsort,yolov8n.pt,osnet_ibn_x1_0_msmt17.pt,4,62.060613,18.966666,11.7,45.3
strongsort,yolov8n.pt,osnet_ibn_x1_0_msmt17.pt,5,55.210955,22.135714,12.6,54.0
strongsort,yolov8n.pt,osnet_ain_x1_0_msmt17.pt,1,73.756697,24.300000,10.8,336.4
strongsort,yolov8n.pt,osnet_ain_x1_0_msmt17.pt,2,83.924797,12.760606,10.7,24.1
strongsort,yolov8n.pt,osnet_ain_x1_0_msmt17.pt,3,74.256518,14.562068,11.8,34.6
strongsort,yolov8n.pt,osnet_ain_x1_0_msmt17.pt,4,69.870628,16.033333,12.3,46.6
strongsort,yolov8n.pt,osnet_ain_x1_0_msmt17.pt,5,66.633053,15.339285,12.7,21.0
strongsort,yolov8s.pt,osnet_x1_0_market1501.pt,1,77.799132,23.300000,10.5,328.5
strongsort,yolov8s.pt,osnet_x1_0_market1501.pt,2,59.819898,18.240000,10.6,25.6
strongsort,yolov8s.pt,osnet_x1_0_market1501.pt,3,63.250649,16.950000,12.4,37.0
strongsort,yolov8s.pt,osnet_x1_0_market1501.pt,4,73.669908,14.983333,11.3,45.6
strongsort,yolov8s.pt,osnet_x1_0_market1501.pt,5,68.978961,18.653571,11.8,80.9
strongsort,yolov8s.pt,osnet_x0_75_market1501.pt,1,77.298642,23.113333,10.4,319.4
strongsort,yolov8s.pt,osnet_x0_75_market1501.pt,2,65.010290,17.676666,10.4,25.7
strongsort,yolov8s.pt,osnet_x0_75_market1501.pt,3,57.507622,19.459375,11.4,34.6
strongsort,yolov8s.pt,osnet_x0_75_market1501.pt,4,61.959119,16.906666,13.7,30.2
strongsort,yolov8s.pt,osnet_x0_75_market1501.pt,5,60.831289,20.225000,12.1,72.0
strongsort,yolov8s.pt,osnet_x0_5_market1501.pt,1,72.363170,25.740000,10.5,354.7
strongsort,yolov8s.pt,osnet_x0_5_market1501.pt,2,63.171744,17.136666,12.3,27.0
strongsort,yolov8s.pt,osnet_x0_5_market1501.pt,3,59.473793,18.131250,13.7,40.7
strongsort,yolov8s.pt,osnet_x0_5_market1501.pt,4,58.148980,19.560000,11.7,50.5
strongsort,yolov8s.pt,osnet_x0_5_market1501.pt,5,58.978594,19.946428,14.6,96.5
strongsort,yolov8s.pt,osnet_x0_25_market1501.pt,1,81.134586,22.760000,10.2,327.3
strongsort,yolov8s.pt,osnet_x0_25_market1501.pt,2,70.970498,16.476666,10.3,36.4
strongsort,yolov8s.pt,osnet_x0_25_market1501.pt,3,72.213803,16.384375,11.1,38.0
strongsort,yolov8s.pt,osnet_x0_25_market1501.pt,4,70.864960,15.686666,11.4,56.2
strongsort,yolov8s.pt,osnet_x0_25_market1501.pt,5,63.919037,17.982142,11.8,84.2
strongsort,yolov8s.pt,clip_market1501.pt,1,76.550240,68.733333,10.4,1684.7
strongsort,yolov8s.pt,clip_market1501.pt,2,72.273763,14.310000,12.8,24.8
strongsort,yolov8s.pt,clip_market1501.pt,3,42.995956,26.587878,18.9,62.7
strongsort,yolov8s.pt,clip_market1501.pt,4,23.291345,57.668965,22.3,107.3
strongsort,yolov8s.pt,clip_market1501.pt,5,12.257657,83.410714,64.1,113.7
strongsort,yolov8s.pt,lmbn_n_market.pt,1,46.708262,36.803333,17.1,490.1
strongsort,yolov8s.pt,lmbn_n_market.pt,2,45.409049,23.403333,17.1,32.3
strongsort,yolov8s.pt,lmbn_n_market.pt,3,24.466625,46.300000,20.4,78.9
strongsort,yolov8s.pt,lmbn_n_market.pt,4,15.235518,67.679310,54.0,107.0
strongsort,yolov8s.pt,lmbn_n_market.pt,5,11.924025,86.896428,62.0,122.7
strongsort,yolov8s.pt,clip_market1501.pt,1,79.709395,68.150000,10.2,1679.7
strongsort,yolov8s.pt,clip_market1501.pt,2,64.825564,16.360000,12.8,30.5
strongsort,yolov8s.pt,clip_market1501.pt,3,44.545662,25.824242,18.6,59.7
strongsort,yolov8s.pt,clip_market1501.pt,4,22.877195,57.710344,22.0,112.6
strongsort,yolov8s.pt,clip_market1501.pt,5,11.399912,89.939285,51.5,112.4
strongsort,yolov8s.pt,osnet_ibn_x1_0_msmt17.pt,1,77.983854,23.473333,10.6,334.5
strongsort,yolov8s.pt,osnet_ibn_x1_0_msmt17.pt,2,85.024976,12.646666,10.6,24.0
strongsort,yolov8s.pt,osnet_ibn_x1_0_msmt17.pt,3,72.376255,14.643750,11.4,35.5
strongsort,yolov8s.pt,osnet_ibn_x1_0_msmt17.pt,4,63.527283,16.180000,13.9,31.0
strongsort,yolov8s.pt,osnet_ibn_x1_0_msmt17.pt,5,63.630604,17.003571,12.3,52.6
strongsort,yolov8s.pt,osnet_ain_x1_0_msmt17.pt,1,65.915546,27.676666,10.9,358.2
strongsort,yolov8s.pt,osnet_ain_x1_0_msmt17.pt,2,77.623581,14.666666,10.8,38.9
strongsort,yolov8s.pt,osnet_ain_x1_0_msmt17.pt,3,64.126826,16.446875,11.9,34.8
strongsort,yolov8s.pt,osnet_ain_x1_0_msmt17.pt,4,58.722021,18.326666,14.6,49.2
strongsort,yolov8s.pt,osnet_ain_x1_0_msmt17.pt,5,49.882722,22.507142,14.5,60.7
strongsort,yolov8m.pt,osnet_x1_0_market1501.pt,1,68.045901,25.086666,12.6,331.4
strongsort,yolov8m.pt,osnet_x1_0_market1501.pt,2,77.932377,13.456666,12.0,25.0
strongsort,yolov8m.pt,osnet_x1_0_market1501.pt,3,69.654538,15.115625,12.9,35.9
strongsort,yolov8m.pt,osnet_x1_0_market1501.pt,4,62.656987,17.803333,13.0,46.9
strongsort,yolov8m.pt,osnet_x1_0_market1501.pt,5,62.206302,16.925000,13.5,34.1
strongsort,yolov8m.pt,osnet_x0_75_market1501.pt,1,66.167397,25.210000,12.4,321.9
strongsort,yolov8m.pt,osnet_x0_75_market1501.pt,2,58.337015,18.823333,12.2,31.7
strongsort,yolov8m.pt,osnet_x0_75_market1501.pt,3,68.180724,15.631250,12.9,40.0
strongsort,yolov8m.pt,osnet_x0_75_market1501.pt,4,54.391232,19.803333,15.1,31.9
strongsort,yolov8m.pt,osnet_x0_75_market1501.pt,5,48.454224,21.557142,15.5,31.5
strongsort,yolov8m.pt,osnet_x0_5_market1501.pt,1,69.639446,24.253333,12.1,316.5
strongsort,yolov8m.pt,osnet_x0_5_market1501.pt,2,77.733039,13.783333,11.9,35.0
strongsort,yolov8m.pt,osnet_x0_5_market1501.pt,3,68.215618,15.428125,12.9,36.2
strongsort,yolov8m.pt,osnet_x0_5_market1501.pt,4,67.993038,15.220000,13.2,30.9
strongsort,yolov8m.pt,osnet_x0_5_market1501.pt,5,56.004728,20.185714,15.7,71.5
strongsort,yolov8m.pt,osnet_x0_25_market1501.pt,1,65.748563,25.483333,12.4,324.7
strongsort,yolov8m.pt,osnet_x0_25_market1501.pt,2,74.200659,14.113333,12.2,26.2
strongsort,yolov8m.pt,osnet_x0_25_market1501.pt,3,68.854445,15.337500,12.8,36.9
strongsort,yolov8m.pt,osnet_x0_25_market1501.pt,4,63.397305,18.293333,13.0,46.5
strongsort,yolov8m.pt,osnet_x0_25_market1501.pt,5,45.349929,30.800000,15.5,97.1
strongsort,yolov8m.pt,clip_market1501.pt,1,57.085596,72.780000,11.8,1635.7
strongsort,yolov8m.pt,clip_market1501.pt,2,61.722325,17.156666,14.5,36.4
strongsort,yolov8m.pt,clip_market1501.pt,3,37.796990,30.181250,20.4,72.8
strongsort,yolov8m.pt,clip_market1501.pt,4,23.263645,54.470000,24.0,108.8
strongsort,yolov8m.pt,clip_market1501.pt,5,12.149956,85.232142,49.9,112.9
strongsort,yolov8m.pt,lmbn_n_market.pt,1,38.858332,40.763333,19.9,485.0
strongsort,yolov8m.pt,lmbn_n_market.pt,2,34.262587,33.560000,19.4,54.2
strongsort,yolov8m.pt,lmbn_n_market.pt,3,22.953271,48.862500,24.6,77.5
strongsort,yolov8m.pt,lmbn_n_market.pt,4,14.572656,70.223333,57.7,119.0
strongsort,yolov8m.pt,lmbn_n_market.pt,5,11.969990,85.746428,65.7,118.1
strongsort,yolov8m.pt,clip_market1501.pt,1,69.007408,69.030000,11.8,1653.4
strongsort,yolov8m.pt,clip_market1501.pt,2,63.124804,16.446666,14.6,26.6
strongsort,yolov8m.pt,clip_market1501.pt,3,40.746735,27.803125,20.6,72.4
strongsort,yolov8m.pt,clip_market1501.pt,4,22.710163,57.116666,23.8,100.7
strongsort,yolov8m.pt,clip_market1501.pt,5,11.892702,87.385714,49.7,115.3
strongsort,yolov8m.pt,osnet_ibn_x1_0_msmt17.pt,1,63.713108,26.703333,12.6,339.3
strongsort,yolov8m.pt,osnet_ibn_x1_0_msmt17.pt,2,75.358600,14.470000,12.4,41.0
strongsort,yolov8m.pt,osnet_ibn_x1_0_msmt17.pt,3,66.758756,15.840625,13.3,38.8
strongsort,yolov8m.pt,osnet_ibn_x1_0_msmt17.pt,4,67.443321,15.376666,13.3,32.0
strongsort,yolov8m.pt,osnet_ibn_x1_0_msmt17.pt,5,64.042541,17.603571,13.7,76.5
strongsort,yolov8m.pt,osnet_ain_x1_0_msmt17.pt,1,63.753842,26.583333,13.4,347.9
strongsort,yolov8m.pt,osnet_ain_x1_0_msmt17.pt,2,49.721445,22.040000,14.3,44.5
strongsort,yolov8m.pt,osnet_ain_x1_0_msmt17.pt,3,62.860589,16.906250,13.8,46.0
strongsort,yolov8m.pt,osnet_ain_x1_0_msmt17.pt,4,65.499761,15.800000,13.8,32.3
strongsort,yolov8m.pt,osnet_ain_x1_0_msmt17.pt,5,56.611478,20.939285,14.2,87.9
strongsort,yolov8l.pt,osnet_x1_0_market1501.pt,1,56.896487,27.523333,14.8,321.9
strongsort,yolov8l.pt,osnet_x1_0_market1501.pt,2,66.809679,15.593333,14.0,29.3
strongsort,yolov8l.pt,osnet_x1_0_market1501.pt,3,58.645358,17.756250,14.9,37.9
strongsort,yolov8l.pt,osnet_x1_0_market1501.pt,4,60.687947,16.943333,15.0,32.9
strongsort,yolov8l.pt,osnet_x1_0_market1501.pt,5,52.023565,22.182142,15.4,92.7
strongsort,yolov8l.pt,osnet_x0_75_market1501.pt,1,50.699404,30.483333,15.2,327.0
strongsort,yolov8l.pt,osnet_x0_75_market1501.pt,2,62.955127,16.746666,14.1,28.7
strongsort,yolov8l.pt,osnet_x0_75_market1501.pt,3,58.970704,17.793750,15.1,42.3
strongsort,yolov8l.pt,osnet_x0_75_market1501.pt,4,53.988674,18.976666,15.7,34.9
strongsort,yolov8l.pt,osnet_x0_75_market1501.pt,5,55.096505,20.960714,15.7,104.8
strongsort,yolov8l.pt,osnet_x0_5_market1501.pt,1,55.231142,28.490000,14.8,326.8
strongsort,yolov8l.pt,osnet_x0_5_market1501.pt,2,64.635915,16.346666,14.0,30.6
strongsort,yolov8l.pt,osnet_x0_5_market1501.pt,3,58.139704,17.881250,15.2,37.5
strongsort,yolov8l.pt,osnet_x0_5_market1501.pt,4,58.507475,17.586666,15.4,33.1
strongsort,yolov8l.pt,osnet_x0_5_market1501.pt,5,45.785714,27.417857,16.1,95.6
strongsort,yolov8l.pt,osnet_x0_25_market1501.pt,1,59.217009,27.146666,14.0,331.9
strongsort,yolov8l.pt,osnet_x0_25_market1501.pt,2,59.217829,17.946666,14.1,29.2
strongsort,yolov8l.pt,osnet_x0_25_market1501.pt,3,57.637351,18.156250,15.1,36.5
strongsort,yolov8l.pt,osnet_x0_25_market1501.pt,4,50.728768,20.940000,15.6,36.1
strongsort,yolov8l.pt,osnet_x0_25_market1501.pt,5,45.298542,25.646428,18.0,106.2
strongsort,yolov8l.pt,clip_market1501.pt,1,56.514728,72.200000,13.8,1637.0
strongsort,yolov8l.pt,clip_market1501.pt,2,56.203108,18.150000,16.8,27.9
strongsort,yolov8l.pt,clip_market1501.pt,3,37.771323,28.868750,22.9,67.9
strongsort,yolov8l.pt,clip_market1501.pt,4,22.029039,54.826666,26.5,101.0
strongsort,yolov8l.pt,clip_market1501.pt,5,11.711608,89.328571,33.2,107.8
strongsort,yolov8l.pt,lmbn_n_market.pt,1,37.926759,46.353333,21.6,617.2
strongsort,yolov8l.pt,lmbn_n_market.pt,2,30.430299,34.836666,23.7,53.3
strongsort,yolov8l.pt,lmbn_n_market.pt,3,22.320708,49.846875,25.9,82.4
strongsort,yolov8l.pt,lmbn_n_market.pt,4,11.605513,88.556666,61.6,115.0
strongsort,yolov8l.pt,lmbn_n_market.pt,5,10.694655,96.475000,70.0,131.3
strongsort,yolov8l.pt,clip_market1501.pt,1,60.764246,72.680000,13.9,1709.1
strongsort,yolov8l.pt,clip_market1501.pt,2,56.300331,18.136666,16.3,28.4
strongsort,yolov8l.pt,clip_market1501.pt,3,36.988310,29.787500,23.0,62.6
strongsort,yolov8l.pt,clip_market1501.pt,4,21.414939,59.670000,25.9,115.5
strongsort,yolov8l.pt,clip_market1501.pt,5,11.593971,87.975000,70.0,113.6
strongsort,yolov8l.pt,osnet_ibn_x1_0_msmt17.pt,1,56.709097,29.573333,15.1,381.0
strongsort,yolov8l.pt,osnet_ibn_x1_0_msmt17.pt,2,67.244291,15.276666,14.1,26.5
strongsort,yolov8l.pt,osnet_ibn_x1_0_msmt17.pt,3,59.824842,17.437500,15.0,38.8
strongsort,yolov8l.pt,osnet_ibn_x1_0_msmt17.pt,4,58.728464,17.516666,15.3,35.0
strongsort,yolov8l.pt,osnet_ibn_x1_0_msmt17.pt,5,51.277822,20.807142,17.9,65.7
strongsort,yolov8l.pt,osnet_ain_x1_0_msmt17.pt,1,56.332714,27.943333,15.3,333.0
strongsort,yolov8l.pt,osnet_ain_x1_0_msmt17.pt,2,64.580953,16.040000,14.5,28.4
strongsort,yolov8l.pt,osnet_ain_x1_0_msmt17.pt,3,58.002635,17.975000,15.5,39.6
strongsort,yolov8l.pt,osnet_ain_x1_0_msmt17.pt,4,54.617749,19.260000,15.6,39.7
strongsort,yolov8l.pt,osnet_ain_x1_0_msmt17.pt,5,47.903600,22.657142,18.5,72.8
strongsort,yolov8x.pt,osnet_x1_0_market1501.pt,1,43.750091,33.176666,17.9,334.8
strongsort,yolov8x.pt,osnet_x1_0_market1501.pt,2,50.528186,20.556666,17.3,30.3
strongsort,yolov8x.pt,osnet_x1_0_market1501.pt,3,50.122966,20.643750,18.2,42.3
strongsort,yolov8x.pt,osnet_x1_0_market1501.pt,4,50.745304,20.110000,18.3,36.1
strongsort,yolov8x.pt,osnet_x1_0_market1501.pt,5,45.965048,23.382142,18.7,77.0
strongsort,yolov8x.pt,osnet_x0_75_market1501.pt,1,45.625934,32.453333,17.2,332.3
strongsort,yolov8x.pt,osnet_x0_75_market1501.pt,2,53.389564,19.483333,17.0,31.8
strongsort,yolov8x.pt,osnet_x0_75_market1501.pt,3,47.564369,21.887500,18.3,45.3
strongsort,yolov8x.pt,osnet_x0_75_market1501.pt,4,47.354605,21.563333,18.3,38.5
strongsort,yolov8x.pt,osnet_x0_75_market1501.pt,5,44.883328,24.557142,18.9,96.7
strongsort,yolov8x.pt,osnet_x0_5_market1501.pt,1,44.885493,32.246666,17.3,308.7
strongsort,yolov8x.pt,osnet_x0_5_market1501.pt,2,51.631445,20.470000,17.1,43.3
strongsort,yolov8x.pt,osnet_x0_5_market1501.pt,3,49.662090,20.834375,18.4,42.2
strongsort,yolov8x.pt,osnet_x0_5_market1501.pt,4,49.551951,20.663333,18.3,39.5
strongsort,yolov8x.pt,osnet_x0_5_market1501.pt,5,43.596470,23.128571,21.3,29.1
strongsort,yolov8x.pt,osnet_x0_25_market1501.pt,1,47.556632,30.516666,17.4,308.4
strongsort,yolov8x.pt,osnet_x0_25_market1501.pt,2,54.743842,18.720000,17.1,33.9
strongsort,yolov8x.pt,osnet_x0_25_market1501.pt,3,43.155302,24.578125,19.0,55.0
strongsort,yolov8x.pt,osnet_x0_25_market1501.pt,4,43.607295,23.916666,18.6,43.3
strongsort,yolov8x.pt,osnet_x0_25_market1501.pt,5,41.101803,26.500000,21.3,86.0
strongsort,yolov8x.pt,clip_market1501.pt,1,50.534723,74.183333,17.3,1662.1
strongsort,yolov8x.pt,clip_market1501.pt,2,44.448338,23.073333,20.3,37.3
strongsort,yolov8x.pt,clip_market1501.pt,3,31.975735,33.896875,26.2,73.0
strongsort,yolov8x.pt,clip_market1501.pt,4,20.133406,58.900000,30.8,114.6
strongsort,yolov8x.pt,clip_market1501.pt,5,11.170223,91.039285,72.3,119.4
strongsort,yolov8x.pt,lmbn_n_market.pt,1,34.604909,48.616666,24.0,638.1
strongsort,yolov8x.pt,lmbn_n_market.pt,2,33.696072,30.563333,24.1,40.1
strongsort,yolov8x.pt,lmbn_n_market.pt,3,20.784388,53.696875,28.8,89.8
strongsort,yolov8x.pt,lmbn_n_market.pt,4,14.085292,72.353333,57.8,110.2
strongsort,yolov8x.pt,lmbn_n_market.pt,5,9.889036,102.821428,71.3,118.7
strongsort,yolov8x.pt,clip_market1501.pt,1,49.644899,74.810000,17.3,1667.4
strongsort,yolov8x.pt,clip_market1501.pt,2,44.074772,23.140000,20.0,34.6
strongsort,yolov8x.pt,clip_market1501.pt,3,32.067788,34.356250,26.8,79.1
strongsort,yolov8x.pt,clip_market1501.pt,4,20.795098,56.553333,30.2,103.4
strongsort,yolov8x.pt,clip_market1501.pt,5,10.943666,92.803571,71.7,115.3
strongsort,yolov8x.pt,osnet_ibn_x1_0_msmt17.pt,1,48.273784,30.993333,17.5,339.8
strongsort,yolov8x.pt,osnet_ibn_x1_0_msmt17.pt,2,47.881381,21.610000,17.6,31.1
strongsort,yolov8x.pt,osnet_ibn_x1_0_msmt17.pt,3,44.505608,23.165625,19.0,41.9
strongsort,yolov8x.pt,osnet_ibn_x1_0_msmt17.pt,4,46.183225,22.610000,18.6,49.8
strongsort,yolov8x.pt,osnet_ibn_x1_0_msmt17.pt,5,43.811447,24.360714,19.1,76.5
strongsort,yolov8x.pt,osnet_ain_x1_0_msmt17.pt,1,47.108505,31.526666,17.8,338.6
strongsort,yolov8x.pt,osnet_ain_x1_0_msmt17.pt,2,51.819344,20.276666,17.7,35.2
strongsort,yolov8x.pt,osnet_ain_x1_0_msmt17.pt,3,45.554270,22.459375,19.3,41.4
strongsort,yolov8x.pt,osnet_ain_x1_0_msmt17.pt,4,47.190239,21.613333,18.7,36.3
strongsort,yolov8x.pt,osnet_ain_x1_0_msmt17.pt,5,48.244124,22.310714,19.1,76.6
ocsort,yolov8n.pt,osnet_x1_0_market1501.pt,1,247.057390,10.151515,3.6,208.9
ocsort,yolov8n.pt,osnet_x1_0_market1501.pt,2,245.913055,4.072727,3.9,4.6
ocsort,yolov8n.pt,osnet_x1_0_market1501.pt,3,230.221108,4.351515,4.2,4.7
ocsort,yolov8n.pt,osnet_x1_0_market1501.pt,4,222.687833,4.496296,4.3,4.8
ocsort,yolov8n.pt,osnet_x1_0_market1501.pt,5,214.676010,4.866666,4.4,12.3
ocsort,yolov8n.pt,osnet_x0_75_market1501.pt,1,244.265121,10.006060,3.6,202.5
ocsort,yolov8n.pt,osnet_x0_75_market1501.pt,2,242.223586,4.139393,4.0,4.6
ocsort,yolov8n.pt,osnet_x0_75_market1501.pt,3,226.670821,4.424242,4.2,4.8
ocsort,yolov8n.pt,osnet_x0_75_market1501.pt,4,219.334545,4.562962,4.4,4.9
ocsort,yolov8n.pt,osnet_x0_75_market1501.pt,5,215.458115,4.666666,4.5,6.7
ocsort,yolov8n.pt,osnet_x0_5_market1501.pt,1,251.756764,10.021212,3.6,206.8
ocsort,yolov8n.pt,osnet_x0_5_market1501.pt,2,249.959189,4.009090,3.9,4.5
ocsort,yolov8n.pt,osnet_x0_5_market1501.pt,3,233.115422,4.290909,4.0,4.6
ocsort,yolov8n.pt,osnet_x0_5_market1501.pt,4,226.111843,4.425925,4.3,4.7
ocsort,yolov8n.pt,osnet_x0_5_market1501.pt,5,221.420797,4.554166,4.3,6.7
ocsort,yolov8n.pt,osnet_x0_25_market1501.pt,1,251.801490,9.975757,3.6,205.6
ocsort,yolov8n.pt,osnet_x0_25_market1501.pt,2,251.093303,3.996969,3.8,4.4
ocsort,yolov8n.pt,osnet_x0_25_market1501.pt,3,236.072452,4.239393,4.0,4.7
ocsort,yolov8n.pt,osnet_x0_25_market1501.pt,4,227.603679,4.388888,4.2,4.6
ocsort,yolov8n.pt,osnet_x0_25_market1501.pt,5,223.177473,4.508333,4.3,6.3
ocsort,yolov8n.pt,clip_market1501.pt,1,250.243119,9.736363,3.6,196.9
ocsort,yolov8n.pt,clip_market1501.pt,2,246.593846,4.057575,3.9,4.5
ocsort,yolov8n.pt,clip_market1501.pt,3,231.817772,4.309090,4.1,4.6
ocsort,yolov8n.pt,clip_market1501.pt,4,223.891783,4.474074,4.3,4.9
ocsort,yolov8n.pt,clip_market1501.pt,5,220.104549,4.579166,4.3,6.7
ocsort,yolov8n.pt,lmbn_n_market.pt,1,255.314555,9.606060,3.6,194.9
ocsort,yolov8n.pt,lmbn_n_market.pt,2,252.373215,3.972727,3.8,4.4
ocsort,yolov8n.pt,lmbn_n_market.pt,3,236.770692,4.230303,4.0,4.5
ocsort,yolov8n.pt,lmbn_n_market.pt,4,230.095004,4.355555,4.2,4.8
ocsort,yolov8n.pt,lmbn_n_market.pt,5,222.471815,4.541666,4.3,6.3
ocsort,yolov8n.pt,clip_market1501.pt,1,253.952538,9.721212,3.6,198.1
ocsort,yolov8n.pt,clip_market1501.pt,2,248.730357,4.018181,3.9,4.5
ocsort,yolov8n.pt,clip_market1501.pt,3,232.831514,4.300000,4.1,4.7
ocsort,yolov8n.pt,clip_market1501.pt,4,224.142448,4.462962,4.2,4.8
ocsort,yolov8n.pt,clip_market1501.pt,5,221.800653,4.525000,4.3,6.2
ocsort,yolov8n.pt,osnet_ibn_x1_0_msmt17.pt,1,252.903072,9.830303,3.5,201.4
ocsort,yolov8n.pt,osnet_ibn_x1_0_msmt17.pt,2,251.448955,3.981818,3.8,4.5
ocsort,yolov8n.pt,osnet_ibn_x1_0_msmt17.pt,3,237.334269,4.221212,4.0,4.5
ocsort,yolov8n.pt,osnet_ibn_x1_0_msmt17.pt,4,229.549516,4.366666,4.2,4.8
ocsort,yolov8n.pt,osnet_ibn_x1_0_msmt17.pt,5,221.316252,4.791666,4.3,13.8
ocsort,yolov8n.pt,osnet_ain_x1_0_msmt17.pt,1,251.241530,9.893939,3.6,202.6
ocsort,yolov8n.pt,osnet_ain_x1_0_msmt17.pt,2,250.515607,4.003030,3.9,4.5
ocsort,yolov8n.pt,osnet_ain_x1_0_msmt17.pt,3,236.835015,4.230303,4.0,4.5
ocsort,yolov8n.pt,osnet_ain_x1_0_msmt17.pt,4,229.858759,4.351851,4.2,4.7
ocsort,yolov8n.pt,osnet_ain_x1_0_msmt17.pt,5,224.846293,4.479166,4.3,6.2
ocsort,yolov8s.pt,osnet_x1_0_market1501.pt,1,243.983757,9.809090,3.8,195.2
ocsort,yolov8s.pt,osnet_x1_0_market1501.pt,2,245.340160,4.070000,4.0,4.3
ocsort,yolov8s.pt,osnet_x1_0_market1501.pt,3,221.653420,4.521875,4.2,5.8
ocsort,yolov8s.pt,osnet_x1_0_market1501.pt,4,206.422666,4.846428,4.7,5.0
ocsort,yolov8s.pt,osnet_x1_0_market1501.pt,5,202.735273,4.959259,4.8,6.8
ocsort,yolov8s.pt,osnet_x0_75_market1501.pt,1,243.422298,9.727272,3.8,193.3
ocsort,yolov8s.pt,osnet_x0_75_market1501.pt,2,241.336539,4.143333,4.0,4.4
ocsort,yolov8s.pt,osnet_x0_75_market1501.pt,3,216.115001,4.643750,4.3,5.1
ocsort,yolov8s.pt,osnet_x0_75_market1501.pt,4,199.607627,5.017857,4.8,5.3
ocsort,yolov8s.pt,osnet_x0_75_market1501.pt,5,196.881359,5.100000,4.9,6.9
ocsort,yolov8s.pt,osnet_x0_5_market1501.pt,1,244.754447,9.736363,3.8,194.1
ocsort,yolov8s.pt,osnet_x0_5_market1501.pt,2,245.767348,4.073333,4.0,4.3
ocsort,yolov8s.pt,osnet_x0_5_market1501.pt,3,225.573880,4.440625,4.1,5.0
ocsort,yolov8s.pt,osnet_x0_5_market1501.pt,4,208.549317,4.792857,4.6,4.9
ocsort,yolov8s.pt,osnet_x0_5_market1501.pt,5,203.047069,5.122222,4.7,13.4
ocsort,yolov8s.pt,osnet_x0_25_market1501.pt,1,241.580658,10.072727,3.9,203.5
ocsort,yolov8s.pt,osnet_x0_25_market1501.pt,2,245.144307,4.066666,4.0,4.2
ocsort,yolov8s.pt,osnet_x0_25_market1501.pt,3,226.042312,4.428125,4.1,5.0
ocsort,yolov8s.pt,osnet_x0_25_market1501.pt,4,206.594192,4.842857,4.7,5.0
ocsort,yolov8s.pt,osnet_x0_25_market1501.pt,5,202.047855,4.966666,4.8,6.7
ocsort,yolov8s.pt,clip_market1501.pt,1,246.726389,9.651515,3.8,192.5
ocsort,yolov8s.pt,clip_market1501.pt,2,244.689386,4.086666,4.0,4.4
ocsort,yolov8s.pt,clip_market1501.pt,3,223.866145,4.481250,4.2,5.0
ocsort,yolov8s.pt,clip_market1501.pt,4,207.525797,4.825000,4.7,5.0
ocsort,yolov8s.pt,clip_market1501.pt,5,203.798440,4.937037,4.7,7.0
ocsort,yolov8s.pt,lmbn_n_market.pt,1,243.252049,9.766666,3.8,194.2
ocsort,yolov8s.pt,lmbn_n_market.pt,2,245.721379,4.063333,4.0,4.3
ocsort,yolov8s.pt,lmbn_n_market.pt,3,226.175482,4.434375,4.1,4.9
ocsort,yolov8s.pt,lmbn_n_market.pt,4,206.837471,4.839285,4.7,5.0
ocsort,yolov8s.pt,lmbn_n_market.pt,5,203.875314,4.914814,4.8,6.4
ocsort,yolov8s.pt,clip_market1501.pt,1,245.968889,9.663636,3.8,192.3
ocsort,yolov8s.pt,clip_market1501.pt,2,243.263771,4.116666,4.0,4.4
ocsort,yolov8s.pt,clip_market1501.pt,3,223.281432,4.490625,4.1,5.3
ocsort,yolov8s.pt,clip_market1501.pt,4,205.020626,4.878571,4.6,5.3
ocsort,yolov8s.pt,clip_market1501.pt,5,205.312301,4.877777,4.7,6.0
ocsort,yolov8s.pt,osnet_ibn_x1_0_msmt17.pt,1,245.420014,9.709090,3.8,193.4
ocsort,yolov8s.pt,osnet_ibn_x1_0_msmt17.pt,2,244.602911,4.093333,4.0,4.3
ocsort,yolov8s.pt,osnet_ibn_x1_0_msmt17.pt,3,222.873021,4.500000,4.3,4.9
ocsort,yolov8s.pt,osnet_ibn_x1_0_msmt17.pt,4,206.534766,4.835714,4.7,5.0
ocsort,yolov8s.pt,osnet_ibn_x1_0_msmt17.pt,5,203.817128,4.922222,4.7,6.9
ocsort,yolov8s.pt,osnet_ain_x1_0_msmt17.pt,1,246.742994,9.903030,3.8,200.5
ocsort,yolov8s.pt,osnet_ain_x1_0_msmt17.pt,2,245.797360,4.076666,4.0,4.2
ocsort,yolov8s.pt,osnet_ain_x1_0_msmt17.pt,3,221.426251,4.531250,4.2,5.0
ocsort,yolov8s.pt,osnet_ain_x1_0_msmt17.pt,4,204.505536,4.889285,4.7,5.2
ocsort,yolov8s.pt,osnet_ain_x1_0_msmt17.pt,5,203.521478,4.922222,4.7,6.4
ocsort,yolov8m.pt,osnet_x1_0_market1501.pt,1,161.464479,11.778787,5.3,196.0
ocsort,yolov8m.pt,osnet_x1_0_market1501.pt,2,182.537642,5.476666,5.4,5.7
ocsort,yolov8m.pt,osnet_x1_0_market1501.pt,3,168.354842,5.956666,5.6,6.4
ocsort,yolov8m.pt,osnet_x1_0_market1501.pt,4,156.908050,6.380000,6.3,6.5
ocsort,yolov8m.pt,osnet_x1_0_market1501.pt,5,154.528479,6.481481,6.3,8.2
ocsort,yolov8m.pt,osnet_x0_75_market1501.pt,1,160.816565,11.909090,5.7,199.9
ocsort,yolov8m.pt,osnet_x0_75_market1501.pt,2,173.223191,5.770000,5.5,5.9
ocsort,yolov8m.pt,osnet_x0_75_market1501.pt,3,167.427930,5.986666,5.6,6.6
ocsort,yolov8m.pt,osnet_x0_75_market1501.pt,4,155.075606,6.446666,6.3,6.6
ocsort,yolov8m.pt,osnet_x0_75_market1501.pt,5,152.328922,6.581481,6.4,8.5
ocsort,yolov8m.pt,osnet_x0_5_market1501.pt,1,161.539151,11.833333,5.6,197.8
ocsort,yolov8m.pt,osnet_x0_5_market1501.pt,2,174.747484,5.723333,5.4,5.9
ocsort,yolov8m.pt,osnet_x0_5_market1501.pt,3,167.974292,5.966666,5.7,6.4
ocsort,yolov8m.pt,osnet_x0_5_market1501.pt,4,156.121610,6.410000,6.3,6.6
ocsort,yolov8m.pt,osnet_x0_5_market1501.pt,5,153.641945,6.537037,6.4,8.4
ocsort,yolov8m.pt,osnet_x0_25_market1501.pt,1,157.186520,11.918181,6.0,195.5
ocsort,yolov8m.pt,osnet_x0_25_market1501.pt,2,179.414893,5.593333,5.4,6.2
ocsort,yolov8m.pt,osnet_x0_25_market1501.pt,3,167.849933,5.963333,5.6,6.4
ocsort,yolov8m.pt,osnet_x0_25_market1501.pt,4,156.457813,6.396666,6.3,6.7
ocsort,yolov8m.pt,osnet_x0_25_market1501.pt,5,154.421267,6.503703,6.3,8.9
ocsort,yolov8m.pt,clip_market1501.pt,1,157.782803,12.066666,6.0,201.6
ocsort,yolov8m.pt,clip_market1501.pt,2,170.587586,5.883333,5.4,6.3
ocsort,yolov8m.pt,clip_market1501.pt,3,168.811917,5.933333,5.6,6.5
ocsort,yolov8m.pt,clip_market1501.pt,4,157.051434,6.373333,6.2,6.5
ocsort,yolov8m.pt,clip_market1501.pt,5,154.548504,6.481481,6.3,8.0
ocsort,yolov8m.pt,lmbn_n_market.pt,1,158.302778,11.972727,6.0,198.6
ocsort,yolov8m.pt,lmbn_n_market.pt,2,177.154091,5.656666,5.4,6.3
ocsort,yolov8m.pt,lmbn_n_market.pt,3,168.410817,5.950000,5.6,6.5
ocsort,yolov8m.pt,lmbn_n_market.pt,4,157.269631,6.363333,6.3,6.5
ocsort,yolov8m.pt,lmbn_n_market.pt,5,155.335205,6.451851,6.2,8.4
ocsort,yolov8m.pt,clip_market1501.pt,1,158.903129,11.866666,6.0,196.1
ocsort,yolov8m.pt,clip_market1501.pt,2,178.046690,5.626666,5.4,6.2
ocsort,yolov8m.pt,clip_market1501.pt,3,168.080806,5.970000,5.6,6.5
ocsort,yolov8m.pt,clip_market1501.pt,4,157.004943,6.383333,6.2,6.5
ocsort,yolov8m.pt,clip_market1501.pt,5,154.487399,6.477777,6.2,8.1
ocsort,yolov8m.pt,osnet_ibn_x1_0_msmt17.pt,1,157.024188,11.996969,6.0,198.0
ocsort,yolov8m.pt,osnet_ibn_x1_0_msmt17.pt,2,181.465029,5.523333,5.4,6.2
ocsort,yolov8m.pt,osnet_ibn_x1_0_msmt17.pt,3,167.465671,5.980000,5.6,6.5
ocsort,yolov8m.pt,osnet_ibn_x1_0_msmt17.pt,4,155.951827,6.406666,6.3,6.5
ocsort,yolov8m.pt,osnet_ibn_x1_0_msmt17.pt,5,153.780461,6.514814,6.3,8.3
ocsort,yolov8m.pt,osnet_ain_x1_0_msmt17.pt,1,157.063598,12.296969,6.1,208.0
ocsort,yolov8m.pt,osnet_ain_x1_0_msmt17.pt,2,168.044769,5.976666,5.4,6.4
ocsort,yolov8m.pt,osnet_ain_x1_0_msmt17.pt,3,167.672768,5.976666,5.7,6.5
ocsort,yolov8m.pt,osnet_ain_x1_0_msmt17.pt,4,155.998383,6.416666,6.2,6.5
ocsort,yolov8m.pt,osnet_ain_x1_0_msmt17.pt,5,151.894751,6.737037,6.4,14.1
ocsort,yolov8l.pt,osnet_x1_0_market1501.pt,1,122.115819,13.642424,7.3,194.9
ocsort,yolov8l.pt,osnet_x1_0_market1501.pt,2,134.327596,7.445454,7.3,7.7
ocsort,yolov8l.pt,osnet_x1_0_market1501.pt,3,126.540336,7.900000,7.6,8.5
ocsort,yolov8l.pt,osnet_x1_0_market1501.pt,4,121.142095,8.260606,8.1,8.5
ocsort,yolov8l.pt,osnet_x1_0_market1501.pt,5,119.119776,8.413636,8.3,10.4
ocsort,yolov8l.pt,osnet_x0_75_market1501.pt,1,122.710292,13.593939,7.3,194.5
ocsort,yolov8l.pt,osnet_x0_75_market1501.pt,2,134.484052,7.436363,7.3,7.7
ocsort,yolov8l.pt,osnet_x0_75_market1501.pt,3,126.363552,7.917241,7.6,8.4
ocsort,yolov8l.pt,osnet_x0_75_market1501.pt,4,120.832692,8.272727,8.1,8.5
ocsort,yolov8l.pt,osnet_x0_75_market1501.pt,5,119.606675,8.372727,8.2,10.0
ocsort,yolov8l.pt,osnet_x0_5_market1501.pt,1,124.987431,13.506060,7.3,196.3
ocsort,yolov8l.pt,osnet_x0_5_market1501.pt,2,133.410418,7.490909,7.4,7.8
ocsort,yolov8l.pt,osnet_x0_5_market1501.pt,3,125.471135,7.979310,7.6,8.7
ocsort,yolov8l.pt,osnet_x0_5_market1501.pt,4,119.925793,8.351515,8.2,8.5
ocsort,yolov8l.pt,osnet_x0_5_market1501.pt,5,118.182197,8.454545,8.3,9.7
ocsort,yolov8l.pt,osnet_x0_25_market1501.pt,1,119.403483,13.700000,7.4,191.6
ocsort,yolov8l.pt,osnet_x0_25_market1501.pt,2,133.755395,7.472727,7.3,7.8
ocsort,yolov8l.pt,osnet_x0_25_market1501.pt,3,125.747795,7.958620,7.6,8.5
ocsort,yolov8l.pt,osnet_x0_25_market1501.pt,4,120.093847,8.330303,8.1,8.6
ocsort,yolov8l.pt,osnet_x0_25_market1501.pt,5,118.887134,8.427272,8.3,10.2
ocsort,yolov8l.pt,clip_market1501.pt,1,123.217542,13.581818,7.3,195.3
ocsort,yolov8l.pt,clip_market1501.pt,2,134.204671,7.457575,7.3,7.8
ocsort,yolov8l.pt,clip_market1501.pt,3,126.134127,7.927586,7.6,8.4
ocsort,yolov8l.pt,clip_market1501.pt,4,120.644174,8.293939,8.1,8.5
ocsort,yolov8l.pt,clip_market1501.pt,5,119.562170,8.368181,8.2,9.8
ocsort,yolov8l.pt,lmbn_n_market.pt,1,124.096450,13.260606,7.3,186.5
ocsort,yolov8l.pt,lmbn_n_market.pt,2,133.220599,7.524242,7.4,9.5
ocsort,yolov8l.pt,lmbn_n_market.pt,3,124.716563,8.037931,7.6,9.3
ocsort,yolov8l.pt,lmbn_n_market.pt,4,119.871705,8.345454,8.2,8.6
ocsort,yolov8l.pt,lmbn_n_market.pt,5,118.761636,8.427272,8.3,9.8
ocsort,yolov8l.pt,clip_market1501.pt,1,123.233980,13.336363,7.2,187.0
ocsort,yolov8l.pt,clip_market1501.pt,2,134.694677,7.418181,7.3,7.7
ocsort,yolov8l.pt,clip_market1501.pt,3,126.547047,7.913793,7.6,8.5
ocsort,yolov8l.pt,clip_market1501.pt,4,121.194305,8.251515,8.0,8.5
ocsort,yolov8l.pt,clip_market1501.pt,5,119.447421,8.404545,8.2,11.3
ocsort,yolov8l.pt,osnet_ibn_x1_0_msmt17.pt,1,124.977720,13.369696,7.3,191.6
ocsort,yolov8l.pt,osnet_ibn_x1_0_msmt17.pt,2,134.733763,7.427272,7.3,7.8
ocsort,yolov8l.pt,osnet_ibn_x1_0_msmt17.pt,3,126.240266,7.924137,7.6,8.5
ocsort,yolov8l.pt,osnet_ibn_x1_0_msmt17.pt,4,120.920615,8.272727,8.1,8.5
ocsort,yolov8l.pt,osnet_ibn_x1_0_msmt17.pt,5,119.487439,8.381818,8.2,10.0
ocsort,yolov8l.pt,osnet_ain_x1_0_msmt17.pt,1,123.338836,13.500000,7.3,192.8
ocsort,yolov8l.pt,osnet_ain_x1_0_msmt17.pt,2,133.224522,7.506060,7.4,7.9
ocsort,yolov8l.pt,osnet_ain_x1_0_msmt17.pt,3,125.723134,7.948275,7.6,8.5
ocsort,yolov8l.pt,osnet_ain_x1_0_msmt17.pt,4,119.923681,8.339393,8.1,8.5
ocsort,yolov8l.pt,osnet_ain_x1_0_msmt17.pt,5,119.001079,8.409090,8.2,10.2
ocsort,yolov8x.pt,osnet_x1_0_market1501.pt,1,84.463027,16.587878,10.6,178.2
ocsort,yolov8x.pt,osnet_x1_0_market1501.pt,2,92.767009,10.783333,10.6,11.0
ocsort,yolov8x.pt,osnet_x1_0_market1501.pt,3,89.188694,11.223333,11.0,11.7
ocsort,yolov8x.pt,osnet_x1_0_market1501.pt,4,86.154608,11.603333,11.5,11.8
ocsort,yolov8x.pt,osnet_x1_0_market1501.pt,5,85.850308,11.651851,11.5,13.3
ocsort,yolov8x.pt,osnet_x0_75_market1501.pt,1,85.048520,16.687878,10.7,184.3
ocsort,yolov8x.pt,osnet_x0_75_market1501.pt,2,92.357405,10.826666,10.7,11.0
ocsort,yolov8x.pt,osnet_x0_75_market1501.pt,3,88.903726,11.253333,10.9,11.8
ocsort,yolov8x.pt,osnet_x0_75_market1501.pt,4,85.978266,11.630000,11.4,11.8
ocsort,yolov8x.pt,osnet_x0_75_market1501.pt,5,85.707321,11.674074,11.4,13.3
ocsort,yolov8x.pt,osnet_x0_5_market1501.pt,1,85.674846,16.542424,10.6,181.9
ocsort,yolov8x.pt,osnet_x0_5_market1501.pt,2,92.445508,10.813333,10.7,11.0
ocsort,yolov8x.pt,osnet_x0_5_market1501.pt,3,88.707376,11.276666,11.0,11.8
ocsort,yolov8x.pt,osnet_x0_5_market1501.pt,4,85.449741,11.696666,11.5,11.9
ocsort,yolov8x.pt,osnet_x0_5_market1501.pt,5,85.188135,11.751851,11.5,13.9
ocsort,yolov8x.pt,osnet_x0_25_market1501.pt,1,85.841464,16.393939,10.7,177.9
ocsort,yolov8x.pt,osnet_x0_25_market1501.pt,2,92.337738,10.830000,10.7,11.1
ocsort,yolov8x.pt,osnet_x0_25_market1501.pt,3,88.725348,11.273333,11.0,11.6
ocsort,yolov8x.pt,osnet_x0_25_market1501.pt,4,84.759349,11.823333,11.5,14.1
ocsort,yolov8x.pt,osnet_x0_25_market1501.pt,5,84.977913,11.785185,11.6,14.8
ocsort,yolov8x.pt,clip_market1501.pt,1,86.867167,16.354545,10.6,180.7
ocsort,yolov8x.pt,clip_market1501.pt,2,92.247380,10.846666,10.8,11.1
ocsort,yolov8x.pt,clip_market1501.pt,3,88.492689,11.300000,11.0,11.7
ocsort,yolov8x.pt,clip_market1501.pt,4,85.304012,11.723333,11.6,11.8
ocsort,yolov8x.pt,clip_market1501.pt,5,84.967628,11.777777,11.6,13.8
ocsort,yolov8x.pt,lmbn_n_market.pt,1,87.303320,16.212121,10.6,177.9
ocsort,yolov8x.pt,lmbn_n_market.pt,2,92.673862,10.790000,10.7,11.0
ocsort,yolov8x.pt,lmbn_n_market.pt,3,88.902189,11.263333,11.0,11.8
ocsort,yolov8x.pt,lmbn_n_market.pt,4,85.988155,11.626666,11.5,11.8
ocsort,yolov8x.pt,lmbn_n_market.pt,5,85.613011,11.688888,11.5,13.7
ocsort,yolov8x.pt,clip_market1501.pt,1,85.608138,16.542424,10.6,182.3
ocsort,yolov8x.pt,clip_market1501.pt,2,92.409991,10.830000,10.7,11.1
ocsort,yolov8x.pt,clip_market1501.pt,3,88.362291,11.333333,10.9,13.1
ocsort,yolov8x.pt,clip_market1501.pt,4,85.973176,11.630000,11.4,11.8
ocsort,yolov8x.pt,clip_market1501.pt,5,85.804907,11.655555,11.5,13.0
ocsort,yolov8x.pt,osnet_ibn_x1_0_msmt17.pt,1,84.311473,16.600000,10.6,178.4
ocsort,yolov8x.pt,osnet_ibn_x1_0_msmt17.pt,2,92.591557,10.800000,10.6,11.1
ocsort,yolov8x.pt,osnet_ibn_x1_0_msmt17.pt,3,88.977017,11.233333,11.0,11.7
ocsort,yolov8x.pt,osnet_ibn_x1_0_msmt17.pt,4,85.931900,11.650000,11.5,11.8
ocsort,yolov8x.pt,osnet_ibn_x1_0_msmt17.pt,5,85.571934,11.700000,11.5,13.7
ocsort,yolov8x.pt,osnet_ain_x1_0_msmt17.pt,1,87.347932,16.339393,10.6,182.0
ocsort,yolov8x.pt,osnet_ain_x1_0_msmt17.pt,2,92.245767,10.840000,10.7,11.0
ocsort,yolov8x.pt,osnet_ain_x1_0_msmt17.pt,3,88.630753,11.276666,11.0,11.8
ocsort,yolov8x.pt,osnet_ain_x1_0_msmt17.pt,4,85.978616,11.633333,11.5,12.0
ocsort,yolov8x.pt,osnet_ain_x1_0_msmt17.pt,5,85.240212,11.755555,11.5,13.7
bytetrack,yolov8n.pt,osnet_x1_0_market1501.pt,1,269.893125,9.890322,3.4,198.5
bytetrack,yolov8n.pt,osnet_x1_0_market1501.pt,2,278.370169,3.587096,3.4,3.9
bytetrack,yolov8n.pt,osnet_x1_0_market1501.pt,3,263.356225,3.796551,3.7,4.0
bytetrack,yolov8n.pt,osnet_x1_0_market1501.pt,4,254.536052,3.930000,3.8,4.1
bytetrack,yolov8n.pt,osnet_x1_0_market1501.pt,5,241.940710,4.141379,3.9,5.8
bytetrack,yolov8n.pt,osnet_x0_75_market1501.pt,1,269.195609,9.829032,3.5,196.2
bytetrack,yolov8n.pt,osnet_x0_75_market1501.pt,2,276.145902,3.625806,3.5,3.8
bytetrack,yolov8n.pt,osnet_x0_75_market1501.pt,3,265.459089,3.772413,3.7,4.0
bytetrack,yolov8n.pt,osnet_x0_75_market1501.pt,4,261.793746,3.820000,3.7,4.0
bytetrack,yolov8n.pt,osnet_x0_75_market1501.pt,5,253.259277,3.986206,3.8,6.1
bytetrack,yolov8n.pt,osnet_x0_5_market1501.pt,1,270.982935,9.816129,3.4,196.6
bytetrack,yolov8n.pt,osnet_x0_5_market1501.pt,2,279.797639,3.583870,3.5,3.8
bytetrack,yolov8n.pt,osnet_x0_5_market1501.pt,3,266.927531,3.751724,3.6,3.9
bytetrack,yolov8n.pt,osnet_x0_5_market1501.pt,4,263.361197,3.800000,3.7,3.9
bytetrack,yolov8n.pt,osnet_x0_5_market1501.pt,5,254.864060,3.958620,3.8,6.4
bytetrack,yolov8n.pt,osnet_x0_25_market1501.pt,1,274.660041,9.683870,3.3,193.9
bytetrack,yolov8n.pt,osnet_x0_25_market1501.pt,2,280.663426,3.561290,3.4,3.7
bytetrack,yolov8n.pt,osnet_x0_25_market1501.pt,3,269.447844,3.717241,3.6,4.0
bytetrack,yolov8n.pt,osnet_x0_25_market1501.pt,4,267.479817,3.743333,3.6,4.0
bytetrack,yolov8n.pt,osnet_x0_25_market1501.pt,5,257.519547,3.906896,3.7,5.9
bytetrack,yolov8n.pt,clip_market1501.pt,1,272.890806,9.812903,3.4,197.5
bytetrack,yolov8n.pt,clip_market1501.pt,2,281.087331,3.567741,3.4,3.8
bytetrack,yolov8n.pt,clip_market1501.pt,3,270.048226,3.703448,3.6,3.8
bytetrack,yolov8n.pt,clip_market1501.pt,4,268.305477,3.726666,3.6,3.9
bytetrack,yolov8n.pt,clip_market1501.pt,5,258.198542,3.900000,3.7,6.1
bytetrack,yolov8n.pt,lmbn_n_market.pt,1,275.349361,9.719354,3.4,195.0
bytetrack,yolov8n.pt,lmbn_n_market.pt,2,283.026144,3.538709,3.4,3.7
bytetrack,yolov8n.pt,lmbn_n_market.pt,3,269.494203,3.710344,3.6,3.9
bytetrack,yolov8n.pt,lmbn_n_market.pt,4,266.019128,3.756666,3.6,4.0
bytetrack,yolov8n.pt,lmbn_n_market.pt,5,257.319273,3.903448,3.7,5.9
bytetrack,yolov8n.pt,clip_market1501.pt,1,268.945900,9.845161,3.4,196.6
bytetrack,yolov8n.pt,clip_market1501.pt,2,275.722376,3.629032,3.5,3.7
bytetrack,yolov8n.pt,clip_market1501.pt,3,263.941594,3.793103,3.7,4.0
bytetrack,yolov8n.pt,clip_market1501.pt,4,261.030511,3.833333,3.7,4.1
bytetrack,yolov8n.pt,clip_market1501.pt,5,252.141416,4.003448,3.8,6.4
bytetrack,yolov8n.pt,osnet_ibn_x1_0_msmt17.pt,1,276.371876,9.829032,3.3,199.1
bytetrack,yolov8n.pt,osnet_ibn_x1_0_msmt17.pt,2,278.344607,3.593548,3.5,3.8
bytetrack,yolov8n.pt,osnet_ibn_x1_0_msmt17.pt,3,266.565545,3.755172,3.7,3.9
bytetrack,yolov8n.pt,osnet_ibn_x1_0_msmt17.pt,4,262.309926,3.810000,3.7,4.0
bytetrack,yolov8n.pt,osnet_ibn_x1_0_msmt17.pt,5,252.998249,3.979310,3.8,6.1
bytetrack,yolov8n.pt,osnet_ain_x1_0_msmt17.pt,1,275.365371,9.654838,3.4,193.3
bytetrack,yolov8n.pt,osnet_ain_x1_0_msmt17.pt,2,281.612207,3.554838,3.4,3.7
bytetrack,yolov8n.pt,osnet_ain_x1_0_msmt17.pt,3,269.185615,3.710344,3.6,3.9
bytetrack,yolov8n.pt,osnet_ain_x1_0_msmt17.pt,4,268.408892,3.726666,3.6,3.9
bytetrack,yolov8n.pt,osnet_ain_x1_0_msmt17.pt,5,256.300035,3.941379,3.6,6.4
bytetrack,yolov8s.pt,osnet_x1_0_market1501.pt,1,251.486036,9.990322,3.7,193.5
bytetrack,yolov8s.pt,osnet_x1_0_market1501.pt,2,260.542762,3.833333,3.6,4.0
bytetrack,yolov8s.pt,osnet_x1_0_market1501.pt,3,261.713159,3.823333,3.7,4.0
bytetrack,yolov8s.pt,osnet_x1_0_market1501.pt,4,261.116498,3.833333,3.7,4.2
bytetrack,yolov8s.pt,osnet_x1_0_market1501.pt,5,254.164187,3.965517,3.8,6.3
bytetrack,yolov8s.pt,osnet_x0_75_market1501.pt,1,252.324960,9.851612,3.7,189.9
bytetrack,yolov8s.pt,osnet_x0_75_market1501.pt,2,266.959342,3.746666,3.6,3.9
bytetrack,yolov8s.pt,osnet_x0_75_market1501.pt,3,258.893978,3.856666,3.8,3.9
bytetrack,yolov8s.pt,osnet_x0_75_market1501.pt,4,259.907549,3.846666,3.7,4.0
bytetrack,yolov8s.pt,osnet_x0_75_market1501.pt,5,251.726258,4.013793,3.8,6.6
bytetrack,yolov8s.pt,osnet_x0_5_market1501.pt,1,252.880021,9.948387,3.7,192.9
bytetrack,yolov8s.pt,osnet_x0_5_market1501.pt,2,259.642296,3.853333,3.8,4.1
bytetrack,yolov8s.pt,osnet_x0_5_market1501.pt,3,254.435018,3.933333,3.7,4.1
bytetrack,yolov8s.pt,osnet_x0_5_market1501.pt,4,256.519094,3.900000,3.8,4.1
bytetrack,yolov8s.pt,osnet_x0_5_market1501.pt,5,247.161083,4.068965,3.9,6.2
bytetrack,yolov8s.pt,osnet_x0_25_market1501.pt,1,253.507764,9.983870,3.7,194.2
bytetrack,yolov8s.pt,osnet_x0_25_market1501.pt,2,268.375192,3.733333,3.5,4.1
bytetrack,yolov8s.pt,osnet_x0_25_market1501.pt,3,265.892882,3.763333,3.7,3.9
bytetrack,yolov8s.pt,osnet_x0_25_market1501.pt,4,261.060334,3.833333,3.7,4.0
bytetrack,yolov8s.pt,osnet_x0_25_market1501.pt,5,252.294550,3.993103,3.8,6.3
bytetrack,yolov8s.pt,clip_market1501.pt,1,252.249547,10.048387,3.7,195.9
bytetrack,yolov8s.pt,clip_market1501.pt,2,256.995053,3.896666,3.8,4.1
bytetrack,yolov8s.pt,clip_market1501.pt,3,259.206167,3.866666,3.7,4.1
bytetrack,yolov8s.pt,clip_market1501.pt,4,255.721896,3.916666,3.8,4.0
bytetrack,yolov8s.pt,clip_market1501.pt,5,248.854891,4.044827,3.9,6.4
bytetrack,yolov8s.pt,lmbn_n_market.pt,1,252.555296,10.141935,3.7,198.9
bytetrack,yolov8s.pt,lmbn_n_market.pt,2,257.842121,3.873333,3.8,4.0
bytetrack,yolov8s.pt,lmbn_n_market.pt,3,256.409207,3.910000,3.7,4.2
bytetrack,yolov8s.pt,lmbn_n_market.pt,4,255.052013,3.923333,3.8,4.1
bytetrack,yolov8s.pt,lmbn_n_market.pt,5,249.157817,4.041379,3.9,6.4
bytetrack,yolov8s.pt,clip_market1501.pt,1,252.223407,10.000000,3.7,194.3
bytetrack,yolov8s.pt,clip_market1501.pt,2,258.421267,3.870000,3.8,4.1
bytetrack,yolov8s.pt,clip_market1501.pt,3,263.763797,3.790000,3.7,4.1
bytetrack,yolov8s.pt,clip_market1501.pt,4,258.030871,3.873333,3.8,4.0
bytetrack,yolov8s.pt,clip_market1501.pt,5,251.730383,3.996551,3.8,5.8
bytetrack,yolov8s.pt,osnet_ibn_x1_0_msmt17.pt,1,253.801008,10.235483,3.7,202.5
bytetrack,yolov8s.pt,osnet_ibn_x1_0_msmt17.pt,2,263.228951,3.803333,3.5,4.3
bytetrack,yolov8s.pt,osnet_ibn_x1_0_msmt17.pt,3,268.624336,3.720000,3.6,3.8
bytetrack,yolov8s.pt,osnet_ibn_x1_0_msmt17.pt,4,261.276288,3.833333,3.7,4.0
bytetrack,yolov8s.pt,osnet_ibn_x1_0_msmt17.pt,5,254.982876,3.948275,3.8,6.1
bytetrack,yolov8s.pt,osnet_ain_x1_0_msmt17.pt,1,253.548587,10.000000,3.7,195.2
bytetrack,yolov8s.pt,osnet_ain_x1_0_msmt17.pt,2,260.220070,3.840000,3.7,4.0
bytetrack,yolov8s.pt,osnet_ain_x1_0_msmt17.pt,3,267.263414,3.743333,3.6,4.1
bytetrack,yolov8s.pt,osnet_ain_x1_0_msmt17.pt,4,260.430793,3.846666,3.7,4.1
bytetrack,yolov8s.pt,osnet_ain_x1_0_msmt17.pt,5,255.141700,3.934482,3.8,5.7
bytetrack,yolov8m.pt,osnet_x1_0_market1501.pt,1,163.972049,11.851612,5.1,189.6
bytetrack,yolov8m.pt,osnet_x1_0_market1501.pt,2,188.818415,5.286666,5.2,5.5
bytetrack,yolov8m.pt,osnet_x1_0_market1501.pt,3,182.797658,5.473333,5.4,5.6
bytetrack,yolov8m.pt,osnet_x1_0_market1501.pt,4,179.584027,5.573333,5.5,5.7
bytetrack,yolov8m.pt,osnet_x1_0_market1501.pt,5,176.371226,5.689655,5.6,7.2
bytetrack,yolov8m.pt,osnet_x0_75_market1501.pt,1,164.640328,12.138709,5.4,199.1
bytetrack,yolov8m.pt,osnet_x0_75_market1501.pt,2,181.512212,5.503333,5.4,5.6
bytetrack,yolov8m.pt,osnet_x0_75_market1501.pt,3,182.217566,5.493333,5.4,5.6
bytetrack,yolov8m.pt,osnet_x0_75_market1501.pt,4,178.164024,5.610000,5.5,5.7
bytetrack,yolov8m.pt,osnet_x0_75_market1501.pt,5,174.712491,5.741379,5.6,7.8
bytetrack,yolov8m.pt,osnet_x0_5_market1501.pt,1,160.920051,11.922580,5.9,188.6
bytetrack,yolov8m.pt,osnet_x0_5_market1501.pt,2,184.894643,5.430000,5.3,6.2
bytetrack,yolov8m.pt,osnet_x0_5_market1501.pt,3,182.827070,5.480000,5.4,5.6
bytetrack,yolov8m.pt,osnet_x0_5_market1501.pt,4,179.641606,5.566666,5.5,5.7
bytetrack,yolov8m.pt,osnet_x0_5_market1501.pt,5,176.184623,5.696551,5.5,7.2
bytetrack,yolov8m.pt,osnet_x0_25_market1501.pt,1,160.698281,12.300000,5.9,200.3
bytetrack,yolov8m.pt,osnet_x0_25_market1501.pt,2,179.245044,5.600000,5.2,6.1
bytetrack,yolov8m.pt,osnet_x0_25_market1501.pt,3,182.338439,5.486666,5.4,5.6
bytetrack,yolov8m.pt,osnet_x0_25_market1501.pt,4,179.575452,5.570000,5.5,5.7
bytetrack,yolov8m.pt,osnet_x0_25_market1501.pt,5,175.430276,5.724137,5.6,8.2
bytetrack,yolov8m.pt,clip_market1501.pt,1,163.958296,11.961290,5.5,192.9
bytetrack,yolov8m.pt,clip_market1501.pt,2,179.131482,5.576666,5.3,5.7
bytetrack,yolov8m.pt,clip_market1501.pt,3,182.954792,5.463333,5.4,5.6
bytetrack,yolov8m.pt,clip_market1501.pt,4,179.265526,5.583333,5.5,5.6
bytetrack,yolov8m.pt,clip_market1501.pt,5,176.190948,5.696551,5.5,7.6
bytetrack,yolov8m.pt,lmbn_n_market.pt,1,161.003257,12.306451,5.9,201.1
bytetrack,yolov8m.pt,lmbn_n_market.pt,2,185.931146,5.386666,5.2,6.1
bytetrack,yolov8m.pt,lmbn_n_market.pt,3,182.711666,5.470000,5.4,5.6
bytetrack,yolov8m.pt,lmbn_n_market.pt,4,178.930736,5.586666,5.5,5.7
bytetrack,yolov8m.pt,lmbn_n_market.pt,5,175.462863,5.710344,5.6,7.4
bytetrack,yolov8m.pt,clip_market1501.pt,1,160.367178,12.006451,5.9,190.9
bytetrack,yolov8m.pt,clip_market1501.pt,2,176.791962,5.690000,5.2,6.2
bytetrack,yolov8m.pt,clip_market1501.pt,3,182.129623,5.496666,5.4,5.7
bytetrack,yolov8m.pt,clip_market1501.pt,4,179.575549,5.556666,5.5,5.6
bytetrack,yolov8m.pt,clip_market1501.pt,5,175.844000,5.700000,5.6,7.7
bytetrack,yolov8m.pt,osnet_ibn_x1_0_msmt17.pt,1,163.016058,11.938709,5.6,191.6
bytetrack,yolov8m.pt,osnet_ibn_x1_0_msmt17.pt,2,174.963142,5.716666,5.3,5.9
bytetrack,yolov8m.pt,osnet_ibn_x1_0_msmt17.pt,3,182.046564,5.490000,5.4,5.6
bytetrack,yolov8m.pt,osnet_ibn_x1_0_msmt17.pt,4,178.753040,5.593333,5.5,5.7
bytetrack,yolov8m.pt,osnet_ibn_x1_0_msmt17.pt,5,175.541118,5.713793,5.5,7.4
bytetrack,yolov8m.pt,osnet_ain_x1_0_msmt17.pt,1,160.390424,12.409677,5.9,203.3
bytetrack,yolov8m.pt,osnet_ain_x1_0_msmt17.pt,2,180.368512,5.563333,5.2,6.1
bytetrack,yolov8m.pt,osnet_ain_x1_0_msmt17.pt,3,183.263116,5.460000,5.4,5.6
bytetrack,yolov8m.pt,osnet_ain_x1_0_msmt17.pt,4,179.314443,5.573333,5.5,5.7
bytetrack,yolov8m.pt,osnet_ain_x1_0_msmt17.pt,5,176.278844,5.696551,5.5,7.4
bytetrack,yolov8l.pt,osnet_x1_0_market1501.pt,1,121.979153,14.019354,7.2,195.8
bytetrack,yolov8l.pt,osnet_x1_0_market1501.pt,2,138.077006,7.246666,7.2,7.4
bytetrack,yolov8l.pt,osnet_x1_0_market1501.pt,3,135.108929,7.403333,7.3,7.5
bytetrack,yolov8l.pt,osnet_x1_0_market1501.pt,4,133.071531,7.500000,7.4,7.6
bytetrack,yolov8l.pt,osnet_x1_0_market1501.pt,5,130.933122,7.648275,7.5,9.5
bytetrack,yolov8l.pt,osnet_x0_75_market1501.pt,1,119.997222,13.970967,8.0,190.8
bytetrack,yolov8l.pt,osnet_x0_75_market1501.pt,2,135.877439,7.380000,7.1,8.2
bytetrack,yolov8l.pt,osnet_x0_75_market1501.pt,3,135.300453,7.383333,7.3,7.5
bytetrack,yolov8l.pt,osnet_x0_75_market1501.pt,4,133.703535,7.490000,7.4,7.6
bytetrack,yolov8l.pt,osnet_x0_75_market1501.pt,5,131.578635,7.603448,7.4,9.3
bytetrack,yolov8l.pt,osnet_x0_5_market1501.pt,1,119.170946,14.203225,8.0,195.7
bytetrack,yolov8l.pt,osnet_x0_5_market1501.pt,2,135.122189,7.420000,7.2,8.2
bytetrack,yolov8l.pt,osnet_x0_5_market1501.pt,3,134.813801,7.416666,7.3,7.5
bytetrack,yolov8l.pt,osnet_x0_5_market1501.pt,4,133.130077,7.516666,7.4,7.6
bytetrack,yolov8l.pt,osnet_x0_5_market1501.pt,5,131.095957,7.637931,7.5,9.7
bytetrack,yolov8l.pt,osnet_x0_25_market1501.pt,1,119.327745,13.993548,8.0,189.5
bytetrack,yolov8l.pt,osnet_x0_25_market1501.pt,2,136.329130,7.343333,7.2,8.2
bytetrack,yolov8l.pt,osnet_x0_25_market1501.pt,3,134.657374,7.430000,7.3,7.6
bytetrack,yolov8l.pt,osnet_x0_25_market1501.pt,4,133.020198,7.523333,7.5,7.7
bytetrack,yolov8l.pt,osnet_x0_25_market1501.pt,5,130.933390,7.662068,7.5,9.8
bytetrack,yolov8l.pt,clip_market1501.pt,1,124.629278,13.580645,7.1,186.6
bytetrack,yolov8l.pt,clip_market1501.pt,2,138.261911,7.230000,7.2,7.4
bytetrack,yolov8l.pt,clip_market1501.pt,3,135.272247,7.386666,7.3,7.5
bytetrack,yolov8l.pt,clip_market1501.pt,4,133.275413,7.503333,7.4,7.6
bytetrack,yolov8l.pt,clip_market1501.pt,5,131.549562,7.610344,7.4,9.5
bytetrack,yolov8l.pt,lmbn_n_market.pt,1,125.026699,13.832258,7.3,195.4
bytetrack,yolov8l.pt,lmbn_n_market.pt,2,136.413662,7.323333,7.2,7.5
bytetrack,yolov8l.pt,lmbn_n_market.pt,3,134.477335,7.433333,7.4,7.6
bytetrack,yolov8l.pt,lmbn_n_market.pt,4,133.077157,7.503333,7.4,7.6
bytetrack,yolov8l.pt,lmbn_n_market.pt,5,130.693608,7.672413,7.5,9.9
bytetrack,yolov8l.pt,clip_market1501.pt,1,120.521742,13.741935,7.4,184.6
bytetrack,yolov8l.pt,clip_market1501.pt,2,138.154980,7.250000,7.1,7.4
bytetrack,yolov8l.pt,clip_market1501.pt,3,135.004698,7.416666,7.3,7.6
bytetrack,yolov8l.pt,clip_market1501.pt,4,133.476540,7.496666,7.4,7.6
bytetrack,yolov8l.pt,clip_market1501.pt,5,131.353411,7.617241,7.4,9.6
bytetrack,yolov8l.pt,osnet_ibn_x1_0_msmt17.pt,1,124.379201,13.748387,7.4,192.2
bytetrack,yolov8l.pt,osnet_ibn_x1_0_msmt17.pt,2,135.837319,7.363333,7.2,7.6
bytetrack,yolov8l.pt,osnet_ibn_x1_0_msmt17.pt,3,135.449352,7.380000,7.3,7.5
bytetrack,yolov8l.pt,osnet_ibn_x1_0_msmt17.pt,4,133.338009,7.496666,7.4,7.6
bytetrack,yolov8l.pt,osnet_ibn_x1_0_msmt17.pt,5,131.455410,7.631034,7.5,9.8
bytetrack,yolov8l.pt,osnet_ain_x1_0_msmt17.pt,1,119.095278,14.006451,8.0,190.0
bytetrack,yolov8l.pt,osnet_ain_x1_0_msmt17.pt,2,135.066150,7.420000,7.2,8.2
bytetrack,yolov8l.pt,osnet_ain_x1_0_msmt17.pt,3,134.600597,7.433333,7.4,7.5
bytetrack,yolov8l.pt,osnet_ain_x1_0_msmt17.pt,4,132.734294,7.540000,7.5,7.6
bytetrack,yolov8l.pt,osnet_ain_x1_0_msmt17.pt,5,130.599164,7.679310,7.5,9.5
bytetrack,yolov8x.pt,osnet_x1_0_market1501.pt,1,85.288623,16.861290,10.5,180.6
bytetrack,yolov8x.pt,osnet_x1_0_market1501.pt,2,94.118854,10.630000,10.5,10.8
bytetrack,yolov8x.pt,osnet_x1_0_market1501.pt,3,92.743677,10.786666,10.7,10.9
bytetrack,yolov8x.pt,osnet_x1_0_market1501.pt,4,91.078117,10.983333,10.8,11.2
bytetrack,yolov8x.pt,osnet_x1_0_market1501.pt,5,90.659277,11.037931,10.8,12.9
bytetrack,yolov8x.pt,osnet_x0_75_market1501.pt,1,84.115224,16.935483,10.5,178.7
bytetrack,yolov8x.pt,osnet_x0_75_market1501.pt,2,94.053747,10.636666,10.6,10.7
bytetrack,yolov8x.pt,osnet_x0_75_market1501.pt,3,92.713933,10.786666,10.7,10.9
bytetrack,yolov8x.pt,osnet_x0_75_market1501.pt,4,91.148230,10.970000,10.8,11.2
bytetrack,yolov8x.pt,osnet_x0_75_market1501.pt,5,90.503976,11.055172,10.9,12.9
bytetrack,yolov8x.pt,osnet_x0_5_market1501.pt,1,87.656536,16.400000,10.4,175.6
bytetrack,yolov8x.pt,osnet_x0_5_market1501.pt,2,94.352179,10.590000,10.5,10.8
bytetrack,yolov8x.pt,osnet_x0_5_market1501.pt,3,92.989232,10.753333,10.7,10.9
bytetrack,yolov8x.pt,osnet_x0_5_market1501.pt,4,91.492269,10.920000,10.8,11.1
bytetrack,yolov8x.pt,osnet_x0_5_market1501.pt,5,90.928102,11.013793,10.8,13.0
bytetrack,yolov8x.pt,osnet_x0_25_market1501.pt,1,85.081596,17.032258,10.5,185.3
bytetrack,yolov8x.pt,osnet_x0_25_market1501.pt,2,94.443828,10.580000,10.5,10.7
bytetrack,yolov8x.pt,osnet_x0_25_market1501.pt,3,92.765273,10.786666,10.6,12.2
bytetrack,yolov8x.pt,osnet_x0_25_market1501.pt,4,91.421649,10.930000,10.7,11.8
bytetrack,yolov8x.pt,osnet_x0_25_market1501.pt,5,91.017790,11.000000,10.8,12.9
bytetrack,yolov8x.pt,clip_market1501.pt,1,87.298078,16.383870,10.5,173.5
bytetrack,yolov8x.pt,clip_market1501.pt,2,94.155237,10.613333,10.5,10.8
bytetrack,yolov8x.pt,clip_market1501.pt,3,92.878972,10.760000,10.7,10.9
bytetrack,yolov8x.pt,clip_market1501.pt,4,91.362122,10.956666,10.8,11.1
bytetrack,yolov8x.pt,clip_market1501.pt,5,91.165236,10.982758,10.8,12.8
bytetrack,yolov8x.pt,lmbn_n_market.pt,1,86.395669,16.941935,10.5,187.4
bytetrack,yolov8x.pt,lmbn_n_market.pt,2,93.768479,10.663333,10.6,10.8
bytetrack,yolov8x.pt,lmbn_n_market.pt,3,92.556525,10.800000,10.7,10.9
bytetrack,yolov8x.pt,lmbn_n_market.pt,4,91.049788,10.980000,10.9,11.1
bytetrack,yolov8x.pt,lmbn_n_market.pt,5,90.486538,11.058620,10.9,12.7
bytetrack,yolov8x.pt,clip_market1501.pt,1,85.278734,16.822580,10.4,179.6
bytetrack,yolov8x.pt,clip_market1501.pt,2,94.523342,10.580000,10.5,10.9
bytetrack,yolov8x.pt,clip_market1501.pt,3,93.187594,10.733333,10.7,10.9
bytetrack,yolov8x.pt,clip_market1501.pt,4,91.421056,10.946666,10.7,11.1
bytetrack,yolov8x.pt,clip_market1501.pt,5,91.020560,10.993103,10.8,12.9
bytetrack,yolov8x.pt,osnet_ibn_x1_0_msmt17.pt,1,87.768428,16.425806,10.4,177.0
bytetrack,yolov8x.pt,osnet_ibn_x1_0_msmt17.pt,2,94.152460,10.623333,10.5,10.8
bytetrack,yolov8x.pt,osnet_ibn_x1_0_msmt17.pt,3,92.778784,10.776666,10.7,10.9
bytetrack,yolov8x.pt,osnet_ibn_x1_0_msmt17.pt,4,91.137536,10.966666,10.8,11.2
bytetrack,yolov8x.pt,osnet_ibn_x1_0_msmt17.pt,5,90.892388,11.003448,10.8,12.5
bytetrack,yolov8x.pt,osnet_ain_x1_0_msmt17.pt,1,85.576957,16.722580,10.5,177.5
bytetrack,yolov8x.pt,osnet_ain_x1_0_msmt17.pt,2,94.347529,10.600000,10.5,10.7
bytetrack,yolov8x.pt,osnet_ain_x1_0_msmt17.pt,3,93.002554,10.750000,10.7,10.9
bytetrack,yolov8x.pt,osnet_ain_x1_0_msmt17.pt,4,91.546287,10.926666,10.7,11.1
bytetrack,yolov8x.pt,osnet_ain_x1_0_msmt17.pt,5,91.079006,10.986206,10.8,12.9
botsort,yolov8n.pt,osnet_x1_0_market1501.pt,1,80.062772,22.177419,10.4,312.3
botsort,yolov8n.pt,osnet_x1_0_market1501.pt,2,93.320156,11.120000,10.3,28.8
botsort,yolov8n.pt,osnet_x1_0_market1501.pt,3,79.489516,13.373333,10.9,33.3
botsort,yolov8n.pt,osnet_x1_0_market1501.pt,4,79.551757,13.306666,11.1,27.7
botsort,yolov8n.pt,osnet_x1_0_market1501.pt,5,79.471015,13.155172,11.3,31.9
botsort,yolov8n.pt,osnet_x0_75_market1501.pt,1,79.517324,22.251612,10.5,311.2
botsort,yolov8n.pt,osnet_x0_75_market1501.pt,2,93.373136,11.096666,10.3,28.4
botsort,yolov8n.pt,osnet_x0_75_market1501.pt,3,78.878485,13.540000,11.1,34.6
botsort,yolov8n.pt,osnet_x0_75_market1501.pt,4,78.719271,13.470000,11.1,28.4
botsort,yolov8n.pt,osnet_x0_75_market1501.pt,5,78.651749,13.175862,11.4,27.8
botsort,yolov8n.pt,osnet_x0_5_market1501.pt,1,80.337202,21.932258,10.3,304.3
botsort,yolov8n.pt,osnet_x0_5_market1501.pt,2,93.970003,11.066666,10.2,29.8
botsort,yolov8n.pt,osnet_x0_5_market1501.pt,3,79.084110,13.526666,11.1,35.1
botsort,yolov8n.pt,osnet_x0_5_market1501.pt,4,78.856901,13.503333,11.1,29.6
botsort,yolov8n.pt,osnet_x0_5_market1501.pt,5,79.928122,12.696551,11.3,19.3
botsort,yolov8n.pt,osnet_x0_25_market1501.pt,1,82.189821,21.783870,10.0,308.9
botsort,yolov8n.pt,osnet_x0_25_market1501.pt,2,95.964781,10.813333,10.0,28.4
botsort,yolov8n.pt,osnet_x0_25_market1501.pt,3,81.994843,12.996666,10.7,32.7
botsort,yolov8n.pt,osnet_x0_25_market1501.pt,4,81.857249,12.940000,10.7,27.3
botsort,yolov8n.pt,osnet_x0_25_market1501.pt,5,82.652851,12.279310,11.1,18.3
botsort,yolov8n.pt,clip_market1501.pt,1,79.114411,66.432258,10.0,1672.8
botsort,yolov8n.pt,clip_market1501.pt,2,76.477425,13.203333,12.5,21.1
botsort,yolov8n.pt,clip_market1501.pt,3,56.030325,18.093333,15.2,25.9
botsort,yolov8n.pt,clip_market1501.pt,4,50.549098,20.110000,15.8,28.2
botsort,yolov8n.pt,clip_market1501.pt,5,40.101470,25.186206,20.0,30.6
botsort,yolov8n.pt,lmbn_n_market.pt,1,50.617741,34.277419,16.9,468.4
botsort,yolov8n.pt,lmbn_n_market.pt,2,57.341802,17.793333,16.6,36.3
botsort,yolov8n.pt,lmbn_n_market.pt,3,51.310842,20.253333,17.8,42.9
botsort,yolov8n.pt,lmbn_n_market.pt,4,51.221513,20.210000,17.8,37.2
botsort,yolov8n.pt,lmbn_n_market.pt,5,52.079665,19.337931,18.1,25.9
botsort,yolov8n.pt,clip_market1501.pt,1,80.124838,66.029032,9.7,1663.4
botsort,yolov8n.pt,clip_market1501.pt,2,76.562533,13.186666,12.5,21.4
botsort,yolov8n.pt,clip_market1501.pt,3,55.018607,18.456666,15.7,26.8
botsort,yolov8n.pt,clip_market1501.pt,4,49.829740,20.386666,15.9,29.2
botsort,yolov8n.pt,clip_market1501.pt,5,39.736572,25.437931,21.5,30.6
botsort,yolov8n.pt,osnet_ibn_x1_0_msmt17.pt,1,78.553221,22.667741,10.7,320.3
botsort,yolov8n.pt,osnet_ibn_x1_0_msmt17.pt,2,92.030666,11.256666,10.4,29.2
botsort,yolov8n.pt,osnet_ibn_x1_0_msmt17.pt,3,77.517510,13.776666,11.3,35.4
botsort,yolov8n.pt,osnet_ibn_x1_0_msmt17.pt,4,77.079795,13.743333,11.3,29.0
botsort,yolov8n.pt,osnet_ibn_x1_0_msmt17.pt,5,77.719763,13.082758,11.7,19.2
botsort,yolov8n.pt,osnet_ain_x1_0_msmt17.pt,1,78.282085,22.719354,10.8,320.7
botsort,yolov8n.pt,osnet_ain_x1_0_msmt17.pt,2,90.946948,11.373333,10.6,28.3
botsort,yolov8n.pt,osnet_ain_x1_0_msmt17.pt,3,77.542889,13.736666,11.2,34.5
botsort,yolov8n.pt,osnet_ain_x1_0_msmt17.pt,4,77.384513,13.680000,11.4,29.2
botsort,yolov8n.pt,osnet_ain_x1_0_msmt17.pt,5,77.692800,13.058620,11.7,19.2
botsort,yolov8s.pt,osnet_x1_0_market1501.pt,1,79.566600,22.145161,10.6,308.8
botsort,yolov8s.pt,osnet_x1_0_market1501.pt,2,90.918663,11.744827,10.3,29.0
botsort,yolov8s.pt,osnet_x1_0_market1501.pt,3,79.366644,13.425806,11.1,33.3
botsort,yolov8s.pt,osnet_x1_0_market1501.pt,4,79.659487,13.056666,11.1,28.1
botsort,yolov8s.pt,osnet_x1_0_market1501.pt,5,79.581896,12.755172,11.4,19.2
botsort,yolov8s.pt,osnet_x0_75_market1501.pt,1,80.382915,21.725806,10.4,299.6
botsort,yolov8s.pt,osnet_x0_75_market1501.pt,2,94.241591,11.006896,10.2,28.3
botsort,yolov8s.pt,osnet_x0_75_market1501.pt,3,80.247066,13.283870,11.0,34.0
botsort,yolov8s.pt,osnet_x0_75_market1501.pt,4,81.816073,12.693333,11.0,26.6
botsort,yolov8s.pt,osnet_x0_75_market1501.pt,5,81.648964,12.420689,11.3,18.6
botsort,yolov8s.pt,osnet_x0_5_market1501.pt,1,79.522537,22.064516,10.5,305.1
botsort,yolov8s.pt,osnet_x0_5_market1501.pt,2,90.619537,11.679310,10.4,30.2
botsort,yolov8s.pt,osnet_x0_5_market1501.pt,3,79.821409,13.322580,11.0,33.2
botsort,yolov8s.pt,osnet_x0_5_market1501.pt,4,80.767964,12.856666,11.1,27.2
botsort,yolov8s.pt,osnet_x0_5_market1501.pt,5,81.234462,12.479310,11.3,18.6
botsort,yolov8s.pt,osnet_x0_25_market1501.pt,1,81.066914,21.690322,10.3,301.6
botsort,yolov8s.pt,osnet_x0_25_market1501.pt,2,95.144317,10.910344,10.1,28.5
botsort,yolov8s.pt,osnet_x0_25_market1501.pt,3,80.919344,13.151612,10.9,32.7
botsort,yolov8s.pt,osnet_x0_25_market1501.pt,4,81.548256,12.723333,11.0,26.4
botsort,yolov8s.pt,osnet_x0_25_market1501.pt,5,81.658611,12.424137,11.2,18.5
botsort,yolov8s.pt,clip_market1501.pt,1,80.809394,64.690322,10.2,1633.1
botsort,yolov8s.pt,clip_market1501.pt,2,76.386930,13.200000,12.7,21.0
botsort,yolov8s.pt,clip_market1501.pt,3,50.714302,19.841935,18.2,26.3
botsort,yolov8s.pt,clip_market1501.pt,4,42.987417,23.416666,21.8,29.5
botsort,yolov8s.pt,clip_market1501.pt,5,36.243777,27.693103,25.5,34.7
botsort,yolov8s.pt,lmbn_n_market.pt,1,48.152885,35.180645,17.0,454.0
botsort,yolov8s.pt,lmbn_n_market.pt,2,58.145261,17.517241,16.6,34.7
botsort,yolov8s.pt,lmbn_n_market.pt,3,52.258922,19.812903,17.5,40.7
botsort,yolov8s.pt,lmbn_n_market.pt,4,52.697094,19.350000,17.5,34.5
botsort,yolov8s.pt,lmbn_n_market.pt,5,52.945468,19.010344,17.7,25.4
botsort,yolov8s.pt,clip_market1501.pt,1,77.549322,65.729032,10.3,1636.6
botsort,yolov8s.pt,clip_market1501.pt,2,75.705159,13.313793,12.6,20.5
botsort,yolov8s.pt,clip_market1501.pt,3,50.074462,20.116129,18.8,27.4
botsort,yolov8s.pt,clip_market1501.pt,4,42.745774,23.566666,21.4,31.0
botsort,yolov8s.pt,clip_market1501.pt,5,35.925971,27.958620,25.1,35.0
botsort,yolov8s.pt,osnet_ibn_x1_0_msmt17.pt,1,77.692125,22.996774,10.9,326.9
botsort,yolov8s.pt,osnet_ibn_x1_0_msmt17.pt,2,91.150863,11.355172,10.5,28.5
botsort,yolov8s.pt,osnet_ibn_x1_0_msmt17.pt,3,78.001244,13.632258,11.3,34.2
botsort,yolov8s.pt,osnet_ibn_x1_0_msmt17.pt,4,78.958927,13.136666,11.4,27.5
botsort,yolov8s.pt,osnet_ibn_x1_0_msmt17.pt,5,77.770576,13.444827,11.6,32.8
botsort,yolov8s.pt,osnet_ain_x1_0_msmt17.pt,1,75.849813,23.093548,11.2,321.2
botsort,yolov8s.pt,osnet_ain_x1_0_msmt17.pt,2,88.746365,11.658620,10.8,29.2
botsort,yolov8s.pt,osnet_ain_x1_0_msmt17.pt,3,76.425586,13.870967,11.6,33.8
botsort,yolov8s.pt,osnet_ain_x1_0_msmt17.pt,4,76.958285,13.450000,11.7,27.9
botsort,yolov8s.pt,osnet_ain_x1_0_msmt17.pt,5,77.143698,13.131034,11.9,19.1
botsort,yolov8m.pt,osnet_x1_0_market1501.pt,1,67.476872,24.312903,12.4,311.1
botsort,yolov8m.pt,osnet_x1_0_market1501.pt,2,80.293822,12.831034,12.0,30.4
botsort,yolov8m.pt,osnet_x1_0_market1501.pt,3,69.290986,15.183870,12.9,35.7
botsort,yolov8m.pt,osnet_x1_0_market1501.pt,4,70.201188,14.693333,13.0,29.8
botsort,yolov8m.pt,osnet_x1_0_market1501.pt,5,70.110963,14.424137,13.2,20.4
botsort,yolov8m.pt,osnet_x0_75_market1501.pt,1,66.817951,24.609677,12.7,316.2
botsort,yolov8m.pt,osnet_x0_75_market1501.pt,2,79.936620,12.896551,12.1,30.8
botsort,yolov8m.pt,osnet_x0_75_market1501.pt,3,68.334574,15.532258,12.9,39.8
botsort,yolov8m.pt,osnet_x0_75_market1501.pt,4,69.171891,14.930000,13.2,30.4
botsort,yolov8m.pt,osnet_x0_75_market1501.pt,5,69.036369,14.651724,13.4,21.2
botsort,yolov8m.pt,osnet_x0_5_market1501.pt,1,64.636244,25.219354,12.6,316.4
botsort,yolov8m.pt,osnet_x0_5_market1501.pt,2,79.437833,12.979310,12.0,30.2
botsort,yolov8m.pt,osnet_x0_5_market1501.pt,3,68.771511,15.254838,12.9,34.6
botsort,yolov8m.pt,osnet_x0_5_market1501.pt,4,69.915025,14.740000,13.0,29.4
botsort,yolov8m.pt,osnet_x0_5_market1501.pt,5,66.084544,15.544827,13.2,28.2
botsort,yolov8m.pt,osnet_x0_25_market1501.pt,1,67.856584,24.100000,12.4,307.5
botsort,yolov8m.pt,osnet_x0_25_market1501.pt,2,81.370879,12.517241,11.8,24.5
botsort,yolov8m.pt,osnet_x0_25_market1501.pt,3,69.672294,15.067741,12.8,34.5
botsort,yolov8m.pt,osnet_x0_25_market1501.pt,4,71.149084,14.483333,12.8,29.0
botsort,yolov8m.pt,osnet_x0_25_market1501.pt,5,69.861045,14.641379,13.1,25.7
botsort,yolov8m.pt,clip_market1501.pt,1,70.282512,67.838709,11.9,1676.2
botsort,yolov8m.pt,clip_market1501.pt,2,66.610028,15.096551,14.5,22.4
botsort,yolov8m.pt,clip_market1501.pt,3,45.878117,21.916129,20.4,28.3
botsort,yolov8m.pt,clip_market1501.pt,4,39.407564,25.506666,23.6,31.8
botsort,yolov8m.pt,clip_market1501.pt,5,32.998207,30.410344,28.0,35.4
botsort,yolov8m.pt,lmbn_n_market.pt,1,46.542953,36.890322,19.0,511.5
botsort,yolov8m.pt,lmbn_n_market.pt,2,52.132790,19.486206,18.6,36.9
botsort,yolov8m.pt,lmbn_n_market.pt,3,47.409209,21.741935,19.4,43.0
botsort,yolov8m.pt,lmbn_n_market.pt,4,47.825879,21.283333,19.6,38.0
botsort,yolov8m.pt,lmbn_n_market.pt,5,48.068920,20.903448,19.8,27.0
botsort,yolov8m.pt,clip_market1501.pt,1,70.928294,66.600000,11.9,1643.9
botsort,yolov8m.pt,clip_market1501.pt,2,65.807331,15.286206,14.5,22.5
botsort,yolov8m.pt,clip_market1501.pt,3,45.649785,22.022580,20.6,28.4
botsort,yolov8m.pt,clip_market1501.pt,4,39.263495,25.606666,23.7,31.3
botsort,yolov8m.pt,clip_market1501.pt,5,33.104484,30.289655,28.3,35.4
botsort,yolov8m.pt,osnet_ibn_x1_0_msmt17.pt,1,59.710684,27.519354,12.9,324.4
botsort,yolov8m.pt,osnet_ibn_x1_0_msmt17.pt,2,78.538857,13.103448,12.2,30.8
botsort,yolov8m.pt,osnet_ibn_x1_0_msmt17.pt,3,67.888784,15.522580,13.2,36.6
botsort,yolov8m.pt,osnet_ibn_x1_0_msmt17.pt,4,68.346689,15.100000,13.2,29.6
botsort,yolov8m.pt,osnet_ibn_x1_0_msmt17.pt,5,69.378513,14.558620,13.3,20.7
botsort,yolov8m.pt,osnet_ain_x1_0_msmt17.pt,1,64.560220,25.935483,13.0,342.3
botsort,yolov8m.pt,osnet_ain_x1_0_msmt17.pt,2,75.978989,13.517241,12.6,30.8
botsort,yolov8m.pt,osnet_ain_x1_0_msmt17.pt,3,66.067899,15.945161,13.6,37.8
botsort,yolov8m.pt,osnet_ain_x1_0_msmt17.pt,4,66.935361,15.433333,13.6,31.8
botsort,yolov8m.pt,osnet_ain_x1_0_msmt17.pt,5,67.068246,15.058620,13.7,21.6
botsort,yolov8l.pt,osnet_x1_0_market1501.pt,1,59.400077,26.245161,14.1,313.6
botsort,yolov8l.pt,osnet_x1_0_market1501.pt,2,68.933166,14.879310,14.0,33.1
botsort,yolov8l.pt,osnet_x1_0_market1501.pt,3,59.470721,17.787096,14.9,38.9
botsort,yolov8l.pt,osnet_x1_0_market1501.pt,4,55.980673,19.063333,15.0,32.6
botsort,yolov8l.pt,osnet_x1_0_market1501.pt,5,60.590903,16.875862,15.2,30.8
botsort,yolov8l.pt,osnet_x0_75_market1501.pt,1,59.489223,26.174193,14.2,312.4
botsort,yolov8l.pt,osnet_x0_75_market1501.pt,2,68.502705,14.934482,14.0,32.5
botsort,yolov8l.pt,osnet_x0_75_market1501.pt,3,58.940064,18.003225,14.9,41.7
botsort,yolov8l.pt,osnet_x0_75_market1501.pt,4,60.834271,16.873333,15.0,32.6
botsort,yolov8l.pt,osnet_x0_75_market1501.pt,5,59.858551,17.213793,15.3,35.6
botsort,yolov8l.pt,osnet_x0_5_market1501.pt,1,57.981086,26.751612,14.1,313.4
botsort,yolov8l.pt,osnet_x0_5_market1501.pt,2,67.311313,15.406896,14.0,32.4
botsort,yolov8l.pt,osnet_x0_5_market1501.pt,3,58.936940,17.938709,15.0,38.6
botsort,yolov8l.pt,osnet_x0_5_market1501.pt,4,60.862946,16.903333,14.9,33.2
botsort,yolov8l.pt,osnet_x0_5_market1501.pt,5,60.435950,16.862068,15.2,27.6
botsort,yolov8l.pt,osnet_x0_25_market1501.pt,1,58.788566,26.906451,14.3,327.6
botsort,yolov8l.pt,osnet_x0_25_market1501.pt,2,68.715889,14.920689,14.0,33.1
botsort,yolov8l.pt,osnet_x0_25_market1501.pt,3,58.313626,18.287096,15.0,38.5
botsort,yolov8l.pt,osnet_x0_25_market1501.pt,4,60.690734,16.926666,15.0,32.5
botsort,yolov8l.pt,osnet_x0_25_market1501.pt,5,60.521535,16.672413,15.3,22.9
botsort,yolov8l.pt,clip_market1501.pt,1,59.240650,69.435483,13.9,1645.2
botsort,yolov8l.pt,clip_market1501.pt,2,58.489730,17.165517,16.5,24.1
botsort,yolov8l.pt,clip_market1501.pt,3,41.376213,24.293548,21.2,30.4
botsort,yolov8l.pt,clip_market1501.pt,4,35.491354,28.326666,25.8,33.9
botsort,yolov8l.pt,clip_market1501.pt,5,31.476596,31.944827,27.1,38.1
botsort,yolov8l.pt,lmbn_n_market.pt,1,41.480588,39.980645,20.5,517.2
botsort,yolov8l.pt,lmbn_n_market.pt,2,41.801931,24.772413,20.6,38.8
botsort,yolov8l.pt,lmbn_n_market.pt,3,38.145093,27.500000,21.3,44.8
botsort,yolov8l.pt,lmbn_n_market.pt,4,41.939979,24.496666,21.7,39.4
botsort,yolov8l.pt,lmbn_n_market.pt,5,42.195428,24.041379,21.6,33.7
botsort,yolov8l.pt,clip_market1501.pt,1,61.732266,68.364516,13.9,1638.9
botsort,yolov8l.pt,clip_market1501.pt,2,58.046012,17.303448,16.4,23.9
botsort,yolov8l.pt,clip_market1501.pt,3,41.445772,24.258064,21.0,30.8
botsort,yolov8l.pt,clip_market1501.pt,4,35.758088,28.110000,26.2,35.1
botsort,yolov8l.pt,clip_market1501.pt,5,31.182733,32.289655,27.1,41.8
botsort,yolov8l.pt,osnet_ibn_x1_0_msmt17.pt,1,52.514606,29.396774,15.0,330.9
botsort,yolov8l.pt,osnet_ibn_x1_0_msmt17.pt,2,61.475955,17.686206,13.9,41.7
botsort,yolov8l.pt,osnet_ibn_x1_0_msmt17.pt,3,59.479562,17.745161,15.0,38.0
botsort,yolov8l.pt,osnet_ibn_x1_0_msmt17.pt,4,61.380555,16.710000,15.0,31.9
botsort,yolov8l.pt,osnet_ibn_x1_0_msmt17.pt,5,60.418913,16.996551,15.2,33.9
botsort,yolov8l.pt,osnet_ain_x1_0_msmt17.pt,1,56.690198,28.493548,14.7,346.6
botsort,yolov8l.pt,osnet_ain_x1_0_msmt17.pt,2,67.120207,15.237931,14.4,32.6
botsort,yolov8l.pt,osnet_ain_x1_0_msmt17.pt,3,58.117644,18.129032,15.3,38.7
botsort,yolov8l.pt,osnet_ain_x1_0_msmt17.pt,4,60.143557,17.043333,15.2,32.6
botsort,yolov8l.pt,osnet_ain_x1_0_msmt17.pt,5,60.194102,16.748275,15.5,22.9
botsort,yolov8x.pt,osnet_x1_0_market1501.pt,1,48.553915,29.248387,17.6,298.0
botsort,yolov8x.pt,osnet_x1_0_market1501.pt,2,56.462707,18.041379,17.3,35.7
botsort,yolov8x.pt,osnet_x1_0_market1501.pt,3,50.688977,20.387096,18.1,40.9
botsort,yolov8x.pt,osnet_x1_0_market1501.pt,4,51.176045,19.910000,18.0,35.2
botsort,yolov8x.pt,osnet_x1_0_market1501.pt,5,51.442570,19.555172,18.4,25.7
botsort,yolov8x.pt,osnet_x0_75_market1501.pt,1,46.109254,30.735483,17.5,304.5
botsort,yolov8x.pt,osnet_x0_75_market1501.pt,2,51.339763,19.937931,17.3,34.8
botsort,yolov8x.pt,osnet_x0_75_market1501.pt,3,49.832952,20.767741,18.1,42.8
botsort,yolov8x.pt,osnet_x0_75_market1501.pt,4,50.977306,20.020000,18.2,35.7
botsort,yolov8x.pt,osnet_x0_75_market1501.pt,5,50.749601,19.917241,18.4,28.5
botsort,yolov8x.pt,osnet_x0_5_market1501.pt,1,49.476490,28.748387,17.4,294.1
botsort,yolov8x.pt,osnet_x0_5_market1501.pt,2,56.550686,17.989655,17.2,35.4
botsort,yolov8x.pt,osnet_x0_5_market1501.pt,3,50.587231,20.422580,18.0,41.0
botsort,yolov8x.pt,osnet_x0_5_market1501.pt,4,50.998270,19.983333,18.2,35.4
botsort,yolov8x.pt,osnet_x0_5_market1501.pt,5,51.143091,19.675862,18.4,25.9
botsort,yolov8x.pt,osnet_x0_25_market1501.pt,1,48.657545,29.593548,17.5,309.2
botsort,yolov8x.pt,osnet_x0_25_market1501.pt,2,56.745353,17.944827,17.1,35.6
botsort,yolov8x.pt,osnet_x0_25_market1501.pt,3,50.611279,20.377419,18.1,40.4
botsort,yolov8x.pt,osnet_x0_25_market1501.pt,4,51.145848,19.913333,18.1,34.7
botsort,yolov8x.pt,osnet_x0_25_market1501.pt,5,51.170412,19.658620,18.4,25.7
botsort,yolov8x.pt,clip_market1501.pt,1,50.566025,72.696774,17.1,1670.4
botsort,yolov8x.pt,clip_market1501.pt,2,48.214763,20.793103,20.2,27.5
botsort,yolov8x.pt,clip_market1501.pt,3,35.800864,28.054838,25.8,34.7
botsort,yolov8x.pt,clip_market1501.pt,4,31.392937,31.973333,29.9,37.8
botsort,yolov8x.pt,clip_market1501.pt,5,27.005017,37.148275,33.8,43.6
botsort,yolov8x.pt,lmbn_n_market.pt,1,35.824229,43.016129,23.8,509.5
botsort,yolov8x.pt,lmbn_n_market.pt,2,39.748229,25.617241,23.7,41.4
botsort,yolov8x.pt,lmbn_n_market.pt,3,37.994835,26.954838,24.4,50.2
botsort,yolov8x.pt,lmbn_n_market.pt,4,38.513305,26.303333,24.5,43.2
botsort,yolov8x.pt,lmbn_n_market.pt,5,38.676680,25.941379,24.8,32.2
botsort,yolov8x.pt,clip_market1501.pt,1,50.374840,71.938709,17.2,1644.2
botsort,yolov8x.pt,clip_market1501.pt,2,48.391316,20.713793,20.3,27.2
botsort,yolov8x.pt,clip_market1501.pt,3,35.858409,27.983870,26.4,34.4
botsort,yolov8x.pt,clip_market1501.pt,4,31.480935,31.893333,29.6,39.1
botsort,yolov8x.pt,clip_market1501.pt,5,26.737252,37.565517,33.3,46.0
botsort,yolov8x.pt,osnet_ibn_x1_0_msmt17.pt,1,48.019085,29.809677,17.7,308.7
botsort,yolov8x.pt,osnet_ibn_x1_0_msmt17.pt,2,55.678031,18.289655,17.4,36.1
botsort,yolov8x.pt,osnet_ibn_x1_0_msmt17.pt,3,50.065886,20.667741,18.2,41.9
botsort,yolov8x.pt,osnet_ibn_x1_0_msmt17.pt,4,50.581772,20.190000,18.4,36.3
botsort,yolov8x.pt,osnet_ibn_x1_0_msmt17.pt,5,50.168082,20.200000,18.6,31.0
botsort,yolov8x.pt,osnet_ain_x1_0_msmt17.pt,1,47.221735,30.300000,18.1,313.6
botsort,yolov8x.pt,osnet_ain_x1_0_msmt17.pt,2,54.820270,18.582758,17.7,37.1
botsort,yolov8x.pt,osnet_ain_x1_0_msmt17.pt,3,49.329875,20.967741,18.6,42.5
botsort,yolov8x.pt,osnet_ain_x1_0_msmt17.pt,4,49.696365,20.530000,18.7,36.9
botsort,yolov8x.pt,osnet_ain_x1_0_msmt17.pt,5,49.849411,20.179310,18.9,26.8
deepocsort,yolov8n.pt,osnet_x1_0_market1501.pt,1,88.385386,20.884848,9.8,323.9
deepocsort,yolov8n.pt,osnet_x1_0_market1501.pt,2,70.973421,16.254545,10.1,28.5
deepocsort,yolov8n.pt,osnet_x1_0_market1501.pt,3,82.435673,13.625925,10.3,35.1
deepocsort,yolov8n.pt,osnet_x1_0_market1501.pt,4,60.213316,18.080000,14.6,51.9
deepocsort,yolov8n.pt,osnet_x1_0_market1501.pt,5,56.318756,19.437037,11.7,31.4
deepocsort,yolov8n.pt,osnet_x0_75_market1501.pt,1,69.677933,24.278787,10.0,319.3
deepocsort,yolov8n.pt,osnet_x0_75_market1501.pt,2,56.815389,20.681818,10.1,45.8
deepocsort,yolov8n.pt,osnet_x0_75_market1501.pt,3,65.820344,17.300000,10.7,39.2
deepocsort,yolov8n.pt,osnet_x0_75_market1501.pt,4,63.287991,19.086666,11.3,48.5
deepocsort,yolov8n.pt,osnet_x0_75_market1501.pt,5,56.710211,19.544444,14.5,58.1
deepocsort,yolov8n.pt,osnet_x0_5_market1501.pt,1,84.702784,20.984848,9.8,306.9
deepocsort,yolov8n.pt,osnet_x0_5_market1501.pt,2,63.127547,17.778787,10.2,48.2
deepocsort,yolov8n.pt,osnet_x0_5_market1501.pt,3,63.228839,16.966666,11.6,30.5
deepocsort,yolov8n.pt,osnet_x0_5_market1501.pt,4,66.422074,18.533333,11.3,44.2
deepocsort,yolov8n.pt,osnet_x0_5_market1501.pt,5,62.503977,16.981481,11.8,31.3
deepocsort,yolov8n.pt,osnet_x0_25_market1501.pt,1,71.816410,23.890909,10.1,324.5
deepocsort,yolov8n.pt,osnet_x0_25_market1501.pt,2,73.997903,14.936363,10.2,28.8
deepocsort,yolov8n.pt,osnet_x0_25_market1501.pt,3,78.587006,13.200000,10.8,29.3
deepocsort,yolov8n.pt,osnet_x0_25_market1501.pt,4,69.649300,15.610000,11.5,29.4
deepocsort,yolov8n.pt,osnet_x0_25_market1501.pt,5,59.191348,18.081481,12.0,32.1
deepocsort,yolov8n.pt,clip_market1501.pt,1,81.110755,64.957575,9.7,1720.9
deepocsort,yolov8n.pt,clip_market1501.pt,2,69.149775,14.742424,12.5,23.0
deepocsort,yolov8n.pt,clip_market1501.pt,3,54.180912,18.655555,15.7,23.1
deepocsort,yolov8n.pt,clip_market1501.pt,4,45.937601,21.943333,19.2,26.7
deepocsort,yolov8n.pt,clip_market1501.pt,5,38.112114,26.392592,22.8,30.2
deepocsort,yolov8n.pt,lmbn_n_market.pt,1,57.280281,32.472727,16.4,528.7
deepocsort,yolov8n.pt,lmbn_n_market.pt,2,47.373058,21.948484,17.1,43.4
deepocsort,yolov8n.pt,lmbn_n_market.pt,3,48.759065,21.129629,17.7,37.0
deepocsort,yolov8n.pt,lmbn_n_market.pt,4,53.137123,19.106666,18.0,35.6
deepocsort,yolov8n.pt,lmbn_n_market.pt,5,51.704942,19.788888,18.3,40.8
deepocsort,yolov8n.pt,clip_market1501.pt,1,67.981486,66.463636,10.8,1698.9
deepocsort,yolov8n.pt,clip_market1501.pt,2,60.169445,17.351515,13.4,23.4
deepocsort,yolov8n.pt,clip_market1501.pt,3,53.423885,18.966666,15.7,24.2
deepocsort,yolov8n.pt,clip_market1501.pt,4,45.813575,22.033333,18.9,26.4
deepocsort,yolov8n.pt,clip_market1501.pt,5,37.862939,26.574074,22.5,31.7
deepocsort,yolov8n.pt,osnet_ibn_x1_0_msmt17.pt,1,79.104066,22.254545,10.1,325.8
deepocsort,yolov8n.pt,osnet_ibn_x1_0_msmt17.pt,2,76.875716,14.915151,10.2,36.9
deepocsort,yolov8n.pt,osnet_ibn_x1_0_msmt17.pt,3,49.313786,27.314814,10.8,58.5
deepocsort,yolov8n.pt,osnet_ibn_x1_0_msmt17.pt,4,53.157831,22.426666,11.5,43.7
deepocsort,yolov8n.pt,osnet_ibn_x1_0_msmt17.pt,5,60.764363,17.159259,14.2,31.1
deepocsort,yolov8n.pt,osnet_ain_x1_0_msmt17.pt,1,69.335421,25.263636,10.6,345.3
deepocsort,yolov8n.pt,osnet_ain_x1_0_msmt17.pt,2,57.120273,19.609090,11.3,34.5
deepocsort,yolov8n.pt,osnet_ain_x1_0_msmt17.pt,3,64.373254,16.988888,12.0,31.6
deepocsort,yolov8n.pt,osnet_ain_x1_0_msmt17.pt,4,65.396361,16.356666,12.4,42.9
deepocsort,yolov8n.pt,osnet_ain_x1_0_msmt17.pt,5,62.234862,17.825925,12.1,46.4
deepocsort,yolov8s.pt,osnet_x1_0_market1501.pt,1,79.795884,21.875757,10.0,314.7
deepocsort,yolov8s.pt,osnet_x1_0_market1501.pt,2,65.385971,17.483333,10.1,32.4
deepocsort,yolov8s.pt,osnet_x1_0_market1501.pt,3,70.133672,16.323333,10.9,57.8
deepocsort,yolov8s.pt,osnet_x1_0_market1501.pt,4,52.104133,24.076666,11.8,51.4
deepocsort,yolov8s.pt,osnet_x1_0_market1501.pt,5,54.354885,19.903703,12.5,32.5
deepocsort,yolov8s.pt,osnet_x0_75_market1501.pt,1,81.776028,22.690909,9.9,338.5
deepocsort,yolov8s.pt,osnet_x0_75_market1501.pt,2,70.807819,16.556666,10.3,27.1
deepocsort,yolov8s.pt,osnet_x0_75_market1501.pt,3,80.723220,15.653333,10.9,63.2
deepocsort,yolov8s.pt,osnet_x0_75_market1501.pt,4,56.435357,19.346666,12.1,32.3
deepocsort,yolov8s.pt,osnet_x0_75_market1501.pt,5,74.345965,13.711111,11.9,22.1
deepocsort,yolov8s.pt,osnet_x0_5_market1501.pt,1,71.602343,24.739393,10.0,321.2
deepocsort,yolov8s.pt,osnet_x0_5_market1501.pt,2,74.860489,13.760000,11.0,26.4
deepocsort,yolov8s.pt,osnet_x0_5_market1501.pt,3,66.518708,18.783333,10.9,48.9
deepocsort,yolov8s.pt,osnet_x0_5_market1501.pt,4,52.385346,20.610000,15.0,32.7
deepocsort,yolov8s.pt,osnet_x0_5_market1501.pt,5,43.520597,25.681481,15.1,35.2
deepocsort,yolov8s.pt,osnet_x0_25_market1501.pt,1,64.424295,25.942424,10.0,313.1
deepocsort,yolov8s.pt,osnet_x0_25_market1501.pt,2,62.909010,17.973333,12.3,40.5
deepocsort,yolov8s.pt,osnet_x0_25_market1501.pt,3,66.876674,17.240000,11.0,35.7
deepocsort,yolov8s.pt,osnet_x0_25_market1501.pt,4,65.635866,15.243333,14.8,16.7
deepocsort,yolov8s.pt,osnet_x0_25_market1501.pt,5,67.613441,15.888888,12.0,35.5
deepocsort,yolov8s.pt,clip_market1501.pt,1,98.361369,61.124242,9.4,1699.3
deepocsort,yolov8s.pt,clip_market1501.pt,2,66.544599,15.613333,12.4,22.6
deepocsort,yolov8s.pt,clip_market1501.pt,3,51.495541,19.646666,18.5,32.6
deepocsort,yolov8s.pt,clip_market1501.pt,4,39.344482,25.866666,22.0,32.9
deepocsort,yolov8s.pt,clip_market1501.pt,5,34.210921,29.514814,25.1,37.0
deepocsort,yolov8s.pt,lmbn_n_market.pt,1,52.159538,32.457575,16.6,469.6
deepocsort,yolov8s.pt,lmbn_n_market.pt,2,45.255428,24.090000,17.1,66.2
deepocsort,yolov8s.pt,lmbn_n_market.pt,3,44.991035,24.106666,17.8,68.1
deepocsort,yolov8s.pt,lmbn_n_market.pt,4,39.167706,26.820000,22.3,44.8
deepocsort,yolov8s.pt,lmbn_n_market.pt,5,38.650789,27.807407,19.5,49.1
deepocsort,yolov8s.pt,clip_market1501.pt,1,82.853134,62.442424,9.5,1651.1
deepocsort,yolov8s.pt,clip_market1501.pt,2,71.536935,14.560000,12.3,24.5
deepocsort,yolov8s.pt,clip_market1501.pt,3,51.332550,19.586666,18.6,26.6
deepocsort,yolov8s.pt,clip_market1501.pt,4,41.723534,24.076666,22.7,30.2
deepocsort,yolov8s.pt,clip_market1501.pt,5,34.085335,29.603703,26.2,37.1
deepocsort,yolov8s.pt,osnet_ibn_x1_0_msmt17.pt,1,73.099330,23.184848,11.5,332.5
deepocsort,yolov8s.pt,osnet_ibn_x1_0_msmt17.pt,2,74.258503,14.170000,11.5,40.3
deepocsort,yolov8s.pt,osnet_ibn_x1_0_msmt17.pt,3,64.719455,17.506666,11.4,30.4
deepocsort,yolov8s.pt,osnet_ibn_x1_0_msmt17.pt,4,62.522949,18.020000,11.7,43.1
deepocsort,yolov8s.pt,osnet_ibn_x1_0_msmt17.pt,5,54.070986,23.877777,12.0,54.6
deepocsort,yolov8s.pt,osnet_ain_x1_0_msmt17.pt,1,68.222567,25.554545,10.6,338.8
deepocsort,yolov8s.pt,osnet_ain_x1_0_msmt17.pt,2,69.074492,15.800000,10.9,29.7
deepocsort,yolov8s.pt,osnet_ain_x1_0_msmt17.pt,3,68.471197,16.223333,11.7,40.1
deepocsort,yolov8s.pt,osnet_ain_x1_0_msmt17.pt,4,60.165552,19.076666,12.4,45.7
deepocsort,yolov8s.pt,osnet_ain_x1_0_msmt17.pt,5,46.079253,24.451851,15.5,38.9
deepocsort,yolov8m.pt,osnet_x1_0_market1501.pt,1,75.194586,22.130303,11.7,315.5
deepocsort,yolov8m.pt,osnet_x1_0_market1501.pt,2,73.000511,15.460000,11.9,51.4
deepocsort,yolov8m.pt,osnet_x1_0_market1501.pt,3,71.759457,14.870000,12.4,37.7
deepocsort,yolov8m.pt,osnet_x1_0_market1501.pt,4,60.614344,16.870000,13.7,33.1
deepocsort,yolov8m.pt,osnet_x1_0_market1501.pt,5,56.586225,19.970370,13.9,59.8
deepocsort,yolov8m.pt,osnet_x0_75_market1501.pt,1,66.619255,25.578787,11.8,331.3
deepocsort,yolov8m.pt,osnet_x0_75_market1501.pt,2,68.780440,16.483333,11.9,38.1
deepocsort,yolov8m.pt,osnet_x0_75_market1501.pt,3,57.252723,18.726666,14.5,32.0
deepocsort,yolov8m.pt,osnet_x0_75_market1501.pt,4,52.812489,20.450000,16.0,34.3
deepocsort,yolov8m.pt,osnet_x0_75_market1501.pt,5,66.507182,15.144444,13.4,17.6
deepocsort,yolov8m.pt,osnet_x0_5_market1501.pt,1,66.147070,23.981818,12.1,306.0
deepocsort,yolov8m.pt,osnet_x0_5_market1501.pt,2,54.521047,19.456666,13.9,32.0
deepocsort,yolov8m.pt,osnet_x0_5_market1501.pt,3,56.409919,19.606666,13.4,33.0
deepocsort,yolov8m.pt,osnet_x0_5_market1501.pt,4,51.653726,21.706666,13.5,37.2
deepocsort,yolov8m.pt,osnet_x0_5_market1501.pt,5,59.411056,17.470370,13.8,34.4
deepocsort,yolov8m.pt,osnet_x0_25_market1501.pt,1,70.350046,23.709090,11.6,307.8
deepocsort,yolov8m.pt,osnet_x0_25_market1501.pt,2,66.177341,16.030000,13.9,33.6
deepocsort,yolov8m.pt,osnet_x0_25_market1501.pt,3,69.379173,14.900000,12.7,30.0
deepocsort,yolov8m.pt,osnet_x0_25_market1501.pt,4,65.173125,17.106666,13.5,47.8
deepocsort,yolov8m.pt,osnet_x0_25_market1501.pt,5,55.810712,20.051851,13.7,34.0
deepocsort,yolov8m.pt,clip_market1501.pt,1,69.682361,65.778787,11.3,1698.3
deepocsort,yolov8m.pt,clip_market1501.pt,2,57.099265,18.246666,14.6,26.1
deepocsort,yolov8m.pt,clip_market1501.pt,3,46.096981,21.760000,20.5,25.8
deepocsort,yolov8m.pt,clip_market1501.pt,4,38.534984,26.010000,24.7,29.9
deepocsort,yolov8m.pt,clip_market1501.pt,5,33.124196,30.337037,27.3,38.9
deepocsort,yolov8m.pt,lmbn_n_market.pt,1,47.511038,36.987878,18.1,547.5
deepocsort,yolov8m.pt,lmbn_n_market.pt,2,50.254112,20.280000,18.4,37.8
deepocsort,yolov8m.pt,lmbn_n_market.pt,3,49.060690,20.733333,19.3,39.4
deepocsort,yolov8m.pt,lmbn_n_market.pt,4,41.152286,24.630000,20.4,42.2
deepocsort,yolov8m.pt,lmbn_n_market.pt,5,38.416831,27.629629,20.9,54.9
deepocsort,yolov8m.pt,clip_market1501.pt,1,69.508064,64.490909,12.2,1673.3
deepocsort,yolov8m.pt,clip_market1501.pt,2,65.055813,15.536666,14.3,21.3
deepocsort,yolov8m.pt,clip_market1501.pt,3,46.314921,21.663333,20.8,26.3
deepocsort,yolov8m.pt,clip_market1501.pt,4,38.702564,25.893333,24.8,29.6
deepocsort,yolov8m.pt,clip_market1501.pt,5,33.369464,29.992592,29.1,31.6
deepocsort,yolov8m.pt,osnet_ibn_x1_0_msmt17.pt,1,77.169992,22.366666,11.8,326.1
deepocsort,yolov8m.pt,osnet_ibn_x1_0_msmt17.pt,2,73.421225,14.103333,12.0,28.7
deepocsort,yolov8m.pt,osnet_ibn_x1_0_msmt17.pt,3,69.694191,15.130000,12.9,36.8
deepocsort,yolov8m.pt,osnet_ibn_x1_0_msmt17.pt,4,51.549591,24.236666,13.7,53.0
deepocsort,yolov8m.pt,osnet_ibn_x1_0_msmt17.pt,5,54.184822,20.662962,14.3,63.2
deepocsort,yolov8m.pt,osnet_ain_x1_0_msmt17.pt,1,74.356829,22.851515,12.1,335.1
deepocsort,yolov8m.pt,osnet_ain_x1_0_msmt17.pt,2,65.545878,16.630000,12.4,31.1
deepocsort,yolov8m.pt,osnet_ain_x1_0_msmt17.pt,3,72.279528,14.183333,12.8,29.9
deepocsort,yolov8m.pt,osnet_ain_x1_0_msmt17.pt,4,65.935837,15.520000,13.9,31.9
deepocsort,yolov8m.pt,osnet_ain_x1_0_msmt17.pt,5,68.970911,14.500000,14.1,15.9
deepocsort,yolov8l.pt,osnet_x1_0_market1501.pt,1,65.940610,24.215151,13.5,323.5
deepocsort,yolov8l.pt,osnet_x1_0_market1501.pt,2,60.262107,18.013333,13.9,34.7
deepocsort,yolov8l.pt,osnet_x1_0_market1501.pt,3,47.080954,22.860000,17.1,41.8
deepocsort,yolov8l.pt,osnet_x1_0_market1501.pt,4,45.662981,23.800000,17.8,43.2
deepocsort,yolov8l.pt,osnet_x1_0_market1501.pt,5,46.178232,23.025925,18.4,38.8
deepocsort,yolov8l.pt,osnet_x0_75_market1501.pt,1,62.057704,25.200000,13.6,324.9
deepocsort,yolov8l.pt,osnet_x0_75_market1501.pt,2,62.630996,17.250000,13.9,36.2
deepocsort,yolov8l.pt,osnet_x0_75_market1501.pt,3,62.833333,16.233333,14.5,31.9
deepocsort,yolov8l.pt,osnet_x0_75_market1501.pt,4,58.953022,17.380000,15.5,34.7
deepocsort,yolov8l.pt,osnet_x0_75_market1501.pt,5,51.908509,21.044444,16.1,56.3
deepocsort,yolov8l.pt,osnet_x0_5_market1501.pt,1,67.950608,23.215151,13.6,308.2
deepocsort,yolov8l.pt,osnet_x0_5_market1501.pt,2,67.908405,15.043333,14.1,31.8
deepocsort,yolov8l.pt,osnet_x0_5_market1501.pt,3,62.178478,17.376666,14.9,64.4
deepocsort,yolov8l.pt,osnet_x0_5_market1501.pt,4,44.241164,26.976666,16.1,55.5
deepocsort,yolov8l.pt,osnet_x0_5_market1501.pt,5,52.799660,20.770370,16.1,55.7
deepocsort,yolov8l.pt,osnet_x0_25_market1501.pt,1,57.042147,26.921212,15.4,323.9
deepocsort,yolov8l.pt,osnet_x0_25_market1501.pt,2,67.533189,15.220000,13.7,31.8
deepocsort,yolov8l.pt,osnet_x0_25_market1501.pt,3,63.779508,15.986666,14.8,32.8
deepocsort,yolov8l.pt,osnet_x0_25_market1501.pt,4,48.988301,21.143333,16.9,37.0
deepocsort,yolov8l.pt,osnet_x0_25_market1501.pt,5,40.587282,26.433333,17.5,40.6
deepocsort,yolov8l.pt,clip_market1501.pt,1,56.763909,67.593939,14.2,1657.9
deepocsort,yolov8l.pt,clip_market1501.pt,2,56.349605,17.896666,16.4,23.3
deepocsort,yolov8l.pt,clip_market1501.pt,3,41.865292,23.960000,22.7,27.7
deepocsort,yolov8l.pt,clip_market1501.pt,4,35.354944,28.353333,27.0,33.1
deepocsort,yolov8l.pt,clip_market1501.pt,5,30.680665,32.637037,31.3,35.1
deepocsort,yolov8l.pt,lmbn_n_market.pt,1,45.439052,36.660606,20.5,525.6
deepocsort,yolov8l.pt,lmbn_n_market.pt,2,45.217919,22.406666,21.4,41.1
deepocsort,yolov8l.pt,lmbn_n_market.pt,3,42.956602,23.603333,22.2,42.4
deepocsort,yolov8l.pt,lmbn_n_market.pt,4,35.793988,29.860000,23.3,60.3
deepocsort,yolov8l.pt,lmbn_n_market.pt,5,37.330229,26.885185,23.5,29.2
deepocsort,yolov8l.pt,clip_market1501.pt,1,69.435104,64.903030,13.4,1693.4
deepocsort,yolov8l.pt,clip_market1501.pt,2,57.505463,17.533333,16.7,23.2
deepocsort,yolov8l.pt,clip_market1501.pt,3,42.038665,23.843333,22.8,27.6
deepocsort,yolov8l.pt,clip_market1501.pt,4,35.457378,28.283333,26.9,35.1
deepocsort,yolov8l.pt,clip_market1501.pt,5,30.649167,32.655555,31.4,35.1
deepocsort,yolov8l.pt,osnet_ibn_x1_0_msmt17.pt,1,61.961721,25.787878,13.8,345.8
deepocsort,yolov8l.pt,osnet_ibn_x1_0_msmt17.pt,2,68.697328,14.880000,13.9,30.8
deepocsort,yolov8l.pt,osnet_ibn_x1_0_msmt17.pt,3,60.551684,17.056666,14.5,34.9
deepocsort,yolov8l.pt,osnet_ibn_x1_0_msmt17.pt,4,50.030423,20.690000,18.7,45.9
deepocsort,yolov8l.pt,osnet_ibn_x1_0_msmt17.pt,5,43.550538,25.196296,18.5,41.3
deepocsort,yolov8l.pt,osnet_ain_x1_0_msmt17.pt,1,65.872418,24.024242,14.2,320.6
deepocsort,yolov8l.pt,osnet_ain_x1_0_msmt17.pt,2,67.610068,15.110000,14.3,31.6
deepocsort,yolov8l.pt,osnet_ain_x1_0_msmt17.pt,3,63.786641,16.003333,14.8,33.2
deepocsort,yolov8l.pt,osnet_ain_x1_0_msmt17.pt,4,59.126077,17.240000,15.8,35.1
deepocsort,yolov8l.pt,osnet_ain_x1_0_msmt17.pt,5,54.293921,20.588888,16.4,54.6
deepocsort,yolov8x.pt,osnet_x1_0_market1501.pt,1,55.168504,26.321212,16.8,304.3
deepocsort,yolov8x.pt,osnet_x1_0_market1501.pt,2,56.021476,18.146666,17.3,35.3
deepocsort,yolov8x.pt,osnet_x1_0_market1501.pt,3,53.006236,19.196666,18.0,36.6
deepocsort,yolov8x.pt,osnet_x1_0_market1501.pt,4,45.842864,22.150000,19.1,39.2
deepocsort,yolov8x.pt,osnet_x1_0_market1501.pt,5,43.809684,24.707407,19.4,61.8
deepocsort,yolov8x.pt,osnet_x0_75_market1501.pt,1,53.440449,27.142424,16.6,308.4
deepocsort,yolov8x.pt,osnet_x0_75_market1501.pt,2,56.276276,18.166666,17.0,37.9
deepocsort,yolov8x.pt,osnet_x0_75_market1501.pt,3,53.716173,18.916666,17.8,35.8
deepocsort,yolov8x.pt,osnet_x0_75_market1501.pt,4,42.847931,24.146666,21.3,38.6
deepocsort,yolov8x.pt,osnet_x0_75_market1501.pt,5,46.133630,21.985185,19.1,32.5
deepocsort,yolov8x.pt,osnet_x0_5_market1501.pt,1,53.655508,26.630303,16.8,293.6
deepocsort,yolov8x.pt,osnet_x0_5_market1501.pt,2,56.301161,18.043333,17.3,34.6
deepocsort,yolov8x.pt,osnet_x0_5_market1501.pt,3,52.507355,19.450000,17.9,38.0
deepocsort,yolov8x.pt,osnet_x0_5_market1501.pt,4,48.445543,20.973333,19.0,36.3
deepocsort,yolov8x.pt,osnet_x0_5_market1501.pt,5,46.809214,21.985185,19.1,46.1
deepocsort,yolov8x.pt,osnet_x0_25_market1501.pt,1,53.045505,27.136363,16.7,294.8
deepocsort,yolov8x.pt,osnet_x0_25_market1501.pt,2,57.328669,17.730000,16.9,33.9
deepocsort,yolov8x.pt,osnet_x0_25_market1501.pt,3,49.555598,20.526666,17.6,35.9
deepocsort,yolov8x.pt,osnet_x0_25_market1501.pt,4,44.117667,23.256666,18.8,38.5
deepocsort,yolov8x.pt,osnet_x0_25_market1501.pt,5,42.704646,26.996296,18.6,68.5
deepocsort,yolov8x.pt,clip_market1501.pt,1,55.436464,68.387878,16.9,1692.0
deepocsort,yolov8x.pt,clip_market1501.pt,2,47.478115,21.190000,20.3,26.9
deepocsort,yolov8x.pt,clip_market1501.pt,3,35.132172,28.620000,26.3,34.2
deepocsort,yolov8x.pt,clip_market1501.pt,4,30.662437,32.716666,30.6,37.7
deepocsort,yolov8x.pt,clip_market1501.pt,5,26.051823,38.540740,34.3,43.4
deepocsort,yolov8x.pt,lmbn_n_market.pt,1,39.106874,40.009090,23.3,522.8
deepocsort,yolov8x.pt,lmbn_n_market.pt,2,38.720096,26.213333,24.1,45.7
deepocsort,yolov8x.pt,lmbn_n_market.pt,3,37.287936,27.260000,25.0,47.4
deepocsort,yolov8x.pt,lmbn_n_market.pt,4,32.370726,32.670000,25.2,55.9
deepocsort,yolov8x.pt,lmbn_n_market.pt,5,38.211001,26.188888,25.3,28.0
deepocsort,yolov8x.pt,clip_market1501.pt,1,55.860302,68.178787,16.9,1692.6
deepocsort,yolov8x.pt,clip_market1501.pt,2,47.708378,21.090000,20.3,26.7
deepocsort,yolov8x.pt,clip_market1501.pt,3,36.380703,27.536666,26.5,31.6
deepocsort,yolov8x.pt,clip_market1501.pt,4,31.384272,31.913333,30.7,36.5
deepocsort,yolov8x.pt,clip_market1501.pt,5,27.280828,36.707407,34.6,39.5
deepocsort,yolov8x.pt,osnet_ibn_x1_0_msmt17.pt,1,51.212520,28.563636,17.0,325.8
deepocsort,yolov8x.pt,osnet_ibn_x1_0_msmt17.pt,2,53.638035,19.076666,17.1,34.7
deepocsort,yolov8x.pt,osnet_ibn_x1_0_msmt17.pt,3,52.790224,19.933333,17.6,50.4
deepocsort,yolov8x.pt,osnet_ibn_x1_0_msmt17.pt,4,43.933701,23.050000,21.8,39.0
deepocsort,yolov8x.pt,osnet_ibn_x1_0_msmt17.pt,5,44.945159,22.266666,21.5,23.9
deepocsort,yolov8x.pt,osnet_ain_x1_0_msmt17.pt,1,47.888454,29.654545,18.5,325.0
deepocsort,yolov8x.pt,osnet_ain_x1_0_msmt17.pt,2,52.187478,19.523333,17.7,35.0
deepocsort,yolov8x.pt,osnet_ain_x1_0_msmt17.pt,3,46.369796,22.333333,18.5,36.1
deepocsort,yolov8x.pt,osnet_ain_x1_0_msmt17.pt,4,41.999997,25.096666,19.5,41.3
deepocsort,yolov8x.pt,osnet_ain_x1_0_msmt17.pt,5,48.387592,20.759259,19.2,22.9
imprassoc,yolov8n.pt,osnet_x1_0_market1501.pt,1,96.091414,22.320000,9.9,377.2
imprassoc,yolov8n.pt,osnet_x1_0_market1501.pt,2,96.685289,10.351612,10.2,11.0
imprassoc,yolov8n.pt,osnet_x1_0_market1501.pt,3,88.843398,11.879310,10.5,26.6
imprassoc,yolov8n.pt,osnet_x1_0_market1501.pt,4,89.142611,11.510000,10.8,26.6
imprassoc,yolov8n.pt,osnet_x1_0_market1501.pt,5,86.622972,11.853333,10.9,26.8
imprassoc,yolov8n.pt,osnet_x0_75_market1501.pt,1,84.819992,25.003333,9.8,382.1
imprassoc,yolov8n.pt,osnet_x0_75_market1501.pt,2,97.298270,10.280645,10.2,10.8
imprassoc,yolov8n.pt,osnet_x0_75_market1501.pt,3,90.003655,11.696551,10.4,25.9
imprassoc,yolov8n.pt,osnet_x0_75_market1501.pt,4,90.424942,11.333333,10.7,25.8
imprassoc,yolov8n.pt,osnet_x0_75_market1501.pt,5,86.888910,11.943333,10.9,25.8
imprassoc,yolov8n.pt,osnet_x0_5_market1501.pt,1,94.527257,22.410000,9.8,366.6
imprassoc,yolov8n.pt,osnet_x0_5_market1501.pt,2,97.936019,10.206451,10.1,10.4
imprassoc,yolov8n.pt,osnet_x0_5_market1501.pt,3,88.581129,11.965517,10.4,27.3
imprassoc,yolov8n.pt,osnet_x0_5_market1501.pt,4,90.750173,11.306666,10.6,26.0
imprassoc,yolov8n.pt,osnet_x0_5_market1501.pt,5,86.545255,11.846666,10.9,26.3
imprassoc,yolov8n.pt,osnet_x0_25_market1501.pt,1,79.317509,26.350000,9.8,382.4
imprassoc,yolov8n.pt,osnet_x0_25_market1501.pt,2,97.852997,10.216129,10.1,10.7
imprassoc,yolov8n.pt,osnet_x0_25_market1501.pt,3,88.079668,12.034482,10.4,24.9
imprassoc,yolov8n.pt,osnet_x0_25_market1501.pt,4,90.551102,11.326666,10.6,25.3
imprassoc,yolov8n.pt,osnet_x0_25_market1501.pt,5,84.413384,12.526666,11.0,28.3
imprassoc,yolov8n.pt,clip_market1501.pt,1,68.416074,119.906666,9.7,3137.1
imprassoc,yolov8n.pt,clip_market1501.pt,2,78.163297,12.796774,12.5,13.4
imprassoc,yolov8n.pt,clip_market1501.pt,3,56.739805,17.734482,15.1,20.5
imprassoc,yolov8n.pt,clip_market1501.pt,4,48.118594,20.900000,18.6,23.1
imprassoc,yolov8n.pt,clip_market1501.pt,5,38.031630,26.486666,22.2,32.4
imprassoc,yolov8n.pt,lmbn_n_market.pt,1,59.059875,41.760000,16.2,777.8
imprassoc,yolov8n.pt,lmbn_n_market.pt,2,60.103316,16.641935,16.4,17.1
imprassoc,yolov8n.pt,lmbn_n_market.pt,3,56.319184,18.317241,16.9,34.3
imprassoc,yolov8n.pt,lmbn_n_market.pt,4,56.815887,17.880000,17.0,34.4
imprassoc,yolov8n.pt,lmbn_n_market.pt,5,55.764081,18.206666,17.3,34.3
imprassoc,yolov8n.pt,clip_market1501.pt,1,98.298857,113.656666,9.6,3124.1
imprassoc,yolov8n.pt,clip_market1501.pt,2,77.843309,12.845161,12.5,13.4
imprassoc,yolov8n.pt,clip_market1501.pt,3,56.322477,17.858620,15.2,20.3
imprassoc,yolov8n.pt,clip_market1501.pt,4,47.606157,21.143333,18.5,23.8
imprassoc,yolov8n.pt,clip_market1501.pt,5,38.878215,25.870000,21.8,29.7
imprassoc,yolov8n.pt,osnet_ibn_x1_0_msmt17.pt,1,94.877291,22.420000,10.1,376.8
imprassoc,yolov8n.pt,osnet_ibn_x1_0_msmt17.pt,2,96.450767,10.374193,10.2,11.0
imprassoc,yolov8n.pt,osnet_ibn_x1_0_msmt17.pt,3,88.518018,11.906896,10.6,26.7
imprassoc,yolov8n.pt,osnet_ibn_x1_0_msmt17.pt,4,89.296932,11.493333,10.8,26.3
imprassoc,yolov8n.pt,osnet_ibn_x1_0_msmt17.pt,5,86.849803,11.816666,11.0,26.6
imprassoc,yolov8n.pt,osnet_ain_x1_0_msmt17.pt,1,91.718227,23.023333,10.4,384.7
imprassoc,yolov8n.pt,osnet_ain_x1_0_msmt17.pt,2,93.266869,10.719354,10.6,11.2
imprassoc,yolov8n.pt,osnet_ain_x1_0_msmt17.pt,3,86.236795,12.241379,10.9,27.8
imprassoc,yolov8n.pt,osnet_ain_x1_0_msmt17.pt,4,87.129436,11.783333,11.1,26.9
imprassoc,yolov8n.pt,osnet_ain_x1_0_msmt17.pt,5,83.888911,12.450000,11.3,27.0
imprassoc,yolov8s.pt,osnet_x1_0_market1501.pt,1,91.623905,24.376666,10.0,414.4
imprassoc,yolov8s.pt,osnet_x1_0_market1501.pt,2,97.014792,10.313333,10.2,10.8
imprassoc,yolov8s.pt,osnet_x1_0_market1501.pt,3,90.303978,11.383333,10.8,26.5
imprassoc,yolov8s.pt,osnet_x1_0_market1501.pt,4,86.614964,12.193333,10.9,27.6
imprassoc,yolov8s.pt,osnet_x1_0_market1501.pt,5,88.293326,11.336666,11.1,13.2
imprassoc,yolov8s.pt,osnet_x0_75_market1501.pt,1,94.493651,21.740000,10.1,355.0
imprassoc,yolov8s.pt,osnet_x0_75_market1501.pt,2,96.877390,10.326666,10.2,11.0
imprassoc,yolov8s.pt,osnet_x0_75_market1501.pt,3,90.566299,11.363333,10.7,27.1
imprassoc,yolov8s.pt,osnet_x0_75_market1501.pt,4,87.144786,12.106666,10.8,27.5
imprassoc,yolov8s.pt,osnet_x0_75_market1501.pt,5,88.417031,11.313333,11.1,12.8
imprassoc,yolov8s.pt,osnet_x0_5_market1501.pt,1,94.630179,21.526666,10.1,349.4
imprassoc,yolov8s.pt,osnet_x0_5_market1501.pt,2,96.628682,10.353333,10.2,10.7
imprassoc,yolov8s.pt,osnet_x0_5_market1501.pt,3,90.181848,11.380000,10.7,26.6
imprassoc,yolov8s.pt,osnet_x0_5_market1501.pt,4,87.087993,12.053333,10.9,26.5
imprassoc,yolov8s.pt,osnet_x0_5_market1501.pt,5,89.429485,11.196666,11.0,13.1
imprassoc,yolov8s.pt,osnet_x0_25_market1501.pt,1,95.086210,21.550000,10.0,351.1
imprassoc,yolov8s.pt,osnet_x0_25_market1501.pt,2,96.823044,10.330000,10.2,10.5
imprassoc,yolov8s.pt,osnet_x0_25_market1501.pt,3,91.191359,11.273333,10.6,26.2
imprassoc,yolov8s.pt,osnet_x0_25_market1501.pt,4,87.518894,12.016666,10.8,26.7
imprassoc,yolov8s.pt,osnet_x0_25_market1501.pt,5,89.588983,11.173333,11.0,12.6
imprassoc,yolov8s.pt,clip_market1501.pt,1,95.947304,111.286666,9.6,3038.2
imprassoc,yolov8s.pt,clip_market1501.pt,2,76.698063,13.066666,12.6,16.8
imprassoc,yolov8s.pt,clip_market1501.pt,3,52.557045,19.066666,18.3,23.0
imprassoc,yolov8s.pt,clip_market1501.pt,4,43.829557,22.840000,22.1,25.9
imprassoc,yolov8s.pt,clip_market1501.pt,5,36.490096,27.446666,25.8,30.0
imprassoc,yolov8s.pt,lmbn_n_market.pt,1,58.412918,44.546666,16.3,856.2
imprassoc,yolov8s.pt,lmbn_n_market.pt,2,60.036752,16.656666,16.4,16.9
imprassoc,yolov8s.pt,lmbn_n_market.pt,3,57.372009,17.716666,17.0,34.2
imprassoc,yolov8s.pt,lmbn_n_market.pt,4,55.474568,18.550000,17.2,34.6
imprassoc,yolov8s.pt,lmbn_n_market.pt,5,56.385212,17.750000,17.4,20.7
imprassoc,yolov8s.pt,clip_market1501.pt,1,98.875398,112.623333,9.6,3094.9
imprassoc,yolov8s.pt,clip_market1501.pt,2,77.555423,12.900000,12.6,13.3
imprassoc,yolov8s.pt,clip_market1501.pt,3,53.275923,18.770000,18.0,19.1
imprassoc,yolov8s.pt,clip_market1501.pt,4,44.242754,22.626666,22.0,25.9
imprassoc,yolov8s.pt,clip_market1501.pt,5,36.213650,27.670000,26.1,30.1
imprassoc,yolov8s.pt,osnet_ibn_x1_0_msmt17.pt,1,93.515184,22.486666,10.1,374.2
imprassoc,yolov8s.pt,osnet_ibn_x1_0_msmt17.pt,2,96.005511,10.416666,10.3,10.8
imprassoc,yolov8s.pt,osnet_ibn_x1_0_msmt17.pt,3,89.654857,11.466666,10.8,26.7
imprassoc,yolov8s.pt,osnet_ibn_x1_0_msmt17.pt,4,86.677788,12.113333,11.0,26.6
imprassoc,yolov8s.pt,osnet_ibn_x1_0_msmt17.pt,5,88.349232,11.336666,11.2,13.6
imprassoc,yolov8s.pt,osnet_ain_x1_0_msmt17.pt,1,91.061236,22.856666,10.5,377.1
imprassoc,yolov8s.pt,osnet_ain_x1_0_msmt17.pt,2,93.477562,10.703333,10.6,11.3
imprassoc,yolov8s.pt,osnet_ain_x1_0_msmt17.pt,3,88.408457,11.610000,11.0,26.9
imprassoc,yolov8s.pt,osnet_ain_x1_0_msmt17.pt,4,85.356870,12.290000,11.2,26.6
imprassoc,yolov8s.pt,osnet_ain_x1_0_msmt17.pt,5,87.102404,11.493333,11.3,14.0
imprassoc,yolov8m.pt,osnet_x1_0_market1501.pt,1,77.477645,26.193333,12.3,423.8
imprassoc,yolov8m.pt,osnet_x1_0_market1501.pt,2,83.055731,12.040000,12.0,12.5
imprassoc,yolov8m.pt,osnet_x1_0_market1501.pt,3,73.056936,14.740000,12.4,29.0
imprassoc,yolov8m.pt,osnet_x1_0_market1501.pt,4,77.024437,13.273333,12.5,27.6
imprassoc,yolov8m.pt,osnet_x1_0_market1501.pt,5,77.242108,13.233333,12.5,27.7
imprassoc,yolov8m.pt,osnet_x0_75_market1501.pt,1,79.055578,24.400000,11.6,376.8
imprassoc,yolov8m.pt,osnet_x0_75_market1501.pt,2,83.684391,11.946666,11.9,12.4
imprassoc,yolov8m.pt,osnet_x0_75_market1501.pt,3,78.917418,13.030000,12.3,30.6
imprassoc,yolov8m.pt,osnet_x0_75_market1501.pt,4,78.199194,13.060000,12.4,27.9
imprassoc,yolov8m.pt,osnet_x0_75_market1501.pt,5,76.540557,13.343333,12.6,27.3
imprassoc,yolov8m.pt,osnet_x0_5_market1501.pt,1,77.793787,24.383333,12.2,370.4
imprassoc,yolov8m.pt,osnet_x0_5_market1501.pt,2,83.725208,11.936666,11.9,12.2
imprassoc,yolov8m.pt,osnet_x0_5_market1501.pt,3,78.733681,12.973333,12.4,27.9
imprassoc,yolov8m.pt,osnet_x0_5_market1501.pt,4,77.567733,13.163333,12.5,27.9
imprassoc,yolov8m.pt,osnet_x0_5_market1501.pt,5,76.125809,13.410000,12.7,28.0
imprassoc,yolov8m.pt,osnet_x0_25_market1501.pt,1,79.368513,23.450000,11.7,349.5
imprassoc,yolov8m.pt,osnet_x0_25_market1501.pt,2,84.032250,11.896666,11.7,12.5
imprassoc,yolov8m.pt,osnet_x0_25_market1501.pt,3,79.004021,12.953333,12.3,28.3
imprassoc,yolov8m.pt,osnet_x0_25_market1501.pt,4,77.935178,13.120000,12.4,28.4
imprassoc,yolov8m.pt,osnet_x0_25_market1501.pt,5,76.437712,13.386666,12.7,28.7
imprassoc,yolov8m.pt,clip_market1501.pt,1,84.161642,111.166666,11.4,3001.7
imprassoc,yolov8m.pt,clip_market1501.pt,2,67.252822,14.870000,14.4,15.2
imprassoc,yolov8m.pt,clip_market1501.pt,3,48.345568,20.683333,20.2,21.1
imprassoc,yolov8m.pt,clip_market1501.pt,4,40.431228,24.746666,24.0,25.9
imprassoc,yolov8m.pt,clip_market1501.pt,5,33.605965,29.840000,27.6,33.7
imprassoc,yolov8m.pt,lmbn_n_market.pt,1,51.597676,47.046666,18.3,867.4
imprassoc,yolov8m.pt,lmbn_n_market.pt,2,52.176366,19.430000,18.5,30.6
imprassoc,yolov8m.pt,lmbn_n_market.pt,3,51.176800,19.830000,19.0,37.5
imprassoc,yolov8m.pt,lmbn_n_market.pt,4,50.641309,20.026666,19.2,37.4
imprassoc,yolov8m.pt,lmbn_n_market.pt,5,50.231660,20.210000,19.3,38.1
imprassoc,yolov8m.pt,clip_market1501.pt,1,83.725537,114.673333,11.4,3105.4
imprassoc,yolov8m.pt,clip_market1501.pt,2,67.091843,14.923333,14.3,15.3
imprassoc,yolov8m.pt,clip_market1501.pt,3,48.034940,20.826666,20.3,21.1
imprassoc,yolov8m.pt,clip_market1501.pt,4,40.011873,25.010000,24.1,26.3
imprassoc,yolov8m.pt,clip_market1501.pt,5,33.635892,29.790000,27.7,34.2
imprassoc,yolov8m.pt,osnet_ibn_x1_0_msmt17.pt,1,79.287951,24.276666,11.7,373.8
imprassoc,yolov8m.pt,osnet_ibn_x1_0_msmt17.pt,2,83.139519,12.016666,11.9,12.4
imprassoc,yolov8m.pt,osnet_ibn_x1_0_msmt17.pt,3,78.716800,12.986666,12.4,28.0
imprassoc,yolov8m.pt,osnet_ibn_x1_0_msmt17.pt,4,77.894041,13.113333,12.5,28.0
imprassoc,yolov8m.pt,osnet_ibn_x1_0_msmt17.pt,5,76.565916,13.340000,12.7,28.0
imprassoc,yolov8m.pt,osnet_ain_x1_0_msmt17.pt,1,76.412134,24.866666,12.0,378.4
imprassoc,yolov8m.pt,osnet_ain_x1_0_msmt17.pt,2,80.587954,12.406666,12.3,12.7
imprassoc,yolov8m.pt,osnet_ain_x1_0_msmt17.pt,3,76.277476,13.400000,12.7,28.7
imprassoc,yolov8m.pt,osnet_ain_x1_0_msmt17.pt,4,75.016511,13.593333,13.0,27.9
imprassoc,yolov8m.pt,osnet_ain_x1_0_msmt17.pt,5,73.715002,13.850000,13.1,28.7
imprassoc,yolov8l.pt,osnet_x1_0_market1501.pt,1,67.675193,25.846666,13.6,360.5
imprassoc,yolov8l.pt,osnet_x1_0_market1501.pt,2,71.365184,14.010000,13.8,14.4
imprassoc,yolov8l.pt,osnet_x1_0_market1501.pt,3,67.929416,14.996666,14.3,30.3
imprassoc,yolov8l.pt,osnet_x1_0_market1501.pt,4,67.204207,15.143333,14.5,29.8
imprassoc,yolov8l.pt,osnet_x1_0_market1501.pt,5,66.242727,15.353333,14.6,30.0
imprassoc,yolov8l.pt,osnet_x0_75_market1501.pt,1,67.950630,26.463333,13.6,380.4
imprassoc,yolov8l.pt,osnet_x0_75_market1501.pt,2,70.734672,14.130000,14.0,14.4
imprassoc,yolov8l.pt,osnet_x0_75_market1501.pt,3,67.702899,15.116666,14.4,33.1
imprassoc,yolov8l.pt,osnet_x0_75_market1501.pt,4,67.029440,15.170000,14.5,29.6
imprassoc,yolov8l.pt,osnet_x0_75_market1501.pt,5,65.150099,15.943333,14.7,34.0
imprassoc,yolov8l.pt,osnet_x0_5_market1501.pt,1,67.945908,25.020000,13.5,337.0
imprassoc,yolov8l.pt,osnet_x0_5_market1501.pt,2,70.981989,14.083333,13.9,14.3
imprassoc,yolov8l.pt,osnet_x0_5_market1501.pt,3,67.443078,15.090000,14.3,30.1
imprassoc,yolov8l.pt,osnet_x0_5_market1501.pt,4,67.021948,15.176666,14.4,29.8
imprassoc,yolov8l.pt,osnet_x0_5_market1501.pt,5,65.393664,15.800000,14.6,30.5
imprassoc,yolov8l.pt,osnet_x0_25_market1501.pt,1,55.221834,29.750000,13.5,351.2
imprassoc,yolov8l.pt,osnet_x0_25_market1501.pt,2,70.751049,14.163333,13.7,15.9
imprassoc,yolov8l.pt,osnet_x0_25_market1501.pt,3,66.957179,15.200000,14.3,29.8
imprassoc,yolov8l.pt,osnet_x0_25_market1501.pt,4,65.169939,15.970000,14.5,34.0
imprassoc,yolov8l.pt,osnet_x0_25_market1501.pt,5,65.833114,15.426666,14.6,29.4
imprassoc,yolov8l.pt,clip_market1501.pt,1,70.093731,115.230000,13.4,3056.4
imprassoc,yolov8l.pt,clip_market1501.pt,2,59.298965,16.870000,16.4,17.3
imprassoc,yolov8l.pt,clip_market1501.pt,3,43.341599,23.083333,22.3,24.0
imprassoc,yolov8l.pt,clip_market1501.pt,4,36.986173,27.053333,25.9,28.2
imprassoc,yolov8l.pt,clip_market1501.pt,5,31.328480,31.963333,29.9,34.0
imprassoc,yolov8l.pt,lmbn_n_market.pt,1,46.643937,43.516666,20.3,703.6
imprassoc,yolov8l.pt,lmbn_n_market.pt,2,47.948749,20.856666,20.7,21.1
imprassoc,yolov8l.pt,lmbn_n_market.pt,3,46.554073,21.733333,20.9,38.5
imprassoc,yolov8l.pt,lmbn_n_market.pt,4,46.457645,21.776666,21.0,38.3
imprassoc,yolov8l.pt,lmbn_n_market.pt,5,46.004686,22.000000,21.2,38.5
imprassoc,yolov8l.pt,clip_market1501.pt,1,71.170067,111.423333,13.4,2948.8
imprassoc,yolov8l.pt,clip_market1501.pt,2,59.004080,16.953333,16.2,17.3
imprassoc,yolov8l.pt,clip_market1501.pt,3,43.475306,23.010000,22.4,23.6
imprassoc,yolov8l.pt,clip_market1501.pt,4,36.870635,27.133333,26.3,28.5
imprassoc,yolov8l.pt,clip_market1501.pt,5,31.225552,32.073333,30.5,34.4
imprassoc,yolov8l.pt,osnet_ibn_x1_0_msmt17.pt,1,67.858217,26.026666,13.7,366.5
imprassoc,yolov8l.pt,osnet_ibn_x1_0_msmt17.pt,2,70.912583,14.100000,13.9,14.6
imprassoc,yolov8l.pt,osnet_ibn_x1_0_msmt17.pt,3,67.144091,15.166666,14.4,30.4
imprassoc,yolov8l.pt,osnet_ibn_x1_0_msmt17.pt,4,66.578080,15.270000,14.6,29.9
imprassoc,yolov8l.pt,osnet_ibn_x1_0_msmt17.pt,5,65.816859,15.466666,14.7,30.3
imprassoc,yolov8l.pt,osnet_ain_x1_0_msmt17.pt,1,65.443683,26.693333,14.1,371.3
imprassoc,yolov8l.pt,osnet_ain_x1_0_msmt17.pt,2,69.015313,14.486666,14.3,15.0
imprassoc,yolov8l.pt,osnet_ain_x1_0_msmt17.pt,3,65.986333,15.403333,14.8,30.1
imprassoc,yolov8l.pt,osnet_ain_x1_0_msmt17.pt,4,65.002937,15.636666,14.9,30.2
imprassoc,yolov8l.pt,osnet_ain_x1_0_msmt17.pt,5,64.397595,15.786666,15.1,30.5
imprassoc,yolov8x.pt,osnet_x1_0_market1501.pt,1,42.851364,35.690000,18.3,392.6
imprassoc,yolov8x.pt,osnet_x1_0_market1501.pt,2,58.613939,17.066666,16.8,17.7
imprassoc,yolov8x.pt,osnet_x1_0_market1501.pt,3,56.192096,18.020000,17.4,32.3
imprassoc,yolov8x.pt,osnet_x1_0_market1501.pt,4,55.444662,18.243333,17.6,32.4
imprassoc,yolov8x.pt,osnet_x1_0_market1501.pt,5,50.679010,20.626666,17.8,33.6
imprassoc,yolov8x.pt,osnet_x0_75_market1501.pt,1,52.927890,29.763333,16.7,351.6
imprassoc,yolov8x.pt,osnet_x0_75_market1501.pt,2,56.515020,17.893333,17.0,27.1
imprassoc,yolov8x.pt,osnet_x0_75_market1501.pt,3,55.637764,18.293333,17.5,36.7
imprassoc,yolov8x.pt,osnet_x0_75_market1501.pt,4,55.234252,18.343333,17.6,33.5
imprassoc,yolov8x.pt,osnet_x0_75_market1501.pt,5,54.532909,18.583333,17.9,34.0
imprassoc,yolov8x.pt,osnet_x0_5_market1501.pt,1,55.418121,28.046666,16.5,333.8
imprassoc,yolov8x.pt,osnet_x0_5_market1501.pt,2,58.116985,17.213333,17.0,17.6
imprassoc,yolov8x.pt,osnet_x0_5_market1501.pt,3,55.720309,18.193333,17.5,33.4
imprassoc,yolov8x.pt,osnet_x0_5_market1501.pt,4,55.194634,18.356666,17.7,33.2
imprassoc,yolov8x.pt,osnet_x0_5_market1501.pt,5,54.444053,18.596666,17.9,33.1
imprassoc,yolov8x.pt,osnet_x0_25_market1501.pt,1,55.436765,28.060000,16.6,334.2
imprassoc,yolov8x.pt,osnet_x0_25_market1501.pt,2,58.807501,17.010000,16.8,17.2
imprassoc,yolov8x.pt,osnet_x0_25_market1501.pt,3,56.259821,17.993333,17.3,32.0
imprassoc,yolov8x.pt,osnet_x0_25_market1501.pt,4,55.707301,18.170000,17.5,32.2
imprassoc,yolov8x.pt,osnet_x0_25_market1501.pt,5,54.895030,18.443333,17.7,32.8
imprassoc,yolov8x.pt,clip_market1501.pt,1,56.155575,118.330000,16.9,3050.2
imprassoc,yolov8x.pt,clip_market1501.pt,2,48.960872,20.426666,19.8,20.6
imprassoc,yolov8x.pt,clip_market1501.pt,3,37.419244,26.733333,26.1,27.3
imprassoc,yolov8x.pt,clip_market1501.pt,4,32.211202,31.066666,29.7,32.3
imprassoc,yolov8x.pt,clip_market1501.pt,5,27.627557,36.273333,33.8,40.5
imprassoc,yolov8x.pt,lmbn_n_market.pt,1,39.173559,49.480000,23.8,766.2
imprassoc,yolov8x.pt,lmbn_n_market.pt,2,41.427542,24.136666,23.8,24.5
imprassoc,yolov8x.pt,lmbn_n_market.pt,3,40.196923,25.126666,24.3,42.5
imprassoc,yolov8x.pt,lmbn_n_market.pt,4,40.043771,25.220000,24.3,42.3
imprassoc,yolov8x.pt,lmbn_n_market.pt,5,39.601044,25.506666,24.6,42.8
imprassoc,yolov8x.pt,clip_market1501.pt,1,55.873154,118.323333,16.6,3043.4
imprassoc,yolov8x.pt,clip_market1501.pt,2,48.093947,20.843333,19.9,24.6
imprassoc,yolov8x.pt,clip_market1501.pt,3,37.368225,26.773333,26.1,29.1
imprassoc,yolov8x.pt,clip_market1501.pt,4,32.268544,31.003333,29.9,32.1
imprassoc,yolov8x.pt,clip_market1501.pt,5,27.652989,36.210000,34.2,38.4
imprassoc,yolov8x.pt,osnet_ibn_x1_0_msmt17.pt,1,54.022572,29.693333,17.0,370.1
imprassoc,yolov8x.pt,osnet_ibn_x1_0_msmt17.pt,2,57.329949,17.450000,17.3,17.9
imprassoc,yolov8x.pt,osnet_ibn_x1_0_msmt17.pt,3,54.940659,18.453333,17.7,34.1
imprassoc,yolov8x.pt,osnet_ibn_x1_0_msmt17.pt,4,54.603271,18.556666,17.9,33.9
imprassoc,yolov8x.pt,osnet_ibn_x1_0_msmt17.pt,5,53.963720,18.790000,18.1,34.8
imprassoc,yolov8x.pt,osnet_ain_x1_0_msmt17.pt,1,53.085613,30.200000,17.3,376.3
imprassoc,yolov8x.pt,osnet_ain_x1_0_msmt17.pt,2,56.294633,17.763333,17.6,17.9
imprassoc,yolov8x.pt,osnet_ain_x1_0_msmt17.pt,3,53.493290,19.060000,18.0,34.9
imprassoc,yolov8x.pt,osnet_ain_x1_0_msmt17.pt,4,53.869986,18.796666,18.2,33.6
imprassoc,yolov8x.pt,osnet_ain_x1_0_msmt17.pt,5,53.006530,19.096666,18.3,33.8
