tracker,yolo_model,reid_model,object_count,avg_fps,avg_time_per_frame,min_time_per_frame,max_time_per_frame
strongsort,yolov8n.pt,osnet_x1_0_market1501.pt,1,75.037134,24.740000,10.9,359.4
strongsort,yolov8n.pt,osnet_x1_0_market1501.pt,2,84.875227,12.646666,10.8,24.1
strongsort,yolov8n.pt,osnet_x1_0_market1501.pt,3,62.408965,17.096875,11.9,33.1
strongsort,yolov8n.pt,osnet_x1_0_market1501.pt,4,62.442562,16.456666,14.6,32.2
strongsort,yolov8n.pt,osnet_x1_0_market1501.pt,5,52.380177,21.739285,14.9,67.7
strongsort,yolov8n.pt,osnet_x0_75_market1501.pt,1,77.449350,23.880000,10.8,343.6
strongsort,yolov8n.pt,osnet_x0_75_market1501.pt,2,77.223552,14.486666,10.7,26.2
strongsort,yolov8n.pt,osnet_x0_75_market1501.pt,3,72.371882,15.587500,11.7,40.0
strongsort,yolov8n.pt,osnet_x0_75_market1501.pt,4,76.240845,13.620000,11.7,28.8
strongsort,yolov8n.pt,osnet_x0_75_market1501.pt,5,49.843093,24.085714,14.9,65.8
strongsort,yolov8n.pt,osnet_x0_5_market1501.pt,1,77.970775,22.860000,10.8,317.2
strongsort,yolov8n.pt,osnet_x0_5_market1501.pt,2,86.128351,12.520000,10.7,31.7
strongsort,yolov8n.pt,osnet_x0_5_market1501.pt,3,65.455285,18.525000,11.7,39.0
strongsort,yolov8n.pt,osnet_x0_5_market1501.pt,4,70.653554,16.660000,11.9,44.0
strongsort,yolov8n.pt,osnet_x0_5_market1501.pt,5,65.916014,18.946428,12.2,55.4
strongsort,yolov8n.pt,osnet_x0_25_market1501.pt,1,75.785487,23.373333,10.7,321.5
strongsort,yolov8n.pt,osnet_x0_25_market1501.pt,2,86.969709,12.210000,10.6,24.0
strongsort,yolov8n.pt,osnet_x0_25_market1501.pt,3,65.513284,18.278125,11.5,40.0
strongsort,yolov8n.pt,osnet_x0_25_market1501.pt,4,68.746905,17.213333,11.7,47.0
strongsort,yolov8n.pt,osnet_x0_25_market1501.pt,5,56.879503,25.717857,12.7,170.8
strongsort,yolov8n.pt,clip_market1501.pt,1,74.807628,66.380000,10.4,1605.3
strongsort,yolov8n.pt,clip_market1501.pt,2,69.850101,14.966666,12.9,26.0
strongsort,yolov8n.pt,clip_market1501.pt,3,42.706683,27.465625,18.9,66.9
strongsort,yolov8n.pt,clip_market1501.pt,4,26.131092,47.360000,22.4,110.4
strongsort,yolov8n.pt,clip_market1501.pt,5,12.657202,80.014285,69.4,105.1
strongsort,yolov8n.pt,lmbn_n_market.pt,1,43.981521,43.393333,17.7,647.1
strongsort,yolov8n.pt,lmbn_n_market.pt,2,41.702560,25.360000,17.9,43.8
strongsort,yolov8n.pt,lmbn_n_market.pt,3,25.240941,44.731250,22.1,79.8
strongsort,yolov8n.pt,lmbn_n_market.pt,4,14.653665,72.123333,51.9,111.2
strongsort,yolov8n.pt,lmbn_n_market.pt,5,11.436842,89.275000,68.4,118.8
strongsort,yolov8n.pt,clip_market1501.pt,1,75.482643,66.136666,10.5,1600.1
strongsort,yolov8n.pt,clip_market1501.pt,2,70.528179,14.843333,12.9,25.3
strongsort,yolov8n.pt,clip_market1501.pt,3,44.182885,25.615625,19.1,58.9
strongsort,yolov8n.pt,clip_market1501.pt,4,24.872703,52.570000,22.4,93.8
strongsort,yolov8n.pt,clip_market1501.pt,5,12.488594,83.992857,33.2,112.0
strongsort,yolov8n.pt,osnet_ibn_x1_0_msmt17.pt,1,72.826009,24.846666,11.1,349.2
strongsort,yolov8n.pt,osnet_ibn_x1_0_msmt17.pt,2,83.619348,12.790000,10.9,24.0
strongsort,yolov8n.pt,osnet_ibn_x1_0_msmt17.pt,3,74.461638,14.275000,11.8,36.2
strongsort,yolov8n.pt,osnet_ibn_x1_0_msmt17.pt,4,73.554570,14.243333,12.0,30.4
strongsort,yolov8n.pt,osnet_ibn_x1_0_msmt17.pt,5,49.161716,27.046428,12.6,61.6
strongsort,yolov8n.pt,osnet_ain_x1_0_msmt17.pt,1,66.063922,26.950000,11.5,355.6
strongsort,yolov8n.pt,osnet_ain_x1_0_msmt17.pt,2,74.271374,15.713333,11.2,39.5
strongsort,yolov8n.pt,osnet_ain_x1_0_msmt17.pt,3,69.648585,16.106250,12.0,39.1
strongsort,yolov8n.pt,osnet_ain_x1_0_msmt17.pt,4,63.794830,18.240000,12.3,48.3
strongsort,yolov8n.pt,osnet_ain_x1_0_msmt17.pt,5,63.387108,17.567857,12.8,69.3
strongsort,yolov8s.pt,osnet_x1_0_market1501.pt,1,65.419151,25.793333,12.8,336.4
strongsort,yolov8s.pt,osnet_x1_0_market1501.pt,2,74.810417,13.976666,12.4,26.4
strongsort,yolov8s.pt,osnet_x1_0_market1501.pt,3,53.449163,19.881250,14.6,35.5
strongsort,yolov8s.pt,osnet_x1_0_market1501.pt,4,67.388404,15.280000,13.5,30.6
strongsort,yolov8s.pt,osnet_x1_0_market1501.pt,5,62.845205,19.375000,14.0,89.6
strongsort,yolov8s.pt,osnet_x0_75_market1501.pt,1,65.357042,25.993333,12.8,338.2
strongsort,yolov8s.pt,osnet_x0_75_market1501.pt,2,73.666065,14.450000,12.3,37.1
strongsort,yolov8s.pt,osnet_x0_75_market1501.pt,3,65.784002,16.006250,13.3,34.6
strongsort,yolov8s.pt,osnet_x0_75_market1501.pt,4,63.819017,16.173333,13.4,30.1
strongsort,yolov8s.pt,osnet_x0_75_market1501.pt,5,61.070000,18.025000,13.8,67.5
strongsort,yolov8s.pt,osnet_x0_5_market1501.pt,1,62.475153,26.810000,12.7,328.3
strongsort,yolov8s.pt,osnet_x0_5_market1501.pt,2,67.423139,16.480000,12.5,39.0
strongsort,yolov8s.pt,osnet_x0_5_market1501.pt,3,67.692982,15.478125,13.2,35.0
strongsort,yolov8s.pt,osnet_x0_5_market1501.pt,4,67.669144,15.230000,13.5,30.7
strongsort,yolov8s.pt,osnet_x0_5_market1501.pt,5,46.688542,23.542857,16.2,71.8
strongsort,yolov8s.pt,osnet_x0_25_market1501.pt,1,67.708203,24.473333,12.6,311.9
strongsort,yolov8s.pt,osnet_x0_25_market1501.pt,2,75.798952,13.823333,12.3,27.6
strongsort,yolov8s.pt,osnet_x0_25_market1501.pt,3,67.499553,15.512500,13.3,35.2
strongsort,yolov8s.pt,osnet_x0_25_market1501.pt,4,65.089293,16.593333,13.6,46.3
strongsort,yolov8s.pt,osnet_x0_25_market1501.pt,5,54.995430,20.592857,16.1,67.4
strongsort,yolov8s.pt,clip_market1501.pt,1,67.171496,69.826666,12.3,1667.6
strongsort,yolov8s.pt,clip_market1501.pt,2,61.783718,16.943333,15.1,36.6
strongsort,yolov8s.pt,clip_market1501.pt,3,38.871230,28.728125,20.8,70.9
strongsort,yolov8s.pt,clip_market1501.pt,4,23.540741,54.213333,24.6,110.4
strongsort,yolov8s.pt,clip_market1501.pt,5,11.277094,90.082142,73.8,114.5
strongsort,yolov8s.pt,lmbn_n_market.pt,1,45.653050,38.716666,19.3,540.0
strongsort,yolov8s.pt,lmbn_n_market.pt,2,41.980384,24.896666,18.9,34.4
strongsort,yolov8s.pt,lmbn_n_market.pt,3,19.918150,57.328125,23.9,89.6
strongsort,yolov8s.pt,lmbn_n_market.pt,4,14.051325,73.020000,55.7,101.3
strongsort,yolov8s.pt,lmbn_n_market.pt,5,11.321580,90.692857,66.9,110.2
strongsort,yolov8s.pt,clip_market1501.pt,1,62.818198,69.606666,12.2,1613.9
strongsort,yolov8s.pt,clip_market1501.pt,2,62.022630,16.626666,14.7,27.8
strongsort,yolov8s.pt,clip_market1501.pt,3,39.133688,29.031250,21.2,71.9
strongsort,yolov8s.pt,clip_market1501.pt,4,22.352502,56.886666,24.0,109.6
strongsort,yolov8s.pt,clip_market1501.pt,5,11.889851,85.039285,69.3,111.9
strongsort,yolov8s.pt,osnet_ibn_x1_0_msmt17.pt,1,63.790842,26.353333,13.0,336.6
strongsort,yolov8s.pt,osnet_ibn_x1_0_msmt17.pt,2,74.856094,13.993333,12.4,25.8
strongsort,yolov8s.pt,osnet_ibn_x1_0_msmt17.pt,3,59.584977,17.681250,13.4,36.4
strongsort,yolov8s.pt,osnet_ibn_x1_0_msmt17.pt,4,59.083833,17.446666,14.0,34.0
strongsort,yolov8s.pt,osnet_ibn_x1_0_msmt17.pt,5,51.091764,22.450000,15.1,93.4
strongsort,yolov8s.pt,osnet_ain_x1_0_msmt17.pt,1,63.763200,26.200000,13.4,338.2
strongsort,yolov8s.pt,osnet_ain_x1_0_msmt17.pt,2,59.982703,18.033333,13.2,30.9
strongsort,yolov8s.pt,osnet_ain_x1_0_msmt17.pt,3,59.324055,17.559375,14.4,36.4
strongsort,yolov8s.pt,osnet_ain_x1_0_msmt17.pt,4,59.828328,17.176666,14.3,31.9
strongsort,yolov8s.pt,osnet_ain_x1_0_msmt17.pt,5,56.852497,19.921428,14.8,90.0
strongsort,yolov8m.pt,osnet_x1_0_market1501.pt,1,44.305587,33.950000,18.0,355.1
strongsort,yolov8m.pt,osnet_x1_0_market1501.pt,2,46.070915,22.736666,18.2,44.9
strongsort,yolov8m.pt,osnet_x1_0_market1501.pt,3,47.445476,21.712500,19.0,43.1
strongsort,yolov8m.pt,osnet_x1_0_market1501.pt,4,41.105555,24.980000,21.6,40.9
strongsort,yolov8m.pt,osnet_x1_0_market1501.pt,5,39.739052,25.653571,21.8,34.6
strongsort,yolov8m.pt,osnet_x0_75_market1501.pt,1,44.926192,32.636666,18.3,341.1
strongsort,yolov8m.pt,osnet_x0_75_market1501.pt,2,53.028558,19.166666,18.0,30.4
strongsort,yolov8m.pt,osnet_x0_75_market1501.pt,3,47.173513,21.759375,18.9,41.1
strongsort,yolov8m.pt,osnet_x0_75_market1501.pt,4,47.811718,21.316666,19.3,38.2
strongsort,yolov8m.pt,osnet_x0_75_market1501.pt,5,42.972969,23.421428,21.8,29.6
strongsort,yolov8m.pt,osnet_x0_5_market1501.pt,1,46.083861,32.076666,18.2,345.5
strongsort,yolov8m.pt,osnet_x0_5_market1501.pt,2,48.641132,21.190000,18.1,31.3
strongsort,yolov8m.pt,osnet_x0_5_market1501.pt,3,43.435314,23.731250,19.6,41.5
strongsort,yolov8m.pt,osnet_x0_5_market1501.pt,4,43.673307,23.236666,21.5,38.2
strongsort,yolov8m.pt,osnet_x0_5_market1501.pt,5,39.507523,26.071428,22.0,35.9
strongsort,yolov8m.pt,osnet_x0_25_market1501.pt,1,45.184714,32.996666,18.0,346.7
strongsort,yolov8m.pt,osnet_x0_25_market1501.pt,2,52.939584,19.253333,18.1,31.8
strongsort,yolov8m.pt,osnet_x0_25_market1501.pt,3,47.674789,21.628125,19.1,42.5
strongsort,yolov8m.pt,osnet_x0_25_market1501.pt,4,47.606215,21.380000,19.3,36.6
strongsort,yolov8m.pt,osnet_x0_25_market1501.pt,5,42.366044,25.414285,19.7,86.3
strongsort,yolov8m.pt,clip_market1501.pt,1,46.004613,74.813333,18.3,1618.3
strongsort,yolov8m.pt,clip_market1501.pt,2,43.188936,23.616666,20.9,38.1
strongsort,yolov8m.pt,clip_market1501.pt,3,30.843208,35.118750,27.0,71.9
strongsort,yolov8m.pt,clip_market1501.pt,4,19.244026,60.943333,30.9,97.8
strongsort,yolov8m.pt,clip_market1501.pt,5,10.766261,94.221428,79.0,120.9
strongsort,yolov8m.pt,lmbn_n_market.pt,1,33.200135,49.420000,24.9,614.1
strongsort,yolov8m.pt,lmbn_n_market.pt,2,33.498975,31.303333,24.8,57.3
strongsort,yolov8m.pt,lmbn_n_market.pt,3,18.826731,57.150000,29.5,92.4
strongsort,yolov8m.pt,lmbn_n_market.pt,4,13.528780,77.373333,59.9,142.6
strongsort,yolov8m.pt,lmbn_n_market.pt,5,11.135846,91.517857,73.9,122.7
strongsort,yolov8m.pt,clip_market1501.pt,1,45.682035,77.880000,18.2,1710.6
strongsort,yolov8m.pt,clip_market1501.pt,2,45.256489,22.303333,21.2,32.1
strongsort,yolov8m.pt,clip_market1501.pt,3,32.216438,33.340625,27.0,79.8
strongsort,yolov8m.pt,clip_market1501.pt,4,19.950140,58.843333,30.8,110.6
strongsort,yolov8m.pt,clip_market1501.pt,5,11.174990,91.421428,72.0,119.3
strongsort,yolov8m.pt,osnet_ibn_x1_0_msmt17.pt,1,45.674982,32.473333,18.2,352.9
strongsort,yolov8m.pt,osnet_ibn_x1_0_msmt17.pt,2,52.286876,19.453333,18.3,31.0
strongsort,yolov8m.pt,osnet_ibn_x1_0_msmt17.pt,3,46.536683,22.043750,19.1,41.3
strongsort,yolov8m.pt,osnet_ibn_x1_0_msmt17.pt,4,44.110955,23.000000,19.6,36.7
strongsort,yolov8m.pt,osnet_ibn_x1_0_msmt17.pt,5,46.624333,21.660714,19.9,30.2
strongsort,yolov8m.pt,osnet_ain_x1_0_msmt17.pt,1,44.516162,33.560000,18.8,367.0
strongsort,yolov8m.pt,osnet_ain_x1_0_msmt17.pt,2,50.527030,20.173333,18.6,32.0
strongsort,yolov8m.pt,osnet_ain_x1_0_msmt17.pt,3,46.651142,22.087500,19.7,43.4
strongsort,yolov8m.pt,osnet_ain_x1_0_msmt17.pt,4,46.815821,21.783333,19.7,38.7
strongsort,yolov8m.pt,osnet_ain_x1_0_msmt17.pt,5,43.249048,23.378571,20.4,31.1
strongsort,yolov8l.pt,osnet_x1_0_market1501.pt,1,37.957729,38.910000,22.6,420.8
strongsort,yolov8l.pt,osnet_x1_0_market1501.pt,2,42.923203,23.433333,22.5,34.8
strongsort,yolov8l.pt,osnet_x1_0_market1501.pt,3,38.949201,26.265625,23.8,47.9
strongsort,yolov8l.pt,osnet_x1_0_market1501.pt,4,39.189491,25.886666,23.7,42.2
strongsort,yolov8l.pt,osnet_x1_0_market1501.pt,5,37.564799,27.925000,24.6,76.2
strongsort,yolov8l.pt,osnet_x0_75_market1501.pt,1,38.354188,38.560000,22.5,415.1
strongsort,yolov8l.pt,osnet_x0_75_market1501.pt,2,42.788487,23.706666,22.5,37.3
strongsort,yolov8l.pt,osnet_x0_75_market1501.pt,3,39.420897,25.896875,23.5,46.0
strongsort,yolov8l.pt,osnet_x0_75_market1501.pt,4,36.516870,27.956666,23.8,43.3
strongsort,yolov8l.pt,osnet_x0_75_market1501.pt,5,35.235027,28.657142,26.3,39.2
strongsort,yolov8l.pt,osnet_x0_5_market1501.pt,1,38.254425,38.276666,22.6,407.2
strongsort,yolov8l.pt,osnet_x0_5_market1501.pt,2,42.701100,23.683333,22.6,34.9
strongsort,yolov8l.pt,osnet_x0_5_market1501.pt,3,39.026978,26.234375,23.6,47.7
strongsort,yolov8l.pt,osnet_x0_5_market1501.pt,4,39.508585,25.666666,23.7,42.4
strongsort,yolov8l.pt,osnet_x0_5_market1501.pt,5,35.339015,30.042857,24.3,76.3
strongsort,yolov8l.pt,osnet_x0_25_market1501.pt,1,37.630066,38.723333,22.6,407.0
strongsort,yolov8l.pt,osnet_x0_25_market1501.pt,2,42.379216,23.950000,22.5,35.7
strongsort,yolov8l.pt,osnet_x0_25_market1501.pt,3,39.183427,26.100000,23.6,46.9
strongsort,yolov8l.pt,osnet_x0_25_market1501.pt,4,39.503566,25.666666,23.7,41.8
strongsort,yolov8l.pt,osnet_x0_25_market1501.pt,5,37.690863,28.678571,24.4,101.2
strongsort,yolov8l.pt,clip_market1501.pt,1,36.594050,81.810000,23.8,1680.4
strongsort,yolov8l.pt,clip_market1501.pt,2,36.797879,27.313333,25.4,35.5
strongsort,yolov8l.pt,clip_market1501.pt,3,26.495180,40.440625,32.7,89.7
strongsort,yolov8l.pt,clip_market1501.pt,4,17.616118,66.173333,36.2,119.6
strongsort,yolov8l.pt,clip_market1501.pt,5,11.131751,92.271428,48.7,113.8
strongsort,yolov8l.pt,lmbn_n_market.pt,1,30.270905,49.650000,29.4,555.8
strongsort,yolov8l.pt,lmbn_n_market.pt,2,28.241448,36.443333,29.5,54.5
strongsort,yolov8l.pt,lmbn_n_market.pt,3,16.461006,69.840625,33.2,112.3
strongsort,yolov8l.pt,lmbn_n_market.pt,4,12.852988,79.290000,65.4,109.0
strongsort,yolov8l.pt,lmbn_n_market.pt,5,10.346787,97.689285,80.8,120.8
strongsort,yolov8l.pt,clip_market1501.pt,1,37.912670,83.530000,22.9,1758.7
strongsort,yolov8l.pt,clip_market1501.pt,2,36.299857,27.773333,26.0,37.9
strongsort,yolov8l.pt,clip_market1501.pt,3,26.762571,39.575000,31.2,74.0
strongsort,yolov8l.pt,clip_market1501.pt,4,18.405627,61.733333,35.6,114.7
strongsort,yolov8l.pt,clip_market1501.pt,5,10.690694,97.521428,42.5,146.8
strongsort,yolov8l.pt,osnet_ibn_x1_0_msmt17.pt,1,37.464176,39.523333,22.7,424.7
strongsort,yolov8l.pt,osnet_ibn_x1_0_msmt17.pt,2,42.340175,23.906666,22.5,35.4
strongsort,yolov8l.pt,osnet_ibn_x1_0_msmt17.pt,3,36.933348,27.903125,24.0,47.5
strongsort,yolov8l.pt,osnet_ibn_x1_0_msmt17.pt,4,36.859100,27.800000,24.3,41.4
strongsort,yolov8l.pt,osnet_ibn_x1_0_msmt17.pt,5,35.177458,29.621428,24.6,75.5
strongsort,yolov8l.pt,osnet_ain_x1_0_msmt17.pt,1,38.011665,39.826666,23.1,449.4
strongsort,yolov8l.pt,osnet_ain_x1_0_msmt17.pt,2,38.709221,26.393333,23.3,43.3
strongsort,yolov8l.pt,osnet_ain_x1_0_msmt17.pt,3,38.083724,26.884375,24.4,49.3
strongsort,yolov8l.pt,osnet_ain_x1_0_msmt17.pt,4,38.123522,26.606666,24.5,43.8
strongsort,yolov8l.pt,osnet_ain_x1_0_msmt17.pt,5,34.798254,29.928571,25.7,75.0
strongsort,yolov8x.pt,osnet_x1_0_market1501.pt,1,24.554953,53.140000,34.7,436.1
strongsort,yolov8x.pt,osnet_x1_0_market1501.pt,2,27.556618,36.460000,34.6,50.4
strongsort,yolov8x.pt,osnet_x1_0_market1501.pt,3,24.761968,41.021875,35.2,60.6
strongsort,yolov8x.pt,osnet_x1_0_market1501.pt,4,25.019458,40.223333,37.9,55.8
strongsort,yolov8x.pt,osnet_x1_0_market1501.pt,5,23.046836,47.460714,38.5,110.8
strongsort,yolov8x.pt,osnet_x0_75_market1501.pt,1,25.805043,51.433333,34.4,447.3
strongsort,yolov8x.pt,osnet_x0_75_market1501.pt,2,28.130238,35.653333,34.4,46.9
strongsort,yolov8x.pt,osnet_x0_75_market1501.pt,3,26.388731,38.346875,35.5,59.3
strongsort,yolov8x.pt,osnet_x0_75_market1501.pt,4,26.289652,38.326666,36.0,55.2
strongsort,yolov8x.pt,osnet_x0_75_market1501.pt,5,23.375259,44.314285,37.0,97.8
strongsort,yolov8x.pt,osnet_x0_5_market1501.pt,1,25.881171,50.176666,34.3,412.5
strongsort,yolov8x.pt,osnet_x0_5_market1501.pt,2,27.851132,36.123333,34.5,47.7
strongsort,yolov8x.pt,osnet_x0_5_market1501.pt,3,25.149058,40.206250,35.2,61.3
strongsort,yolov8x.pt,osnet_x0_5_market1501.pt,4,25.958443,38.850000,35.7,56.0
strongsort,yolov8x.pt,osnet_x0_5_market1501.pt,5,23.041468,47.167857,38.0,122.0
strongsort,yolov8x.pt,osnet_x0_25_market1501.pt,1,25.810291,50.653333,34.3,424.5
strongsort,yolov8x.pt,osnet_x0_25_market1501.pt,2,28.115561,35.696666,34.5,48.2
strongsort,yolov8x.pt,osnet_x0_25_market1501.pt,3,25.899266,39.125000,35.4,58.9
strongsort,yolov8x.pt,osnet_x0_25_market1501.pt,4,26.273264,38.353333,35.5,54.6
strongsort,yolov8x.pt,osnet_x0_25_market1501.pt,5,23.736075,44.728571,37.3,101.8
strongsort,yolov8x.pt,clip_market1501.pt,1,25.515844,93.946666,34.8,1714.4
strongsort,yolov8x.pt,clip_market1501.pt,2,24.509579,40.946666,39.0,51.6
strongsort,yolov8x.pt,clip_market1501.pt,3,19.953936,51.571875,45.5,83.4
strongsort,yolov8x.pt,clip_market1501.pt,4,14.337541,75.630000,50.6,113.3
strongsort,yolov8x.pt,clip_market1501.pt,5,9.658970,105.500000,57.3,123.2
strongsort,yolov8x.pt,lmbn_n_market.pt,1,21.809021,62.990000,41.3,596.0
strongsort,yolov8x.pt,lmbn_n_market.pt,2,21.298291,47.486666,41.5,56.5
strongsort,yolov8x.pt,lmbn_n_market.pt,3,15.126040,69.581250,45.5,103.3
strongsort,yolov8x.pt,lmbn_n_market.pt,4,11.160053,90.503333,79.2,117.4
strongsort,yolov8x.pt,lmbn_n_market.pt,5,10.228031,101.910714,52.8,128.3
strongsort,yolov8x.pt,clip_market1501.pt,1,25.006225,94.120000,34.6,1693.1
strongsort,yolov8x.pt,clip_market1501.pt,2,25.088959,39.940000,38.2,50.1
strongsort,yolov8x.pt,clip_market1501.pt,3,19.757466,52.781250,45.7,100.1
strongsort,yolov8x.pt,clip_market1501.pt,4,14.163916,77.370000,49.1,124.0
strongsort,yolov8x.pt,clip_market1501.pt,5,9.737395,105.028571,62.6,116.1
strongsort,yolov8x.pt,osnet_ibn_x1_0_msmt17.pt,1,24.031613,54.766666,35.4,458.3
strongsort,yolov8x.pt,osnet_ibn_x1_0_msmt17.pt,2,27.924648,35.923333,34.5,47.6
strongsort,yolov8x.pt,osnet_ibn_x1_0_msmt17.pt,3,25.665100,39.406250,35.8,60.4
strongsort,yolov8x.pt,osnet_ibn_x1_0_msmt17.pt,4,26.091696,38.600000,36.4,54.9
strongsort,yolov8x.pt,osnet_ibn_x1_0_msmt17.pt,5,23.430344,46.142857,37.1,98.8
strongsort,yolov8x.pt,osnet_ain_x1_0_msmt17.pt,1,25.521712,51.913333,35.0,450.7
strongsort,yolov8x.pt,osnet_ain_x1_0_msmt17.pt,2,27.475229,36.523333,35.1,48.9
strongsort,yolov8x.pt,osnet_ain_x1_0_msmt17.pt,3,25.717317,39.356250,36.4,61.4
strongsort,yolov8x.pt,osnet_ain_x1_0_msmt17.pt,4,25.669121,39.260000,36.9,56.6
strongsort,yolov8x.pt,osnet_ain_x1_0_msmt17.pt,5,23.273041,43.585714,38.6,61.4
ocsort,yolov8n.pt,osnet_x1_0_market1501.pt,1,218.956431,10.651515,4.2,209.2
ocsort,yolov8n.pt,osnet_x1_0_market1501.pt,2,222.283048,4.496666,4.4,4.7
ocsort,yolov8n.pt,osnet_x1_0_market1501.pt,3,200.931169,4.990000,4.6,5.5
ocsort,yolov8n.pt,osnet_x1_0_market1501.pt,4,184.652204,5.423333,5.3,5.5
ocsort,yolov8n.pt,osnet_x1_0_market1501.pt,5,181.627022,5.514814,5.4,6.9
ocsort,yolov8n.pt,osnet_x0_75_market1501.pt,1,221.056436,10.712121,4.2,212.3
ocsort,yolov8n.pt,osnet_x0_75_market1501.pt,2,221.389244,4.526666,4.4,4.8
ocsort,yolov8n.pt,osnet_x0_75_market1501.pt,3,201.986904,4.960000,4.6,5.5
ocsort,yolov8n.pt,osnet_x0_75_market1501.pt,4,185.196803,5.396666,5.3,5.5
ocsort,yolov8n.pt,osnet_x0_75_market1501.pt,5,182.420771,5.500000,5.3,7.5
ocsort,yolov8n.pt,osnet_x0_5_market1501.pt,1,218.426631,10.696969,4.3,210.4
ocsort,yolov8n.pt,osnet_x0_5_market1501.pt,2,222.623378,4.490000,4.4,4.7
ocsort,yolov8n.pt,osnet_x0_5_market1501.pt,3,203.951036,4.906666,4.5,5.3
ocsort,yolov8n.pt,osnet_x0_5_market1501.pt,4,186.461158,5.363333,5.2,5.5
ocsort,yolov8n.pt,osnet_x0_5_market1501.pt,5,185.888774,5.396296,5.1,7.3
ocsort,yolov8n.pt,osnet_x0_25_market1501.pt,1,218.527453,10.451515,4.3,202.5
ocsort,yolov8n.pt,osnet_x0_25_market1501.pt,2,221.016908,4.526666,4.4,4.7
ocsort,yolov8n.pt,osnet_x0_25_market1501.pt,3,203.179628,4.936666,4.6,5.4
ocsort,yolov8n.pt,osnet_x0_25_market1501.pt,4,186.599135,5.366666,5.2,5.5
ocsort,yolov8n.pt,osnet_x0_25_market1501.pt,5,183.768174,5.459259,5.3,7.0
ocsort,yolov8n.pt,clip_market1501.pt,1,221.636417,10.372727,4.2,201.8
ocsort,yolov8n.pt,clip_market1501.pt,2,219.954063,4.580000,4.4,7.1
ocsort,yolov8n.pt,clip_market1501.pt,3,201.857251,4.973333,4.6,6.5
ocsort,yolov8n.pt,clip_market1501.pt,4,186.617821,5.353333,5.2,5.5
ocsort,yolov8n.pt,clip_market1501.pt,5,184.349173,5.437037,5.3,7.2
ocsort,yolov8n.pt,lmbn_n_market.pt,1,216.652640,10.624242,4.3,207.0
ocsort,yolov8n.pt,lmbn_n_market.pt,2,216.983884,4.613333,4.5,4.9
ocsort,yolov8n.pt,lmbn_n_market.pt,3,199.444221,5.016666,4.7,5.5
ocsort,yolov8n.pt,lmbn_n_market.pt,4,183.286445,5.463333,5.4,5.6
ocsort,yolov8n.pt,lmbn_n_market.pt,5,179.946608,5.566666,5.4,7.2
ocsort,yolov8n.pt,clip_market1501.pt,1,220.710800,10.518181,4.2,205.8
ocsort,yolov8n.pt,clip_market1501.pt,2,220.721116,4.536666,4.4,4.8
ocsort,yolov8n.pt,clip_market1501.pt,3,201.500579,4.976666,4.7,5.4
ocsort,yolov8n.pt,clip_market1501.pt,4,186.437697,5.356666,5.2,5.5
ocsort,yolov8n.pt,clip_market1501.pt,5,183.484819,5.466666,5.3,7.1
ocsort,yolov8n.pt,osnet_ibn_x1_0_msmt17.pt,1,221.155261,10.545454,4.2,207.0
ocsort,yolov8n.pt,osnet_ibn_x1_0_msmt17.pt,2,227.565649,4.393333,4.2,4.6
ocsort,yolov8n.pt,osnet_ibn_x1_0_msmt17.pt,3,205.087558,4.900000,4.5,5.5
ocsort,yolov8n.pt,osnet_ibn_x1_0_msmt17.pt,4,187.782761,5.323333,5.2,5.4
ocsort,yolov8n.pt,osnet_ibn_x1_0_msmt17.pt,5,184.318622,5.440740,5.2,7.1
ocsort,yolov8n.pt,osnet_ain_x1_0_msmt17.pt,1,223.191847,10.269696,4.2,199.3
ocsort,yolov8n.pt,osnet_ain_x1_0_msmt17.pt,2,220.949532,4.523333,4.4,4.8
ocsort,yolov8n.pt,osnet_ain_x1_0_msmt17.pt,3,200.984596,5.013333,4.6,7.3
ocsort,yolov8n.pt,osnet_ain_x1_0_msmt17.pt,4,186.994256,5.350000,5.3,5.5
ocsort,yolov8n.pt,osnet_ain_x1_0_msmt17.pt,5,181.328238,5.544444,5.3,7.2
ocsort,yolov8s.pt,osnet_x1_0_market1501.pt,1,149.495584,12.333333,6.4,198.8
ocsort,yolov8s.pt,osnet_x1_0_market1501.pt,2,160.462481,6.243333,6.0,6.6
ocsort,yolov8s.pt,osnet_x1_0_market1501.pt,3,153.503704,6.533333,6.2,7.0
ocsort,yolov8s.pt,osnet_x1_0_market1501.pt,4,143.865048,6.953333,6.9,7.1
ocsort,yolov8s.pt,osnet_x1_0_market1501.pt,5,142.162671,7.051851,6.9,8.9
ocsort,yolov8s.pt,osnet_x0_75_market1501.pt,1,150.449364,12.378787,6.3,201.8
ocsort,yolov8s.pt,osnet_x0_75_market1501.pt,2,159.483151,6.280000,6.0,6.6
ocsort,yolov8s.pt,osnet_x0_75_market1501.pt,3,153.304074,6.536666,6.2,7.1
ocsort,yolov8s.pt,osnet_x0_75_market1501.pt,4,143.511966,6.970000,6.9,7.1
ocsort,yolov8s.pt,osnet_x0_75_market1501.pt,5,141.801028,7.059259,6.8,9.0
ocsort,yolov8s.pt,osnet_x0_5_market1501.pt,1,149.842162,12.396969,6.4,201.3
ocsort,yolov8s.pt,osnet_x0_5_market1501.pt,2,159.687965,6.283333,5.9,6.6
ocsort,yolov8s.pt,osnet_x0_5_market1501.pt,3,154.642052,6.476666,6.1,7.0
ocsort,yolov8s.pt,osnet_x0_5_market1501.pt,4,145.481091,6.873333,6.8,7.0
ocsort,yolov8s.pt,osnet_x0_5_market1501.pt,5,143.287996,6.996296,6.8,9.2
ocsort,yolov8s.pt,osnet_x0_25_market1501.pt,1,153.130392,12.218181,5.9,200.0
ocsort,yolov8s.pt,osnet_x0_25_market1501.pt,2,165.238920,6.036666,6.0,6.4
ocsort,yolov8s.pt,osnet_x0_25_market1501.pt,3,153.837426,6.500000,6.2,7.0
ocsort,yolov8s.pt,osnet_x0_25_market1501.pt,4,143.791782,6.956666,6.8,7.3
ocsort,yolov8s.pt,osnet_x0_25_market1501.pt,5,142.338661,7.048148,6.9,8.9
ocsort,yolov8s.pt,clip_market1501.pt,1,150.382460,12.275757,6.3,198.5
ocsort,yolov8s.pt,clip_market1501.pt,2,166.123349,6.016666,5.9,6.3
ocsort,yolov8s.pt,clip_market1501.pt,3,153.856129,6.510000,6.2,6.9
ocsort,yolov8s.pt,clip_market1501.pt,4,144.742129,6.906666,6.8,7.0
ocsort,yolov8s.pt,clip_market1501.pt,5,142.081818,7.111111,6.8,12.0
ocsort,yolov8s.pt,lmbn_n_market.pt,1,150.121393,12.906060,6.3,218.8
ocsort,yolov8s.pt,lmbn_n_market.pt,2,163.901938,6.110000,5.9,6.5
ocsort,yolov8s.pt,lmbn_n_market.pt,3,153.916629,6.500000,6.2,6.9
ocsort,yolov8s.pt,lmbn_n_market.pt,4,144.310703,6.933333,6.9,7.0
ocsort,yolov8s.pt,lmbn_n_market.pt,5,141.469957,7.162962,6.8,12.9
ocsort,yolov8s.pt,clip_market1501.pt,1,150.165308,12.263636,6.3,197.7
ocsort,yolov8s.pt,clip_market1501.pt,2,165.006824,6.073333,5.9,6.5
ocsort,yolov8s.pt,clip_market1501.pt,3,154.194384,6.506666,6.2,7.0
ocsort,yolov8s.pt,clip_market1501.pt,4,144.718561,6.913333,6.8,7.3
ocsort,yolov8s.pt,clip_market1501.pt,5,143.548212,6.977777,6.8,8.6
ocsort,yolov8s.pt,osnet_ibn_x1_0_msmt17.pt,1,150.620838,12.190909,6.3,195.9
ocsort,yolov8s.pt,osnet_ibn_x1_0_msmt17.pt,2,159.013628,6.303333,5.9,6.6
ocsort,yolov8s.pt,osnet_ibn_x1_0_msmt17.pt,3,153.926559,6.513333,6.2,7.0
ocsort,yolov8s.pt,osnet_ibn_x1_0_msmt17.pt,4,144.545702,6.926666,6.8,7.0
ocsort,yolov8s.pt,osnet_ibn_x1_0_msmt17.pt,5,142.304468,7.040740,6.8,8.9
ocsort,yolov8s.pt,osnet_ain_x1_0_msmt17.pt,1,151.760894,12.218181,5.9,198.0
ocsort,yolov8s.pt,osnet_ain_x1_0_msmt17.pt,2,166.405297,6.016666,5.9,6.3
ocsort,yolov8s.pt,osnet_ain_x1_0_msmt17.pt,3,154.478028,6.473333,6.2,6.9
ocsort,yolov8s.pt,osnet_ain_x1_0_msmt17.pt,4,145.374853,6.876666,6.8,6.9
ocsort,yolov8s.pt,osnet_ain_x1_0_msmt17.pt,5,140.304780,7.188888,6.8,9.9
ocsort,yolov8m.pt,osnet_x1_0_market1501.pt,1,79.764757,18.315151,11.6,213.8
ocsort,yolov8m.pt,osnet_x1_0_market1501.pt,2,84.652741,11.823333,11.7,12.2
ocsort,yolov8m.pt,osnet_x1_0_market1501.pt,3,81.648740,12.253333,11.9,12.8
ocsort,yolov8m.pt,osnet_x1_0_market1501.pt,4,79.152634,12.630000,12.5,13.0
ocsort,yolov8m.pt,osnet_x1_0_market1501.pt,5,78.769628,12.703703,12.5,14.3
ocsort,yolov8m.pt,osnet_x0_75_market1501.pt,1,78.506233,18.230303,11.7,204.8
ocsort,yolov8m.pt,osnet_x0_75_market1501.pt,2,84.456751,11.846666,11.7,12.3
ocsort,yolov8m.pt,osnet_x0_75_market1501.pt,3,81.446566,12.280000,12.0,12.6
ocsort,yolov8m.pt,osnet_x0_75_market1501.pt,4,78.292898,12.776666,12.6,13.0
ocsort,yolov8m.pt,osnet_x0_75_market1501.pt,5,77.857076,12.870370,12.6,15.2
ocsort,yolov8m.pt,osnet_x0_5_market1501.pt,1,78.239687,18.324242,11.6,206.2
ocsort,yolov8m.pt,osnet_x0_5_market1501.pt,2,84.415510,11.843333,11.7,12.1
ocsort,yolov8m.pt,osnet_x0_5_market1501.pt,3,81.287345,12.310000,12.0,12.9
ocsort,yolov8m.pt,osnet_x0_5_market1501.pt,4,78.248290,12.780000,12.6,13.1
ocsort,yolov8m.pt,osnet_x0_5_market1501.pt,5,78.181630,12.796296,12.6,14.4
ocsort,yolov8m.pt,osnet_x0_25_market1501.pt,1,79.018177,18.315151,11.6,210.1
ocsort,yolov8m.pt,osnet_x0_25_market1501.pt,2,84.397376,11.846666,11.7,12.1
ocsort,yolov8m.pt,osnet_x0_25_market1501.pt,3,81.170212,12.333333,12.0,12.9
ocsort,yolov8m.pt,osnet_x0_25_market1501.pt,4,78.626144,12.716666,12.5,13.0
ocsort,yolov8m.pt,osnet_x0_25_market1501.pt,5,78.466928,12.751851,12.5,14.4
ocsort,yolov8m.pt,clip_market1501.pt,1,80.345397,18.169696,11.6,212.0
ocsort,yolov8m.pt,clip_market1501.pt,2,84.456050,11.840000,11.7,12.1
ocsort,yolov8m.pt,clip_market1501.pt,3,80.806512,12.373333,11.9,12.9
ocsort,yolov8m.pt,clip_market1501.pt,4,78.862972,12.690000,12.5,12.9
ocsort,yolov8m.pt,clip_market1501.pt,5,78.438915,12.766666,12.5,14.3
ocsort,yolov8m.pt,lmbn_n_market.pt,1,77.939125,18.596969,11.6,213.6
ocsort,yolov8m.pt,lmbn_n_market.pt,2,84.413758,11.843333,11.7,12.1
ocsort,yolov8m.pt,lmbn_n_market.pt,3,81.287989,12.303333,12.0,12.8
ocsort,yolov8m.pt,lmbn_n_market.pt,4,78.991859,12.653333,12.5,12.8
ocsort,yolov8m.pt,lmbn_n_market.pt,5,78.529742,12.744444,12.5,14.3
ocsort,yolov8m.pt,clip_market1501.pt,1,77.450675,18.475757,11.6,207.1
ocsort,yolov8m.pt,clip_market1501.pt,2,84.419334,11.850000,11.7,12.2
ocsort,yolov8m.pt,clip_market1501.pt,3,81.573435,12.263333,12.0,12.7
ocsort,yolov8m.pt,clip_market1501.pt,4,78.808812,12.686666,12.5,12.9
ocsort,yolov8m.pt,clip_market1501.pt,5,78.588274,12.733333,12.5,15.1
ocsort,yolov8m.pt,osnet_ibn_x1_0_msmt17.pt,1,79.263027,18.415151,11.6,214.3
ocsort,yolov8m.pt,osnet_ibn_x1_0_msmt17.pt,2,84.200617,11.866666,11.7,12.2
ocsort,yolov8m.pt,osnet_ibn_x1_0_msmt17.pt,3,81.297074,12.313333,11.9,12.9
ocsort,yolov8m.pt,osnet_ibn_x1_0_msmt17.pt,4,78.718703,12.703333,12.6,12.9
ocsort,yolov8m.pt,osnet_ibn_x1_0_msmt17.pt,5,78.522652,12.737037,12.6,14.3
ocsort,yolov8m.pt,osnet_ain_x1_0_msmt17.pt,1,77.522722,18.700000,11.6,214.8
ocsort,yolov8m.pt,osnet_ain_x1_0_msmt17.pt,2,84.375184,11.853333,11.7,12.1
ocsort,yolov8m.pt,osnet_ain_x1_0_msmt17.pt,3,81.248049,12.306666,12.0,12.7
ocsort,yolov8m.pt,osnet_ain_x1_0_msmt17.pt,4,78.348189,12.776666,12.5,13.0
ocsort,yolov8m.pt,osnet_ain_x1_0_msmt17.pt,5,78.197322,12.796296,12.6,14.6
ocsort,yolov8l.pt,osnet_x1_0_market1501.pt,1,56.628994,23.200000,16.4,215.2
ocsort,yolov8l.pt,osnet_x1_0_market1501.pt,2,59.796724,16.723333,16.6,16.9
ocsort,yolov8l.pt,osnet_x1_0_market1501.pt,3,57.643658,17.353333,17.1,17.6
ocsort,yolov8l.pt,osnet_x1_0_market1501.pt,4,57.045685,17.536666,17.3,17.8
ocsort,yolov8l.pt,osnet_x1_0_market1501.pt,5,56.308939,17.762962,17.4,19.2
ocsort,yolov8l.pt,osnet_x0_75_market1501.pt,1,57.430458,22.618181,16.5,204.1
ocsort,yolov8l.pt,osnet_x0_75_market1501.pt,2,59.499483,16.813333,16.6,17.4
ocsort,yolov8l.pt,osnet_x0_75_market1501.pt,3,57.640198,17.343333,17.1,17.7
ocsort,yolov8l.pt,osnet_x0_75_market1501.pt,4,56.709687,17.633333,17.3,18.0
ocsort,yolov8l.pt,osnet_x0_75_market1501.pt,5,56.264631,17.774074,17.5,19.3
ocsort,yolov8l.pt,osnet_x0_5_market1501.pt,1,57.082774,22.790909,16.4,206.2
ocsort,yolov8l.pt,osnet_x0_5_market1501.pt,2,59.567730,16.796666,16.6,17.3
ocsort,yolov8l.pt,osnet_x0_5_market1501.pt,3,57.522313,17.393333,17.2,17.6
ocsort,yolov8l.pt,osnet_x0_5_market1501.pt,4,56.954604,17.566666,17.3,17.9
ocsort,yolov8l.pt,osnet_x0_5_market1501.pt,5,56.269292,17.777777,17.5,19.6
ocsort,yolov8l.pt,osnet_x0_25_market1501.pt,1,56.615241,22.848484,16.5,203.6
ocsort,yolov8l.pt,osnet_x0_25_market1501.pt,2,59.604401,16.773333,16.6,17.0
ocsort,yolov8l.pt,osnet_x0_25_market1501.pt,3,57.541406,17.380000,17.1,17.7
ocsort,yolov8l.pt,osnet_x0_25_market1501.pt,4,56.792783,17.616666,17.4,17.8
ocsort,yolov8l.pt,osnet_x0_25_market1501.pt,5,56.143561,17.818518,17.5,19.8
ocsort,yolov8l.pt,clip_market1501.pt,1,57.001531,23.112121,16.4,216.0
ocsort,yolov8l.pt,clip_market1501.pt,2,59.560751,16.796666,16.6,17.2
ocsort,yolov8l.pt,clip_market1501.pt,3,57.553460,17.376666,17.2,17.7
ocsort,yolov8l.pt,clip_market1501.pt,4,56.783991,17.616666,17.4,18.0
ocsort,yolov8l.pt,clip_market1501.pt,5,56.063009,17.855555,17.5,20.9
ocsort,yolov8l.pt,lmbn_n_market.pt,1,56.830969,22.818181,16.5,204.8
ocsort,yolov8l.pt,lmbn_n_market.pt,2,59.634779,16.770000,16.6,17.0
ocsort,yolov8l.pt,lmbn_n_market.pt,3,57.706391,17.333333,17.1,17.5
ocsort,yolov8l.pt,lmbn_n_market.pt,4,56.890665,17.580000,17.3,17.9
ocsort,yolov8l.pt,lmbn_n_market.pt,5,56.296900,17.762962,17.6,19.3
ocsort,yolov8l.pt,clip_market1501.pt,1,56.667298,23.066666,16.5,211.1
ocsort,yolov8l.pt,clip_market1501.pt,2,59.519167,16.796666,16.6,17.4
ocsort,yolov8l.pt,clip_market1501.pt,3,57.402839,17.420000,17.2,17.7
ocsort,yolov8l.pt,clip_market1501.pt,4,56.679955,17.643333,17.4,17.9
ocsort,yolov8l.pt,clip_market1501.pt,5,56.035940,17.859259,17.5,20.2
ocsort,yolov8l.pt,osnet_ibn_x1_0_msmt17.pt,1,56.926749,22.981818,16.6,211.0
ocsort,yolov8l.pt,osnet_ibn_x1_0_msmt17.pt,2,59.528925,16.800000,16.6,17.1
ocsort,yolov8l.pt,osnet_ibn_x1_0_msmt17.pt,3,57.563979,17.376666,17.1,17.6
ocsort,yolov8l.pt,osnet_ibn_x1_0_msmt17.pt,4,56.687352,17.643333,17.4,18.0
ocsort,yolov8l.pt,osnet_ibn_x1_0_msmt17.pt,5,56.208719,17.800000,17.6,19.5
ocsort,yolov8l.pt,osnet_ain_x1_0_msmt17.pt,1,56.783814,23.121212,16.5,214.4
ocsort,yolov8l.pt,osnet_ain_x1_0_msmt17.pt,2,59.352031,16.853333,16.7,17.4
ocsort,yolov8l.pt,osnet_ain_x1_0_msmt17.pt,3,57.437990,17.416666,17.1,18.3
ocsort,yolov8l.pt,osnet_ain_x1_0_msmt17.pt,4,56.502818,17.696666,17.4,18.0
ocsort,yolov8l.pt,osnet_ain_x1_0_msmt17.pt,5,56.099865,17.825925,17.6,19.8
ocsort,yolov8x.pt,osnet_x1_0_market1501.pt,1,33.550639,34.645454,28.5,213.6
ocsort,yolov8x.pt,osnet_x1_0_market1501.pt,2,34.266599,29.183333,28.9,29.8
ocsort,yolov8x.pt,osnet_x1_0_market1501.pt,3,33.777573,29.616666,29.0,30.4
ocsort,yolov8x.pt,osnet_x1_0_market1501.pt,4,33.393047,29.946666,29.6,30.4
ocsort,yolov8x.pt,osnet_x1_0_market1501.pt,5,33.265692,30.055555,29.7,31.5
ocsort,yolov8x.pt,osnet_x0_75_market1501.pt,1,33.284217,35.093939,28.7,220.7
ocsort,yolov8x.pt,osnet_x0_75_market1501.pt,2,34.301394,29.143333,28.8,29.6
ocsort,yolov8x.pt,osnet_x0_75_market1501.pt,3,33.778706,29.590000,29.0,30.0
ocsort,yolov8x.pt,osnet_x0_75_market1501.pt,4,33.432704,29.906666,29.6,30.3
ocsort,yolov8x.pt,osnet_x0_75_market1501.pt,5,33.221316,30.103703,29.7,31.6
ocsort,yolov8x.pt,osnet_x0_5_market1501.pt,1,33.050775,35.375757,28.6,223.2
ocsort,yolov8x.pt,osnet_x0_5_market1501.pt,2,34.258881,29.193333,28.9,29.6
ocsort,yolov8x.pt,osnet_x0_5_market1501.pt,3,33.745908,29.636666,29.1,30.3
ocsort,yolov8x.pt,osnet_x0_5_market1501.pt,4,33.327829,30.003333,29.7,30.4
ocsort,yolov8x.pt,osnet_x0_5_market1501.pt,5,33.166850,30.159259,29.8,31.6
ocsort,yolov8x.pt,osnet_x0_25_market1501.pt,1,33.087527,35.190909,28.6,218.0
ocsort,yolov8x.pt,osnet_x0_25_market1501.pt,2,34.213468,29.230000,28.9,30.0
ocsort,yolov8x.pt,osnet_x0_25_market1501.pt,3,33.700563,29.670000,29.0,30.2
ocsort,yolov8x.pt,osnet_x0_25_market1501.pt,4,33.278295,30.053333,29.6,30.5
ocsort,yolov8x.pt,osnet_x0_25_market1501.pt,5,33.035889,30.285185,29.8,33.0
ocsort,yolov8x.pt,clip_market1501.pt,1,32.929481,35.330303,28.8,218.1
ocsort,yolov8x.pt,clip_market1501.pt,2,34.156446,29.286666,28.9,29.8
ocsort,yolov8x.pt,clip_market1501.pt,3,33.723336,29.666666,29.2,30.2
ocsort,yolov8x.pt,clip_market1501.pt,4,33.245401,30.100000,29.8,30.6
ocsort,yolov8x.pt,clip_market1501.pt,5,32.980886,30.344444,29.9,34.7
ocsort,yolov8x.pt,lmbn_n_market.pt,1,33.512666,34.793939,28.6,217.9
ocsort,yolov8x.pt,lmbn_n_market.pt,2,34.160917,29.283333,28.9,29.9
ocsort,yolov8x.pt,lmbn_n_market.pt,3,33.675843,29.700000,29.2,30.2
ocsort,yolov8x.pt,lmbn_n_market.pt,4,33.232074,30.096666,29.7,30.6
ocsort,yolov8x.pt,lmbn_n_market.pt,5,33.105479,30.211111,29.7,31.7
ocsort,yolov8x.pt,clip_market1501.pt,1,32.957693,35.412121,28.8,221.7
ocsort,yolov8x.pt,clip_market1501.pt,2,34.087961,29.323333,28.9,30.0
ocsort,yolov8x.pt,clip_market1501.pt,3,33.576070,29.783333,29.3,30.2
ocsort,yolov8x.pt,clip_market1501.pt,4,33.164646,30.160000,29.8,30.9
ocsort,yolov8x.pt,clip_market1501.pt,5,32.904095,30.385185,30.0,31.8
ocsort,yolov8x.pt,osnet_ibn_x1_0_msmt17.pt,1,32.972059,35.354545,28.5,220.0
ocsort,yolov8x.pt,osnet_ibn_x1_0_msmt17.pt,2,34.077076,29.340000,28.9,29.9
ocsort,yolov8x.pt,osnet_ibn_x1_0_msmt17.pt,3,33.586849,29.776666,29.2,30.3
ocsort,yolov8x.pt,osnet_ibn_x1_0_msmt17.pt,4,33.162554,30.156666,29.8,30.7
ocsort,yolov8x.pt,osnet_ibn_x1_0_msmt17.pt,5,33.010825,30.303703,29.9,31.8
ocsort,yolov8x.pt,osnet_ain_x1_0_msmt17.pt,1,33.009430,35.154545,28.7,214.7
ocsort,yolov8x.pt,osnet_ain_x1_0_msmt17.pt,2,34.050373,29.370000,29.0,30.0
ocsort,yolov8x.pt,osnet_ain_x1_0_msmt17.pt,3,33.542065,29.806666,29.3,30.3
ocsort,yolov8x.pt,osnet_ain_x1_0_msmt17.pt,4,33.115710,30.200000,29.6,30.7
ocsort,yolov8x.pt,osnet_ain_x1_0_msmt17.pt,5,33.020626,30.288888,29.8,32.1
bytetrack,yolov8n.pt,osnet_x1_0_market1501.pt,1,226.744915,10.732258,4.1,203.9
bytetrack,yolov8n.pt,osnet_x1_0_market1501.pt,2,232.158899,4.313333,4.2,4.5
bytetrack,yolov8n.pt,osnet_x1_0_market1501.pt,3,229.344527,4.360000,4.2,4.6
bytetrack,yolov8n.pt,osnet_x1_0_market1501.pt,4,223.500125,4.476666,4.3,4.6
bytetrack,yolov8n.pt,osnet_x1_0_market1501.pt,5,217.008104,4.620689,4.5,5.8
bytetrack,yolov8n.pt,osnet_x0_75_market1501.pt,1,228.740800,10.622580,4.1,201.7
bytetrack,yolov8n.pt,osnet_x0_75_market1501.pt,2,234.130763,4.276666,4.2,4.5
bytetrack,yolov8n.pt,osnet_x0_75_market1501.pt,3,229.114770,4.373333,4.1,4.6
bytetrack,yolov8n.pt,osnet_x0_75_market1501.pt,4,226.913141,4.416666,4.3,4.5
bytetrack,yolov8n.pt,osnet_x0_75_market1501.pt,5,218.459313,4.610344,4.4,6.7
bytetrack,yolov8n.pt,osnet_x0_5_market1501.pt,1,223.809282,10.829032,4.2,205.4
bytetrack,yolov8n.pt,osnet_x0_5_market1501.pt,2,229.212521,4.356666,4.3,4.5
bytetrack,yolov8n.pt,osnet_x0_5_market1501.pt,3,224.563006,4.450000,4.3,4.7
bytetrack,yolov8n.pt,osnet_x0_5_market1501.pt,4,221.079444,4.520000,4.4,4.6
bytetrack,yolov8n.pt,osnet_x0_5_market1501.pt,5,214.609470,4.679310,4.5,6.5
bytetrack,yolov8n.pt,osnet_x0_25_market1501.pt,1,228.539661,10.716129,4.1,204.5
bytetrack,yolov8n.pt,osnet_x0_25_market1501.pt,2,238.832814,4.173333,4.0,4.3
bytetrack,yolov8n.pt,osnet_x0_25_market1501.pt,3,235.956343,4.240000,4.1,4.4
bytetrack,yolov8n.pt,osnet_x0_25_market1501.pt,4,230.355584,4.353333,4.2,4.5
bytetrack,yolov8n.pt,osnet_x0_25_market1501.pt,5,223.464945,4.503448,4.3,6.7
bytetrack,yolov8n.pt,clip_market1501.pt,1,229.068926,10.503225,4.1,198.2
bytetrack,yolov8n.pt,clip_market1501.pt,2,242.015218,4.136666,4.0,4.3
bytetrack,yolov8n.pt,clip_market1501.pt,3,237.134480,4.210000,4.1,4.4
bytetrack,yolov8n.pt,clip_market1501.pt,4,230.646492,4.340000,4.2,4.5
bytetrack,yolov8n.pt,clip_market1501.pt,5,224.889957,4.472413,4.3,6.3
bytetrack,yolov8n.pt,lmbn_n_market.pt,1,226.068431,10.732258,4.2,203.6
bytetrack,yolov8n.pt,lmbn_n_market.pt,2,229.525494,4.353333,4.3,4.5
bytetrack,yolov8n.pt,lmbn_n_market.pt,3,223.511921,4.473333,4.3,4.8
bytetrack,yolov8n.pt,lmbn_n_market.pt,4,219.274384,4.570000,4.4,5.1
bytetrack,yolov8n.pt,lmbn_n_market.pt,5,214.618451,4.689655,4.5,6.8
bytetrack,yolov8n.pt,clip_market1501.pt,1,227.419109,10.700000,4.1,203.3
bytetrack,yolov8n.pt,clip_market1501.pt,2,232.705579,4.290000,4.1,4.5
bytetrack,yolov8n.pt,clip_market1501.pt,3,228.251844,4.380000,4.3,4.5
bytetrack,yolov8n.pt,clip_market1501.pt,4,222.496337,4.490000,4.4,4.6
bytetrack,yolov8n.pt,clip_market1501.pt,5,217.104275,4.634482,4.4,6.5
bytetrack,yolov8n.pt,osnet_ibn_x1_0_msmt17.pt,1,229.652525,10.503225,4.1,198.5
bytetrack,yolov8n.pt,osnet_ibn_x1_0_msmt17.pt,2,238.123353,4.210000,3.9,4.3
bytetrack,yolov8n.pt,osnet_ibn_x1_0_msmt17.pt,3,240.151468,4.163333,4.1,4.3
bytetrack,yolov8n.pt,osnet_ibn_x1_0_msmt17.pt,4,233.598803,4.276666,4.2,4.5
bytetrack,yolov8n.pt,osnet_ibn_x1_0_msmt17.pt,5,226.845905,4.444827,4.2,6.6
bytetrack,yolov8n.pt,osnet_ain_x1_0_msmt17.pt,1,229.934041,10.732258,4.1,206.1
bytetrack,yolov8n.pt,osnet_ain_x1_0_msmt17.pt,2,238.652791,4.196666,4.0,4.4
bytetrack,yolov8n.pt,osnet_ain_x1_0_msmt17.pt,3,241.451422,4.143333,4.0,4.2
bytetrack,yolov8n.pt,osnet_ain_x1_0_msmt17.pt,4,235.555216,4.253333,4.1,4.4
bytetrack,yolov8n.pt,osnet_ain_x1_0_msmt17.pt,5,230.213764,4.365517,4.2,6.3
bytetrack,yolov8s.pt,osnet_x1_0_market1501.pt,1,153.681841,12.487096,6.2,197.8
bytetrack,yolov8s.pt,osnet_x1_0_market1501.pt,2,169.489270,5.906666,5.8,6.5
bytetrack,yolov8s.pt,osnet_x1_0_market1501.pt,3,167.135237,5.986666,5.9,6.1
bytetrack,yolov8s.pt,osnet_x1_0_market1501.pt,4,164.448442,6.080000,6.0,6.2
bytetrack,yolov8s.pt,osnet_x1_0_market1501.pt,5,160.980062,6.224137,6.1,8.0
bytetrack,yolov8s.pt,osnet_x0_75_market1501.pt,1,156.095651,12.345161,5.8,196.1
bytetrack,yolov8s.pt,osnet_x0_75_market1501.pt,2,168.671856,5.923333,5.8,6.0
bytetrack,yolov8s.pt,osnet_x0_75_market1501.pt,3,167.008366,5.973333,5.9,6.1
bytetrack,yolov8s.pt,osnet_x0_75_market1501.pt,4,163.860973,6.103333,6.0,6.2
bytetrack,yolov8s.pt,osnet_x0_75_market1501.pt,5,160.843593,6.244827,6.1,8.4
bytetrack,yolov8s.pt,osnet_x0_5_market1501.pt,1,153.185611,12.429032,6.2,195.1
bytetrack,yolov8s.pt,osnet_x0_5_market1501.pt,2,164.900370,6.080000,5.8,6.4
bytetrack,yolov8s.pt,osnet_x0_5_market1501.pt,3,167.399987,5.980000,5.9,6.1
bytetrack,yolov8s.pt,osnet_x0_5_market1501.pt,4,164.558169,6.080000,6.0,6.2
bytetrack,yolov8s.pt,osnet_x0_5_market1501.pt,5,161.871289,6.196551,6.0,8.1
bytetrack,yolov8s.pt,osnet_x0_25_market1501.pt,1,153.173312,12.777419,6.2,206.4
bytetrack,yolov8s.pt,osnet_x0_25_market1501.pt,2,169.200053,5.920000,5.8,6.4
bytetrack,yolov8s.pt,osnet_x0_25_market1501.pt,3,166.599230,6.003333,5.9,6.3
bytetrack,yolov8s.pt,osnet_x0_25_market1501.pt,4,164.132908,6.093333,6.0,6.5
bytetrack,yolov8s.pt,osnet_x0_25_market1501.pt,5,161.645788,6.196551,6.0,7.7
bytetrack,yolov8s.pt,clip_market1501.pt,1,153.596453,12.435483,6.2,195.8
bytetrack,yolov8s.pt,clip_market1501.pt,2,164.216261,6.106666,5.7,6.4
bytetrack,yolov8s.pt,clip_market1501.pt,3,167.505825,5.983333,5.9,6.1
bytetrack,yolov8s.pt,clip_market1501.pt,4,164.450787,6.080000,6.0,6.2
bytetrack,yolov8s.pt,clip_market1501.pt,5,162.198519,6.182758,6.0,7.8
bytetrack,yolov8s.pt,lmbn_n_market.pt,1,153.500081,12.396774,6.2,194.9
bytetrack,yolov8s.pt,lmbn_n_market.pt,2,169.770115,5.893333,5.7,6.4
bytetrack,yolov8s.pt,lmbn_n_market.pt,3,167.559325,5.976666,5.9,6.1
bytetrack,yolov8s.pt,lmbn_n_market.pt,4,164.745667,6.070000,6.0,6.2
bytetrack,yolov8s.pt,lmbn_n_market.pt,5,161.834791,6.196551,6.0,8.3
bytetrack,yolov8s.pt,clip_market1501.pt,1,153.468095,12.545161,6.2,199.3
bytetrack,yolov8s.pt,clip_market1501.pt,2,172.282880,5.800000,5.7,5.9
bytetrack,yolov8s.pt,clip_market1501.pt,3,167.208433,5.980000,5.9,6.0
bytetrack,yolov8s.pt,clip_market1501.pt,4,164.684680,6.076666,6.0,6.2
bytetrack,yolov8s.pt,clip_market1501.pt,5,161.877039,6.193103,6.0,8.0
bytetrack,yolov8s.pt,osnet_ibn_x1_0_msmt17.pt,1,156.566010,12.464516,5.6,200.2
bytetrack,yolov8s.pt,osnet_ibn_x1_0_msmt17.pt,2,172.487982,5.800000,5.7,6.0
bytetrack,yolov8s.pt,osnet_ibn_x1_0_msmt17.pt,3,167.837022,5.956666,5.9,6.0
bytetrack,yolov8s.pt,osnet_ibn_x1_0_msmt17.pt,4,165.378145,6.046666,6.0,6.1
bytetrack,yolov8s.pt,osnet_ibn_x1_0_msmt17.pt,5,162.215461,6.189655,6.0,8.5
bytetrack,yolov8s.pt,osnet_ain_x1_0_msmt17.pt,1,156.090347,12.345161,5.7,196.0
bytetrack,yolov8s.pt,osnet_ain_x1_0_msmt17.pt,2,171.976777,5.813333,5.7,5.9
bytetrack,yolov8s.pt,osnet_ain_x1_0_msmt17.pt,3,167.468015,5.980000,5.9,6.1
bytetrack,yolov8s.pt,osnet_ain_x1_0_msmt17.pt,4,164.690701,6.080000,6.0,6.2
bytetrack,yolov8s.pt,osnet_ain_x1_0_msmt17.pt,5,161.189683,6.231034,6.0,8.4
bytetrack,yolov8m.pt,osnet_x1_0_market1501.pt,1,78.859625,18.458064,11.4,202.4
bytetrack,yolov8m.pt,osnet_x1_0_market1501.pt,2,86.258347,11.590000,11.5,11.7
bytetrack,yolov8m.pt,osnet_x1_0_market1501.pt,3,84.860663,11.790000,11.7,12.0
bytetrack,yolov8m.pt,osnet_x1_0_market1501.pt,4,83.651044,11.943333,11.8,12.1
bytetrack,yolov8m.pt,osnet_x1_0_market1501.pt,5,83.106621,12.044827,11.8,14.1
bytetrack,yolov8m.pt,osnet_x0_75_market1501.pt,1,78.299822,18.583870,11.4,203.5
bytetrack,yolov8m.pt,osnet_x0_75_market1501.pt,2,86.212033,11.596666,11.5,11.8
bytetrack,yolov8m.pt,osnet_x0_75_market1501.pt,3,85.099063,11.750000,11.6,11.9
bytetrack,yolov8m.pt,osnet_x0_75_market1501.pt,4,83.484628,11.986666,11.9,12.1
bytetrack,yolov8m.pt,osnet_x0_75_market1501.pt,5,83.329742,12.013793,11.8,14.2
bytetrack,yolov8m.pt,osnet_x0_5_market1501.pt,1,78.523387,18.625806,11.5,206.4
bytetrack,yolov8m.pt,osnet_x0_5_market1501.pt,2,86.001240,11.633333,11.5,12.0
bytetrack,yolov8m.pt,osnet_x0_5_market1501.pt,3,84.954112,11.770000,11.6,11.9
bytetrack,yolov8m.pt,osnet_x0_5_market1501.pt,4,83.389387,11.983333,11.7,12.5
bytetrack,yolov8m.pt,osnet_x0_5_market1501.pt,5,83.337410,12.003448,11.8,13.7
bytetrack,yolov8m.pt,osnet_x0_25_market1501.pt,1,81.202080,18.109677,11.4,201.7
bytetrack,yolov8m.pt,osnet_x0_25_market1501.pt,2,85.999057,11.620000,11.5,11.8
bytetrack,yolov8m.pt,osnet_x0_25_market1501.pt,3,84.634192,11.813333,11.7,12.0
bytetrack,yolov8m.pt,osnet_x0_25_market1501.pt,4,83.965328,11.910000,11.8,12.0
bytetrack,yolov8m.pt,osnet_x0_25_market1501.pt,5,83.042461,12.065517,11.9,14.2
bytetrack,yolov8m.pt,clip_market1501.pt,1,80.237389,18.464516,11.4,208.8
bytetrack,yolov8m.pt,clip_market1501.pt,2,85.553746,11.686666,11.5,12.7
bytetrack,yolov8m.pt,clip_market1501.pt,3,84.574479,11.816666,11.7,12.0
bytetrack,yolov8m.pt,clip_market1501.pt,4,83.123003,12.030000,11.9,12.2
bytetrack,yolov8m.pt,clip_market1501.pt,5,82.918537,12.075862,11.9,13.8
bytetrack,yolov8m.pt,lmbn_n_market.pt,1,78.381555,18.593548,11.5,204.6
bytetrack,yolov8m.pt,lmbn_n_market.pt,2,85.819510,11.650000,11.5,11.8
bytetrack,yolov8m.pt,lmbn_n_market.pt,3,84.585620,11.813333,11.7,12.0
bytetrack,yolov8m.pt,lmbn_n_market.pt,4,82.984771,12.050000,11.8,12.5
bytetrack,yolov8m.pt,lmbn_n_market.pt,5,82.995196,12.062068,11.8,14.0
bytetrack,yolov8m.pt,clip_market1501.pt,1,81.227699,18.467741,11.4,213.6
bytetrack,yolov8m.pt,clip_market1501.pt,2,85.926759,11.633333,11.5,11.8
bytetrack,yolov8m.pt,clip_market1501.pt,3,84.683195,11.806666,11.7,12.0
bytetrack,yolov8m.pt,clip_market1501.pt,4,83.519417,11.976666,11.8,12.2
bytetrack,yolov8m.pt,clip_market1501.pt,5,83.457467,11.989655,11.8,14.1
bytetrack,yolov8m.pt,osnet_ibn_x1_0_msmt17.pt,1,80.702804,18.245161,11.4,204.0
bytetrack,yolov8m.pt,osnet_ibn_x1_0_msmt17.pt,2,85.877878,11.646666,11.5,11.9
bytetrack,yolov8m.pt,osnet_ibn_x1_0_msmt17.pt,3,84.685373,11.803333,11.7,12.0
bytetrack,yolov8m.pt,osnet_ibn_x1_0_msmt17.pt,4,83.658625,11.966666,11.8,12.1
bytetrack,yolov8m.pt,osnet_ibn_x1_0_msmt17.pt,5,83.239281,12.027586,11.8,14.3
bytetrack,yolov8m.pt,osnet_ain_x1_0_msmt17.pt,1,80.137281,18.483870,11.4,209.0
bytetrack,yolov8m.pt,osnet_ain_x1_0_msmt17.pt,2,86.171028,11.610000,11.5,11.8
bytetrack,yolov8m.pt,osnet_ain_x1_0_msmt17.pt,3,84.652518,11.810000,11.7,12.1
bytetrack,yolov8m.pt,osnet_ain_x1_0_msmt17.pt,4,83.189121,12.030000,11.9,12.3
bytetrack,yolov8m.pt,osnet_ain_x1_0_msmt17.pt,5,83.375359,11.996551,11.8,13.7
bytetrack,yolov8l.pt,osnet_x1_0_market1501.pt,1,57.294949,22.854838,16.3,199.3
bytetrack,yolov8l.pt,osnet_x1_0_market1501.pt,2,60.612340,16.500000,16.4,16.6
bytetrack,yolov8l.pt,osnet_x1_0_market1501.pt,3,59.408556,16.830000,16.6,17.1
bytetrack,yolov8l.pt,osnet_x1_0_market1501.pt,4,59.531278,16.800000,16.6,17.0
bytetrack,yolov8l.pt,osnet_x1_0_market1501.pt,5,58.593277,17.075862,16.8,19.0
bytetrack,yolov8l.pt,osnet_x0_75_market1501.pt,1,57.014752,23.016129,16.3,202.0
bytetrack,yolov8l.pt,osnet_x0_75_market1501.pt,2,60.526670,16.513333,16.4,16.6
bytetrack,yolov8l.pt,osnet_x0_75_market1501.pt,3,59.324831,16.856666,16.6,17.1
bytetrack,yolov8l.pt,osnet_x0_75_market1501.pt,4,59.415274,16.836666,16.7,17.1
bytetrack,yolov8l.pt,osnet_x0_75_market1501.pt,5,58.613618,17.075862,16.8,19.1
bytetrack,yolov8l.pt,osnet_x0_5_market1501.pt,1,57.067119,22.916129,16.3,199.0
bytetrack,yolov8l.pt,osnet_x0_5_market1501.pt,2,60.466218,16.550000,16.4,16.7
bytetrack,yolov8l.pt,osnet_x0_5_market1501.pt,3,59.386429,16.843333,16.6,17.1
bytetrack,yolov8l.pt,osnet_x0_5_market1501.pt,4,59.448649,16.823333,16.7,17.0
bytetrack,yolov8l.pt,osnet_x0_5_market1501.pt,5,58.519287,17.096551,16.8,19.3
bytetrack,yolov8l.pt,osnet_x0_25_market1501.pt,1,57.434872,22.822580,16.3,199.7
bytetrack,yolov8l.pt,osnet_x0_25_market1501.pt,2,60.327839,16.583333,16.4,16.7
bytetrack,yolov8l.pt,osnet_x0_25_market1501.pt,3,59.307534,16.866666,16.6,17.2
bytetrack,yolov8l.pt,osnet_x0_25_market1501.pt,4,59.335631,16.863333,16.7,17.1
bytetrack,yolov8l.pt,osnet_x0_25_market1501.pt,5,58.547072,17.100000,16.9,19.4
bytetrack,yolov8l.pt,clip_market1501.pt,1,57.347181,23.148387,16.3,209.3
bytetrack,yolov8l.pt,clip_market1501.pt,2,60.246629,16.586666,16.5,16.8
bytetrack,yolov8l.pt,clip_market1501.pt,3,59.118852,16.923333,16.7,17.2
bytetrack,yolov8l.pt,clip_market1501.pt,4,59.105336,16.916666,16.7,17.1
bytetrack,yolov8l.pt,clip_market1501.pt,5,58.228831,17.179310,16.8,19.5
bytetrack,yolov8l.pt,lmbn_n_market.pt,1,56.452647,23.580645,16.4,214.1
bytetrack,yolov8l.pt,lmbn_n_market.pt,2,60.215776,16.616666,16.5,16.8
bytetrack,yolov8l.pt,lmbn_n_market.pt,3,59.090651,16.923333,16.7,17.2
bytetrack,yolov8l.pt,lmbn_n_market.pt,4,59.081740,16.923333,16.7,17.1
bytetrack,yolov8l.pt,lmbn_n_market.pt,5,58.246580,17.182758,16.9,19.4
bytetrack,yolov8l.pt,clip_market1501.pt,1,57.038391,22.941935,16.3,199.5
bytetrack,yolov8l.pt,clip_market1501.pt,2,60.458120,16.543333,16.4,16.7
bytetrack,yolov8l.pt,clip_market1501.pt,3,59.269939,16.873333,16.6,17.2
bytetrack,yolov8l.pt,clip_market1501.pt,4,59.333564,16.863333,16.7,17.2
bytetrack,yolov8l.pt,clip_market1501.pt,5,58.502035,17.100000,16.9,19.0
bytetrack,yolov8l.pt,osnet_ibn_x1_0_msmt17.pt,1,57.316394,22.916129,16.3,201.4
bytetrack,yolov8l.pt,osnet_ibn_x1_0_msmt17.pt,2,60.327510,16.586666,16.5,16.8
bytetrack,yolov8l.pt,osnet_ibn_x1_0_msmt17.pt,3,59.219413,16.886666,16.6,17.3
bytetrack,yolov8l.pt,osnet_ibn_x1_0_msmt17.pt,4,59.231709,16.876666,16.7,17.0
bytetrack,yolov8l.pt,osnet_ibn_x1_0_msmt17.pt,5,58.368266,17.141379,16.9,19.0
bytetrack,yolov8l.pt,osnet_ain_x1_0_msmt17.pt,1,57.713494,22.745161,16.3,199.7
bytetrack,yolov8l.pt,osnet_ain_x1_0_msmt17.pt,2,60.266193,16.596666,16.4,17.0
bytetrack,yolov8l.pt,osnet_ain_x1_0_msmt17.pt,3,59.277116,16.873333,16.6,17.2
bytetrack,yolov8l.pt,osnet_ain_x1_0_msmt17.pt,4,59.259821,16.873333,16.6,17.1
bytetrack,yolov8l.pt,osnet_ain_x1_0_msmt17.pt,5,58.477590,17.113793,16.8,19.1
bytetrack,yolov8x.pt,osnet_x1_0_market1501.pt,1,33.564546,34.974193,28.3,214.1
bytetrack,yolov8x.pt,osnet_x1_0_market1501.pt,2,34.631096,28.873333,28.4,29.4
bytetrack,yolov8x.pt,osnet_x1_0_market1501.pt,3,34.389427,29.070000,28.7,29.6
bytetrack,yolov8x.pt,osnet_x1_0_market1501.pt,4,34.318349,29.146666,28.9,29.5
bytetrack,yolov8x.pt,osnet_x1_0_market1501.pt,5,34.106655,29.317241,29.0,31.6
bytetrack,yolov8x.pt,osnet_x0_75_market1501.pt,1,33.441754,34.996774,28.3,211.3
bytetrack,yolov8x.pt,osnet_x0_75_market1501.pt,2,34.521463,28.973333,28.6,29.4
bytetrack,yolov8x.pt,osnet_x0_75_market1501.pt,3,34.307978,29.140000,28.8,29.6
bytetrack,yolov8x.pt,osnet_x0_75_market1501.pt,4,34.142121,29.296666,28.9,29.8
bytetrack,yolov8x.pt,osnet_x0_75_market1501.pt,5,33.941208,29.472413,29.1,31.8
bytetrack,yolov8x.pt,osnet_x0_5_market1501.pt,1,33.451527,34.929032,28.3,209.5
bytetrack,yolov8x.pt,osnet_x0_5_market1501.pt,2,34.576117,28.920000,28.4,29.5
bytetrack,yolov8x.pt,osnet_x0_5_market1501.pt,3,34.341008,29.113333,28.7,29.5
bytetrack,yolov8x.pt,osnet_x0_5_market1501.pt,4,34.252657,29.196666,28.8,29.6
bytetrack,yolov8x.pt,osnet_x0_5_market1501.pt,5,34.098608,29.348275,29.0,30.9
bytetrack,yolov8x.pt,osnet_x0_25_market1501.pt,1,33.364908,35.112903,28.4,213.1
bytetrack,yolov8x.pt,osnet_x0_25_market1501.pt,2,34.327766,29.133333,28.7,29.7
bytetrack,yolov8x.pt,osnet_x0_25_market1501.pt,3,34.092436,29.330000,28.9,29.9
bytetrack,yolov8x.pt,osnet_x0_25_market1501.pt,4,34.032207,29.386666,29.0,29.9
bytetrack,yolov8x.pt,osnet_x0_25_market1501.pt,5,33.883669,29.520689,29.1,31.1
bytetrack,yolov8x.pt,clip_market1501.pt,1,33.523454,34.829032,28.3,208.3
bytetrack,yolov8x.pt,clip_market1501.pt,2,34.523883,28.976666,28.6,29.6
bytetrack,yolov8x.pt,clip_market1501.pt,3,34.329386,29.133333,28.8,29.7
bytetrack,yolov8x.pt,clip_market1501.pt,4,34.171549,29.260000,28.9,29.7
bytetrack,yolov8x.pt,clip_market1501.pt,5,34.019647,29.389655,29.1,31.1
bytetrack,yolov8x.pt,lmbn_n_market.pt,1,33.411273,35.048387,28.5,212.4
bytetrack,yolov8x.pt,lmbn_n_market.pt,2,34.432210,29.043333,28.7,29.8
bytetrack,yolov8x.pt,lmbn_n_market.pt,3,34.177799,29.266666,28.9,29.7
bytetrack,yolov8x.pt,lmbn_n_market.pt,4,34.033897,29.383333,29.0,29.9
bytetrack,yolov8x.pt,lmbn_n_market.pt,5,33.857994,29.544827,29.1,32.0
bytetrack,yolov8x.pt,clip_market1501.pt,1,33.636085,34.796774,28.4,210.7
bytetrack,yolov8x.pt,clip_market1501.pt,2,34.459808,29.020000,28.7,29.6
bytetrack,yolov8x.pt,clip_market1501.pt,3,34.274668,29.166666,28.9,29.7
bytetrack,yolov8x.pt,clip_market1501.pt,4,33.937416,29.466666,29.1,30.0
bytetrack,yolov8x.pt,clip_market1501.pt,5,33.868779,29.527586,29.1,31.3
bytetrack,yolov8x.pt,osnet_ibn_x1_0_msmt17.pt,1,33.664505,34.690322,28.4,208.3
bytetrack,yolov8x.pt,osnet_ibn_x1_0_msmt17.pt,2,34.441127,29.033333,28.6,29.5
bytetrack,yolov8x.pt,osnet_ibn_x1_0_msmt17.pt,3,34.230261,29.220000,28.8,29.8
bytetrack,yolov8x.pt,osnet_ibn_x1_0_msmt17.pt,4,34.065738,29.350000,28.8,30.1
bytetrack,yolov8x.pt,osnet_ibn_x1_0_msmt17.pt,5,33.908201,29.503448,29.0,32.0
bytetrack,yolov8x.pt,osnet_ain_x1_0_msmt17.pt,1,33.100218,35.351612,28.5,213.0
bytetrack,yolov8x.pt,osnet_ain_x1_0_msmt17.pt,2,34.452258,29.026666,28.6,29.7
bytetrack,yolov8x.pt,osnet_ain_x1_0_msmt17.pt,3,34.270036,29.183333,28.8,29.7
bytetrack,yolov8x.pt,osnet_ain_x1_0_msmt17.pt,4,34.102177,29.320000,28.9,30.0
bytetrack,yolov8x.pt,osnet_ain_x1_0_msmt17.pt,5,33.917766,29.486206,29.0,31.9
botsort,yolov8n.pt,osnet_x1_0_market1501.pt,1,74.250927,23.638709,11.3,328.3
botsort,yolov8n.pt,osnet_x1_0_market1501.pt,2,87.182942,11.858620,11.0,29.5
botsort,yolov8n.pt,osnet_x1_0_market1501.pt,3,74.804216,14.264516,11.7,36.6
botsort,yolov8n.pt,osnet_x1_0_market1501.pt,4,75.422412,13.806666,11.9,30.2
botsort,yolov8n.pt,osnet_x1_0_market1501.pt,5,75.153603,13.486206,12.3,20.1
botsort,yolov8n.pt,osnet_x0_75_market1501.pt,1,76.407155,22.622580,11.0,309.0
botsort,yolov8n.pt,osnet_x0_75_market1501.pt,2,89.032971,11.620689,10.8,28.7
botsort,yolov8n.pt,osnet_x0_75_market1501.pt,3,76.317406,13.919354,11.6,34.5
botsort,yolov8n.pt,osnet_x0_75_market1501.pt,4,77.173897,13.453333,11.7,28.6
botsort,yolov8n.pt,osnet_x0_75_market1501.pt,5,76.815802,13.179310,12.0,19.4
botsort,yolov8n.pt,osnet_x0_5_market1501.pt,1,74.622270,23.209677,11.1,312.2
botsort,yolov8n.pt,osnet_x0_5_market1501.pt,2,89.074428,11.596551,10.8,28.1
botsort,yolov8n.pt,osnet_x0_5_market1501.pt,3,75.872981,13.990322,11.6,34.3
botsort,yolov8n.pt,osnet_x0_5_market1501.pt,4,73.128223,14.560000,11.6,29.0
botsort,yolov8n.pt,osnet_x0_5_market1501.pt,5,77.088240,13.155172,11.9,19.3
botsort,yolov8n.pt,osnet_x0_25_market1501.pt,1,76.992680,22.290322,11.0,301.1
botsort,yolov8n.pt,osnet_x0_25_market1501.pt,2,89.847005,11.493103,10.7,28.2
botsort,yolov8n.pt,osnet_x0_25_market1501.pt,3,76.797366,13.809677,11.5,33.7
botsort,yolov8n.pt,osnet_x0_25_market1501.pt,4,77.537710,13.373333,11.6,28.3
botsort,yolov8n.pt,osnet_x0_25_market1501.pt,5,76.961888,13.265517,11.8,21.2
botsort,yolov8n.pt,clip_market1501.pt,1,77.982071,65.445161,10.6,1644.2
botsort,yolov8n.pt,clip_market1501.pt,2,73.992673,13.610344,12.9,21.2
botsort,yolov8n.pt,clip_market1501.pt,3,48.862678,20.648387,19.1,26.9
botsort,yolov8n.pt,clip_market1501.pt,4,41.018465,24.626666,22.2,31.9
botsort,yolov8n.pt,clip_market1501.pt,5,35.204828,28.575862,25.8,35.5
botsort,yolov8n.pt,lmbn_n_market.pt,1,44.218996,41.412903,17.8,600.5
botsort,yolov8n.pt,lmbn_n_market.pt,2,51.248308,20.662068,17.2,40.0
botsort,yolov8n.pt,lmbn_n_market.pt,3,48.282430,21.561290,18.5,40.8
botsort,yolov8n.pt,lmbn_n_market.pt,4,49.584153,20.610000,18.7,38.2
botsort,yolov8n.pt,lmbn_n_market.pt,5,49.750620,20.224137,18.8,26.7
botsort,yolov8n.pt,clip_market1501.pt,1,78.513104,65.225806,10.6,1639.9
botsort,yolov8n.pt,clip_market1501.pt,2,73.761730,13.665517,13.0,21.2
botsort,yolov8n.pt,clip_market1501.pt,3,48.931674,20.570967,19.0,27.1
botsort,yolov8n.pt,clip_market1501.pt,4,40.521401,25.013333,21.4,36.0
botsort,yolov8n.pt,clip_market1501.pt,5,34.480897,29.417241,25.9,46.4
botsort,yolov8n.pt,osnet_ibn_x1_0_msmt17.pt,1,75.298681,23.280645,11.2,323.7
botsort,yolov8n.pt,osnet_ibn_x1_0_msmt17.pt,2,88.027468,11.731034,10.9,28.7
botsort,yolov8n.pt,osnet_ibn_x1_0_msmt17.pt,3,76.016053,13.983870,11.7,34.9
botsort,yolov8n.pt,osnet_ibn_x1_0_msmt17.pt,4,76.569416,13.553333,11.7,29.2
botsort,yolov8n.pt,osnet_ibn_x1_0_msmt17.pt,5,76.421918,13.251724,12.0,19.3
botsort,yolov8n.pt,osnet_ain_x1_0_msmt17.pt,1,72.923401,24.093548,11.6,336.4
botsort,yolov8n.pt,osnet_ain_x1_0_msmt17.pt,2,84.640958,12.155172,11.2,27.1
botsort,yolov8n.pt,osnet_ain_x1_0_msmt17.pt,3,71.713226,14.819354,12.2,34.4
botsort,yolov8n.pt,osnet_ain_x1_0_msmt17.pt,4,74.051964,13.980000,12.2,28.9
botsort,yolov8n.pt,osnet_ain_x1_0_msmt17.pt,5,73.500564,13.789655,12.5,19.8
botsort,yolov8s.pt,osnet_x1_0_market1501.pt,1,65.850905,25.645161,12.8,341.4
botsort,yolov8s.pt,osnet_x1_0_market1501.pt,2,76.820591,13.362068,12.6,30.2
botsort,yolov8s.pt,osnet_x1_0_market1501.pt,3,66.253063,15.838709,13.4,35.4
botsort,yolov8s.pt,osnet_x1_0_market1501.pt,4,66.830381,15.443333,13.6,31.6
botsort,yolov8s.pt,osnet_x1_0_market1501.pt,5,65.111783,15.882758,13.7,28.6
botsort,yolov8s.pt,osnet_x0_75_market1501.pt,1,65.148882,25.380645,13.0,328.9
botsort,yolov8s.pt,osnet_x0_75_market1501.pt,2,76.227347,13.324137,12.7,25.0
botsort,yolov8s.pt,osnet_x0_75_market1501.pt,3,65.961478,15.974193,13.5,38.1
botsort,yolov8s.pt,osnet_x0_75_market1501.pt,4,66.443772,15.546666,13.7,31.8
botsort,yolov8s.pt,osnet_x0_75_market1501.pt,5,66.260948,15.320689,13.9,21.8
botsort,yolov8s.pt,osnet_x0_5_market1501.pt,1,63.837753,25.361290,13.1,312.5
botsort,yolov8s.pt,osnet_x0_5_market1501.pt,2,74.759129,13.789655,12.6,31.4
botsort,yolov8s.pt,osnet_x0_5_market1501.pt,3,65.573193,16.038709,13.6,37.0
botsort,yolov8s.pt,osnet_x0_5_market1501.pt,4,66.655743,15.476666,13.6,31.5
botsort,yolov8s.pt,osnet_x0_5_market1501.pt,5,66.726970,15.148275,13.8,21.9
botsort,yolov8s.pt,osnet_x0_25_market1501.pt,1,62.346025,25.916129,13.0,314.1
botsort,yolov8s.pt,osnet_x0_25_market1501.pt,2,76.085556,13.520689,12.6,30.4
botsort,yolov8s.pt,osnet_x0_25_market1501.pt,3,66.119155,15.861290,13.4,34.8
botsort,yolov8s.pt,osnet_x0_25_market1501.pt,4,65.462636,15.723333,13.5,30.0
botsort,yolov8s.pt,osnet_x0_25_market1501.pt,5,67.112831,15.068965,13.8,21.7
botsort,yolov8s.pt,clip_market1501.pt,1,68.223411,66.277419,12.3,1617.8
botsort,yolov8s.pt,clip_market1501.pt,2,64.198135,15.655172,15.1,22.3
botsort,yolov8s.pt,clip_market1501.pt,3,44.681678,22.519354,20.9,29.6
botsort,yolov8s.pt,clip_market1501.pt,4,38.232842,26.290000,23.8,32.5
botsort,yolov8s.pt,clip_market1501.pt,5,32.604566,30.806896,27.7,38.9
botsort,yolov8s.pt,lmbn_n_market.pt,1,45.744609,37.745161,19.2,526.6
botsort,yolov8s.pt,lmbn_n_market.pt,2,51.080168,19.862068,19.1,36.3
botsort,yolov8s.pt,lmbn_n_market.pt,3,46.387289,22.212903,19.9,43.9
botsort,yolov8s.pt,lmbn_n_market.pt,4,47.032847,21.663333,19.8,39.2
botsort,yolov8s.pt,lmbn_n_market.pt,5,47.174277,21.310344,20.1,27.7
botsort,yolov8s.pt,clip_market1501.pt,1,68.233013,66.554838,12.3,1626.6
botsort,yolov8s.pt,clip_market1501.pt,2,63.837018,15.758620,15.0,22.9
botsort,yolov8s.pt,clip_market1501.pt,3,43.865564,22.919354,21.4,29.5
botsort,yolov8s.pt,clip_market1501.pt,4,38.415046,26.166666,23.7,33.0
botsort,yolov8s.pt,clip_market1501.pt,5,32.652007,30.724137,28.1,36.6
botsort,yolov8s.pt,osnet_ibn_x1_0_msmt17.pt,1,57.614011,27.974193,13.5,340.0
botsort,yolov8s.pt,osnet_ibn_x1_0_msmt17.pt,2,74.753542,13.758620,12.7,30.0
botsort,yolov8s.pt,osnet_ibn_x1_0_msmt17.pt,3,66.042295,15.880645,13.7,36.2
botsort,yolov8s.pt,osnet_ibn_x1_0_msmt17.pt,4,66.708931,15.440000,13.6,30.7
botsort,yolov8s.pt,osnet_ibn_x1_0_msmt17.pt,5,66.775132,15.131034,13.9,21.1
botsort,yolov8s.pt,osnet_ain_x1_0_msmt17.pt,1,64.253410,26.212903,13.3,349.1
botsort,yolov8s.pt,osnet_ain_x1_0_msmt17.pt,2,74.898378,13.682758,12.9,29.9
botsort,yolov8s.pt,osnet_ain_x1_0_msmt17.pt,3,65.129070,16.096774,13.8,36.6
botsort,yolov8s.pt,osnet_ain_x1_0_msmt17.pt,4,65.929004,15.616666,13.9,31.2
botsort,yolov8s.pt,osnet_ain_x1_0_msmt17.pt,5,65.046594,15.796551,14.1,30.9
botsort,yolov8m.pt,osnet_x1_0_market1501.pt,1,47.022106,30.790322,18.4,326.5
botsort,yolov8m.pt,osnet_x1_0_market1501.pt,2,53.927442,18.837931,18.0,35.4
botsort,yolov8m.pt,osnet_x1_0_market1501.pt,3,48.749167,21.148387,18.8,41.7
botsort,yolov8m.pt,osnet_x1_0_market1501.pt,4,49.010135,20.763333,19.0,36.0
botsort,yolov8m.pt,osnet_x1_0_market1501.pt,5,49.165161,20.455172,19.2,26.6
botsort,yolov8m.pt,osnet_x0_75_market1501.pt,1,43.941939,32.393548,18.1,325.6
botsort,yolov8m.pt,osnet_x0_75_market1501.pt,2,48.808838,21.458620,18.1,42.3
botsort,yolov8m.pt,osnet_x0_75_market1501.pt,3,48.581863,21.235483,18.9,41.9
botsort,yolov8m.pt,osnet_x0_75_market1501.pt,4,48.878468,20.843333,19.1,36.2
botsort,yolov8m.pt,osnet_x0_75_market1501.pt,5,48.858335,20.596551,19.3,27.4
botsort,yolov8m.pt,osnet_x0_5_market1501.pt,1,46.553137,30.800000,18.5,320.7
botsort,yolov8m.pt,osnet_x0_5_market1501.pt,2,53.745844,18.886206,18.1,35.0
botsort,yolov8m.pt,osnet_x0_5_market1501.pt,3,48.296179,21.335483,19.0,41.7
botsort,yolov8m.pt,osnet_x0_5_market1501.pt,4,48.899209,20.826666,19.0,36.3
botsort,yolov8m.pt,osnet_x0_5_market1501.pt,5,48.998688,20.534482,19.3,26.7
botsort,yolov8m.pt,osnet_x0_25_market1501.pt,1,45.039867,32.816129,18.3,346.9
botsort,yolov8m.pt,osnet_x0_25_market1501.pt,2,54.028351,18.796551,18.0,35.5
botsort,yolov8m.pt,osnet_x0_25_market1501.pt,3,48.486349,21.229032,18.9,40.7
botsort,yolov8m.pt,osnet_x0_25_market1501.pt,4,48.925048,20.773333,19.0,35.1
botsort,yolov8m.pt,osnet_x0_25_market1501.pt,5,49.229687,20.431034,19.1,26.6
botsort,yolov8m.pt,clip_market1501.pt,1,47.958683,72.845161,18.4,1644.5
botsort,yolov8m.pt,clip_market1501.pt,2,46.007977,21.793103,21.2,28.4
botsort,yolov8m.pt,clip_market1501.pt,3,34.580297,29.012903,26.8,35.4
botsort,yolov8m.pt,clip_market1501.pt,4,30.676914,32.696666,30.7,38.6
botsort,yolov8m.pt,clip_market1501.pt,5,25.941228,38.668965,35.1,42.5
botsort,yolov8m.pt,lmbn_n_market.pt,1,35.932198,43.980645,24.8,546.7
botsort,yolov8m.pt,lmbn_n_market.pt,2,39.673913,25.437931,24.6,41.5
botsort,yolov8m.pt,lmbn_n_market.pt,3,36.549480,27.958064,25.4,49.3
botsort,yolov8m.pt,lmbn_n_market.pt,4,37.073061,27.293333,25.5,44.0
botsort,yolov8m.pt,lmbn_n_market.pt,5,37.190495,26.996551,25.7,33.6
botsort,yolov8m.pt,clip_market1501.pt,1,48.011490,73.932258,18.4,1677.7
botsort,yolov8m.pt,clip_market1501.pt,2,46.154643,21.724137,21.1,28.3
botsort,yolov8m.pt,clip_market1501.pt,3,34.704618,28.916129,27.3,35.2
botsort,yolov8m.pt,clip_market1501.pt,4,30.770580,32.606666,30.9,38.5
botsort,yolov8m.pt,clip_market1501.pt,5,26.699782,37.593103,34.4,43.6
botsort,yolov8m.pt,osnet_ibn_x1_0_msmt17.pt,1,46.281560,31.554838,18.8,339.9
botsort,yolov8m.pt,osnet_ibn_x1_0_msmt17.pt,2,52.748513,19.258620,18.5,36.2
botsort,yolov8m.pt,osnet_ibn_x1_0_msmt17.pt,3,47.641711,21.664516,19.2,43.5
botsort,yolov8m.pt,osnet_ibn_x1_0_msmt17.pt,4,47.966100,21.240000,19.4,37.1
botsort,yolov8m.pt,osnet_ibn_x1_0_msmt17.pt,5,48.161585,20.879310,19.6,27.5
botsort,yolov8m.pt,osnet_ain_x1_0_msmt17.pt,1,45.613243,34.000000,18.8,407.4
botsort,yolov8m.pt,osnet_ain_x1_0_msmt17.pt,2,52.367629,19.368965,18.6,35.7
botsort,yolov8m.pt,osnet_ain_x1_0_msmt17.pt,3,45.098885,23.125806,19.5,42.3
botsort,yolov8m.pt,osnet_ain_x1_0_msmt17.pt,4,47.383215,21.503333,19.6,38.1
botsort,yolov8m.pt,osnet_ain_x1_0_msmt17.pt,5,46.800770,21.713793,19.9,37.2
botsort,yolov8l.pt,osnet_x1_0_market1501.pt,1,38.610930,37.783333,22.6,396.0
botsort,yolov8l.pt,osnet_x1_0_market1501.pt,2,42.923814,23.550000,22.6,40.2
botsort,yolov8l.pt,osnet_x1_0_market1501.pt,3,39.313638,26.009677,23.7,47.4
botsort,yolov8l.pt,osnet_x1_0_market1501.pt,4,39.507671,25.660000,23.7,41.5
botsort,yolov8l.pt,osnet_x1_0_market1501.pt,5,39.530365,25.413793,23.7,32.2
botsort,yolov8l.pt,osnet_x0_75_market1501.pt,1,38.695251,37.383333,22.6,386.9
botsort,yolov8l.pt,osnet_x0_75_market1501.pt,2,43.076746,23.453333,22.5,40.1
botsort,yolov8l.pt,osnet_x0_75_market1501.pt,3,39.667304,25.738709,23.5,45.7
botsort,yolov8l.pt,osnet_x0_75_market1501.pt,4,39.914899,25.393333,23.5,41.5
botsort,yolov8l.pt,osnet_x0_75_market1501.pt,5,39.673397,25.365517,23.6,31.7
botsort,yolov8l.pt,osnet_x0_5_market1501.pt,1,38.366851,37.923333,22.5,388.4
botsort,yolov8l.pt,osnet_x0_5_market1501.pt,2,43.293843,23.333333,22.5,39.4
botsort,yolov8l.pt,osnet_x0_5_market1501.pt,3,39.642254,25.783870,23.5,46.2
botsort,yolov8l.pt,osnet_x0_5_market1501.pt,4,39.946771,25.353333,23.4,40.6
botsort,yolov8l.pt,osnet_x0_5_market1501.pt,5,39.977712,25.124137,23.8,31.3
botsort,yolov8l.pt,osnet_x0_25_market1501.pt,1,38.815113,37.563333,22.4,394.4
botsort,yolov8l.pt,osnet_x0_25_market1501.pt,2,43.539747,23.216666,22.3,40.2
botsort,yolov8l.pt,osnet_x0_25_market1501.pt,3,39.971381,25.548387,23.3,45.8
botsort,yolov8l.pt,osnet_x0_25_market1501.pt,4,40.161108,25.200000,23.3,39.7
botsort,yolov8l.pt,osnet_x0_25_market1501.pt,5,40.192561,25.003448,23.6,31.1
botsort,yolov8l.pt,clip_market1501.pt,1,37.210655,81.693333,23.2,1687.5
botsort,yolov8l.pt,clip_market1501.pt,2,37.396703,26.776666,26.1,33.1
botsort,yolov8l.pt,clip_market1501.pt,3,29.441624,34.045161,32.7,40.2
botsort,yolov8l.pt,clip_market1501.pt,4,25.967162,38.650000,35.4,46.4
botsort,yolov8l.pt,clip_market1501.pt,5,23.972816,41.806896,39.4,49.2
botsort,yolov8l.pt,lmbn_n_market.pt,1,30.618191,51.843333,28.9,623.1
botsort,yolov8l.pt,lmbn_n_market.pt,2,32.997048,30.786666,28.9,45.9
botsort,yolov8l.pt,lmbn_n_market.pt,3,31.487322,32.300000,29.8,54.1
botsort,yolov8l.pt,lmbn_n_market.pt,4,31.665663,31.873333,30.0,48.0
botsort,yolov8l.pt,lmbn_n_market.pt,5,31.692946,31.631034,30.1,37.6
botsort,yolov8l.pt,clip_market1501.pt,1,38.227222,80.626666,23.1,1677.1
botsort,yolov8l.pt,clip_market1501.pt,2,37.247806,26.906666,26.3,34.4
botsort,yolov8l.pt,clip_market1501.pt,3,29.168345,34.370967,32.7,40.8
botsort,yolov8l.pt,clip_market1501.pt,4,26.283356,38.176666,35.8,45.7
botsort,yolov8l.pt,clip_market1501.pt,5,23.784243,42.131034,39.6,47.5
botsort,yolov8l.pt,osnet_ibn_x1_0_msmt17.pt,1,37.171141,40.223333,22.6,435.1
botsort,yolov8l.pt,osnet_ibn_x1_0_msmt17.pt,2,41.867840,24.363333,22.9,49.4
botsort,yolov8l.pt,osnet_ibn_x1_0_msmt17.pt,3,38.954064,26.264516,23.7,47.6
botsort,yolov8l.pt,osnet_ibn_x1_0_msmt17.pt,4,39.189415,25.856666,23.9,42.1
botsort,yolov8l.pt,osnet_ibn_x1_0_msmt17.pt,5,39.141490,25.655172,24.3,32.5
botsort,yolov8l.pt,osnet_ain_x1_0_msmt17.pt,1,37.336248,39.036666,23.3,409.6
botsort,yolov8l.pt,osnet_ain_x1_0_msmt17.pt,2,42.223384,23.826666,23.1,35.1
botsort,yolov8l.pt,osnet_ain_x1_0_msmt17.pt,3,38.704562,26.383870,24.1,47.2
botsort,yolov8l.pt,osnet_ain_x1_0_msmt17.pt,4,38.850297,26.066666,24.1,41.6
botsort,yolov8l.pt,osnet_ain_x1_0_msmt17.pt,5,38.815643,25.865517,24.4,32.3
botsort,yolov8x.pt,osnet_x1_0_market1501.pt,1,24.746009,52.290322,34.7,427.4
botsort,yolov8x.pt,osnet_x1_0_market1501.pt,2,28.083662,35.813793,34.6,52.9
botsort,yolov8x.pt,osnet_x1_0_market1501.pt,3,26.467037,38.238709,35.5,59.1
botsort,yolov8x.pt,osnet_x1_0_market1501.pt,4,26.551804,37.933333,35.8,54.4
botsort,yolov8x.pt,osnet_x1_0_market1501.pt,5,26.529746,37.772413,36.0,44.3
botsort,yolov8x.pt,osnet_x0_75_market1501.pt,1,25.971138,49.687096,34.6,411.3
botsort,yolov8x.pt,osnet_x0_75_market1501.pt,2,28.147449,35.713793,34.5,52.0
botsort,yolov8x.pt,osnet_x0_75_market1501.pt,3,26.503135,38.190322,35.4,59.1
botsort,yolov8x.pt,osnet_x0_75_market1501.pt,4,26.633942,37.800000,35.6,53.4
botsort,yolov8x.pt,osnet_x0_75_market1501.pt,5,26.634623,37.617241,35.8,44.5
botsort,yolov8x.pt,osnet_x0_5_market1501.pt,1,25.276244,51.109677,34.4,414.1
botsort,yolov8x.pt,osnet_x0_5_market1501.pt,2,27.046486,37.734482,34.3,69.6
botsort,yolov8x.pt,osnet_x0_5_market1501.pt,3,26.622883,38.029032,35.2,60.1
botsort,yolov8x.pt,osnet_x0_5_market1501.pt,4,26.734299,37.630000,35.5,52.8
botsort,yolov8x.pt,osnet_x0_5_market1501.pt,5,26.719234,37.506896,35.6,44.2
botsort,yolov8x.pt,osnet_x0_25_market1501.pt,1,26.112591,48.925806,34.5,394.3
botsort,yolov8x.pt,osnet_x0_25_market1501.pt,2,28.276244,35.558620,34.4,51.9
botsort,yolov8x.pt,osnet_x0_25_market1501.pt,3,26.752367,37.819354,35.1,58.5
botsort,yolov8x.pt,osnet_x0_25_market1501.pt,4,26.888759,37.440000,35.1,52.4
botsort,yolov8x.pt,osnet_x0_25_market1501.pt,5,26.995535,37.106896,35.5,43.4
botsort,yolov8x.pt,clip_market1501.pt,1,25.730215,90.222580,34.8,1662.1
botsort,yolov8x.pt,clip_market1501.pt,2,25.251584,39.631034,39.0,46.3
botsort,yolov8x.pt,clip_market1501.pt,3,21.226954,47.170967,45.3,52.7
botsort,yolov8x.pt,clip_market1501.pt,4,19.590380,51.126666,48.4,58.6
botsort,yolov8x.pt,clip_market1501.pt,5,17.578118,57.010344,52.5,64.5
botsort,yolov8x.pt,lmbn_n_market.pt,1,22.281626,60.245161,40.9,554.7
botsort,yolov8x.pt,lmbn_n_market.pt,2,23.988184,41.865517,40.7,58.5
botsort,yolov8x.pt,lmbn_n_market.pt,3,22.728016,44.438709,42.0,66.5
botsort,yolov8x.pt,lmbn_n_market.pt,4,22.780741,44.136666,42.3,61.5
botsort,yolov8x.pt,lmbn_n_market.pt,5,22.725369,44.065517,42.2,50.4
botsort,yolov8x.pt,clip_market1501.pt,1,25.724422,91.303225,35.1,1696.0
botsort,yolov8x.pt,clip_market1501.pt,2,25.068153,39.927586,38.8,46.8
botsort,yolov8x.pt,clip_market1501.pt,3,20.993803,47.706451,45.0,54.3
botsort,yolov8x.pt,clip_market1501.pt,4,19.459376,51.456666,49.5,57.4
botsort,yolov8x.pt,clip_market1501.pt,5,17.629682,56.796551,53.6,62.1
botsort,yolov8x.pt,osnet_ibn_x1_0_msmt17.pt,1,25.855580,49.906451,34.5,413.5
botsort,yolov8x.pt,osnet_ibn_x1_0_msmt17.pt,2,27.988877,35.903448,34.6,51.6
botsort,yolov8x.pt,osnet_ibn_x1_0_msmt17.pt,3,26.327019,38.403225,35.3,58.6
botsort,yolov8x.pt,osnet_ibn_x1_0_msmt17.pt,4,26.382724,38.153333,36.0,53.7
botsort,yolov8x.pt,osnet_ibn_x1_0_msmt17.pt,5,26.392348,37.955172,35.8,43.9
botsort,yolov8x.pt,osnet_ain_x1_0_msmt17.pt,1,25.600354,50.754838,35.2,428.6
botsort,yolov8x.pt,osnet_ain_x1_0_msmt17.pt,2,27.677864,36.334482,34.9,53.7
botsort,yolov8x.pt,osnet_ain_x1_0_msmt17.pt,3,26.088672,38.806451,35.8,60.9
botsort,yolov8x.pt,osnet_ain_x1_0_msmt17.pt,4,26.127786,38.546666,36.4,55.3
botsort,yolov8x.pt,osnet_ain_x1_0_msmt17.pt,5,26.158471,38.310344,36.4,45.2
deepocsort,yolov8n.pt,osnet_x1_0_market1501.pt,1,87.853616,21.024242,10.4,337.3
deepocsort,yolov8n.pt,osnet_x1_0_market1501.pt,2,70.339277,15.610000,11.1,30.1
deepocsort,yolov8n.pt,osnet_x1_0_market1501.pt,3,77.346889,14.063333,11.7,36.3
deepocsort,yolov8n.pt,osnet_x1_0_market1501.pt,4,54.104548,20.673333,15.4,52.4
deepocsort,yolov8n.pt,osnet_x1_0_market1501.pt,5,55.073475,19.407407,13.5,35.5
deepocsort,yolov8n.pt,osnet_x0_75_market1501.pt,1,71.037422,23.666666,12.3,338.5
deepocsort,yolov8n.pt,osnet_x0_75_market1501.pt,2,69.381476,15.410000,10.8,30.8
deepocsort,yolov8n.pt,osnet_x0_75_market1501.pt,3,60.149392,17.580000,12.5,36.4
deepocsort,yolov8n.pt,osnet_x0_75_market1501.pt,4,52.424148,20.883333,14.4,39.5
deepocsort,yolov8n.pt,osnet_x0_75_market1501.pt,5,63.987392,19.007407,12.3,60.1
deepocsort,yolov8n.pt,osnet_x0_5_market1501.pt,1,73.516353,22.433333,12.3,311.0
deepocsort,yolov8n.pt,osnet_x0_5_market1501.pt,2,67.415505,17.076666,10.7,56.2
deepocsort,yolov8n.pt,osnet_x0_5_market1501.pt,3,68.294334,18.723333,11.8,42.1
deepocsort,yolov8n.pt,osnet_x0_5_market1501.pt,4,53.320712,21.206666,12.4,45.4
deepocsort,yolov8n.pt,osnet_x0_5_market1501.pt,5,50.249859,21.548148,13.6,37.0
deepocsort,yolov8n.pt,osnet_x0_25_market1501.pt,1,71.625936,23.300000,10.4,319.3
deepocsort,yolov8n.pt,osnet_x0_25_market1501.pt,2,64.234049,18.536666,10.9,60.3
deepocsort,yolov8n.pt,osnet_x0_25_market1501.pt,3,59.256095,18.323333,13.3,38.1
deepocsort,yolov8n.pt,osnet_x0_25_market1501.pt,4,55.357573,19.100000,16.0,34.0
deepocsort,yolov8n.pt,osnet_x0_25_market1501.pt,5,48.652041,22.340740,13.1,36.6
deepocsort,yolov8n.pt,clip_market1501.pt,1,84.159329,61.703030,9.9,1665.8
deepocsort,yolov8n.pt,clip_market1501.pt,2,73.294881,13.810000,12.6,19.3
deepocsort,yolov8n.pt,clip_market1501.pt,3,49.625398,20.250000,19.0,26.7
deepocsort,yolov8n.pt,clip_market1501.pt,4,40.960021,24.473333,23.3,29.3
deepocsort,yolov8n.pt,clip_market1501.pt,5,34.444313,29.107407,27.3,31.6
deepocsort,yolov8n.pt,lmbn_n_market.pt,1,54.911798,35.657575,17.2,610.7
deepocsort,yolov8n.pt,lmbn_n_market.pt,2,46.480096,22.303333,17.5,43.8
deepocsort,yolov8n.pt,lmbn_n_market.pt,3,47.343210,22.043333,18.9,54.4
deepocsort,yolov8n.pt,lmbn_n_market.pt,4,36.914581,29.173333,19.4,47.5
deepocsort,yolov8n.pt,lmbn_n_market.pt,5,38.806136,27.225925,19.7,44.5
deepocsort,yolov8n.pt,clip_market1501.pt,1,87.827840,61.300000,9.9,1659.3
deepocsort,yolov8n.pt,clip_market1501.pt,2,69.788932,14.476666,13.1,19.4
deepocsort,yolov8n.pt,clip_market1501.pt,3,49.587370,20.320000,19.3,28.5
deepocsort,yolov8n.pt,clip_market1501.pt,4,40.280896,25.070000,22.4,32.1
deepocsort,yolov8n.pt,clip_market1501.pt,5,34.359222,29.185185,27.0,33.2
deepocsort,yolov8n.pt,osnet_ibn_x1_0_msmt17.pt,1,84.504617,22.545454,10.4,358.6
deepocsort,yolov8n.pt,osnet_ibn_x1_0_msmt17.pt,2,74.205022,15.116666,10.7,26.9
deepocsort,yolov8n.pt,osnet_ibn_x1_0_msmt17.pt,3,53.878811,25.386666,11.2,43.4
deepocsort,yolov8n.pt,osnet_ibn_x1_0_msmt17.pt,4,56.179106,19.416666,13.1,52.1
deepocsort,yolov8n.pt,osnet_ibn_x1_0_msmt17.pt,5,56.554894,18.014814,16.5,29.3
deepocsort,yolov8n.pt,osnet_ain_x1_0_msmt17.pt,1,83.396297,21.739393,10.9,341.3
deepocsort,yolov8n.pt,osnet_ain_x1_0_msmt17.pt,2,65.347423,17.873333,11.2,55.8
deepocsort,yolov8n.pt,osnet_ain_x1_0_msmt17.pt,3,73.536793,16.503333,11.9,63.2
deepocsort,yolov8n.pt,osnet_ain_x1_0_msmt17.pt,4,52.375989,23.050000,12.8,49.9
deepocsort,yolov8n.pt,osnet_ain_x1_0_msmt17.pt,5,48.463148,29.948148,12.8,60.9
deepocsort,yolov8s.pt,osnet_x1_0_market1501.pt,1,77.536597,21.984848,12.1,324.3
deepocsort,yolov8s.pt,osnet_x1_0_market1501.pt,2,77.257074,13.390000,12.3,28.5
deepocsort,yolov8s.pt,osnet_x1_0_market1501.pt,3,70.644557,14.566666,13.1,31.6
deepocsort,yolov8s.pt,osnet_x1_0_market1501.pt,4,54.428247,20.453333,14.0,41.1
deepocsort,yolov8s.pt,osnet_x1_0_market1501.pt,5,63.494625,15.929629,14.2,19.7
deepocsort,yolov8s.pt,osnet_x0_75_market1501.pt,1,64.613009,25.378787,12.5,316.8
deepocsort,yolov8s.pt,osnet_x0_75_market1501.pt,2,60.453423,18.086666,14.4,44.8
deepocsort,yolov8s.pt,osnet_x0_75_market1501.pt,3,65.858816,15.910000,13.2,30.6
deepocsort,yolov8s.pt,osnet_x0_75_market1501.pt,4,55.753820,19.946666,14.1,48.2
deepocsort,yolov8s.pt,osnet_x0_75_market1501.pt,5,51.394406,20.533333,14.9,34.5
deepocsort,yolov8s.pt,osnet_x0_5_market1501.pt,1,68.770758,23.763636,12.7,317.2
deepocsort,yolov8s.pt,osnet_x0_5_market1501.pt,2,53.426260,20.306666,12.3,29.2
deepocsort,yolov8s.pt,osnet_x0_5_market1501.pt,3,70.109295,15.073333,13.0,46.2
deepocsort,yolov8s.pt,osnet_x0_5_market1501.pt,4,62.065666,16.486666,14.5,31.8
deepocsort,yolov8s.pt,osnet_x0_5_market1501.pt,5,65.463986,15.425925,14.5,21.6
deepocsort,yolov8s.pt,osnet_x0_25_market1501.pt,1,76.269095,22.145454,11.8,316.5
deepocsort,yolov8s.pt,osnet_x0_25_market1501.pt,2,69.964869,15.256666,12.2,30.3
deepocsort,yolov8s.pt,osnet_x0_25_market1501.pt,3,71.902096,14.230000,13.1,30.9
deepocsort,yolov8s.pt,osnet_x0_25_market1501.pt,4,63.528421,16.450000,13.9,32.9
deepocsort,yolov8s.pt,osnet_x0_25_market1501.pt,5,67.534586,16.025925,14.0,58.2
deepocsort,yolov8s.pt,clip_market1501.pt,1,75.893912,62.396969,11.8,1645.0
deepocsort,yolov8s.pt,clip_market1501.pt,2,63.464774,15.910000,14.9,21.4
deepocsort,yolov8s.pt,clip_market1501.pt,3,45.112159,22.223333,21.1,26.3
deepocsort,yolov8s.pt,clip_market1501.pt,4,37.711001,26.573333,25.2,31.6
deepocsort,yolov8s.pt,clip_market1501.pt,5,32.247173,31.062962,29.6,34.0
deepocsort,yolov8s.pt,lmbn_n_market.pt,1,48.894853,35.951515,19.0,550.0
deepocsort,yolov8s.pt,lmbn_n_market.pt,2,49.121553,20.686666,19.5,39.8
deepocsort,yolov8s.pt,lmbn_n_market.pt,3,46.386238,21.873333,20.7,40.7
deepocsort,yolov8s.pt,lmbn_n_market.pt,4,44.576566,22.723333,21.8,41.2
deepocsort,yolov8s.pt,lmbn_n_market.pt,5,44.352734,22.588888,21.9,25.9
deepocsort,yolov8s.pt,clip_market1501.pt,1,72.893867,63.063636,11.8,1651.5
deepocsort,yolov8s.pt,clip_market1501.pt,2,62.258055,16.226666,15.2,21.9
deepocsort,yolov8s.pt,clip_market1501.pt,3,44.613299,22.476666,21.5,26.3
deepocsort,yolov8s.pt,clip_market1501.pt,4,37.458295,26.753333,25.4,30.4
deepocsort,yolov8s.pt,clip_market1501.pt,5,32.261944,31.029629,29.7,34.4
deepocsort,yolov8s.pt,osnet_ibn_x1_0_msmt17.pt,1,62.245839,27.245454,12.8,370.6
deepocsort,yolov8s.pt,osnet_ibn_x1_0_msmt17.pt,2,66.530836,16.126666,12.5,35.9
deepocsort,yolov8s.pt,osnet_ibn_x1_0_msmt17.pt,3,50.382884,21.873333,13.4,39.5
deepocsort,yolov8s.pt,osnet_ibn_x1_0_msmt17.pt,4,51.719499,20.646666,14.5,37.1
deepocsort,yolov8s.pt,osnet_ibn_x1_0_msmt17.pt,5,51.763753,20.407407,17.6,37.7
deepocsort,yolov8s.pt,osnet_ain_x1_0_msmt17.pt,1,63.806966,26.554545,12.5,359.5
deepocsort,yolov8s.pt,osnet_ain_x1_0_msmt17.pt,2,58.217061,20.436666,12.8,54.6
deepocsort,yolov8s.pt,osnet_ain_x1_0_msmt17.pt,3,63.640993,17.816666,13.9,83.4
deepocsort,yolov8s.pt,osnet_ain_x1_0_msmt17.pt,4,52.824090,20.523333,14.6,56.8
deepocsort,yolov8s.pt,osnet_ain_x1_0_msmt17.pt,5,54.879965,18.444444,17.4,31.7
deepocsort,yolov8m.pt,osnet_x1_0_market1501.pt,1,52.014356,28.742424,17.6,348.7
deepocsort,yolov8m.pt,osnet_x1_0_market1501.pt,2,52.750498,19.896666,18.0,52.5
deepocsort,yolov8m.pt,osnet_x1_0_market1501.pt,3,42.206451,24.630000,20.9,48.2
deepocsort,yolov8m.pt,osnet_x1_0_market1501.pt,4,42.086759,24.470000,19.6,39.6
deepocsort,yolov8m.pt,osnet_x1_0_market1501.pt,5,43.199834,23.148148,22.7,23.5
deepocsort,yolov8m.pt,osnet_x0_75_market1501.pt,1,51.140850,28.939393,17.8,345.7
deepocsort,yolov8m.pt,osnet_x0_75_market1501.pt,2,53.722340,18.883333,18.0,35.6
deepocsort,yolov8m.pt,osnet_x0_75_market1501.pt,3,50.906505,19.923333,18.8,36.6
deepocsort,yolov8m.pt,osnet_x0_75_market1501.pt,4,49.125410,20.616666,19.8,37.0
deepocsort,yolov8m.pt,osnet_x0_75_market1501.pt,5,46.633549,21.529629,20.1,24.6
deepocsort,yolov8m.pt,osnet_x0_5_market1501.pt,1,51.640005,28.166666,17.6,326.2
deepocsort,yolov8m.pt,osnet_x0_5_market1501.pt,2,53.685207,18.913333,18.0,35.6
deepocsort,yolov8m.pt,osnet_x0_5_market1501.pt,3,46.617244,21.786666,18.9,38.8
deepocsort,yolov8m.pt,osnet_x0_5_market1501.pt,4,42.749576,23.643333,19.9,39.6
deepocsort,yolov8m.pt,osnet_x0_5_market1501.pt,5,42.490479,24.385185,20.5,58.5
deepocsort,yolov8m.pt,osnet_x0_25_market1501.pt,1,52.282610,28.148484,17.6,333.2
deepocsort,yolov8m.pt,osnet_x0_25_market1501.pt,2,54.135713,18.736666,17.8,34.9
deepocsort,yolov8m.pt,osnet_x0_25_market1501.pt,3,49.337867,20.686666,18.5,38.0
deepocsort,yolov8m.pt,osnet_x0_25_market1501.pt,4,43.161249,23.410000,20.0,38.9
deepocsort,yolov8m.pt,osnet_x0_25_market1501.pt,5,43.473060,24.059259,19.7,61.9
deepocsort,yolov8m.pt,clip_market1501.pt,1,49.792046,70.454545,17.4,1689.4
deepocsort,yolov8m.pt,clip_market1501.pt,2,45.467746,22.130000,21.1,28.2
deepocsort,yolov8m.pt,clip_market1501.pt,3,35.177948,28.486666,27.3,32.1
deepocsort,yolov8m.pt,clip_market1501.pt,4,29.442757,34.190000,31.4,42.0
deepocsort,yolov8m.pt,clip_market1501.pt,5,25.505689,39.296296,35.8,42.5
deepocsort,yolov8m.pt,lmbn_n_market.pt,1,36.766447,44.403030,24.8,617.4
deepocsort,yolov8m.pt,lmbn_n_market.pt,2,38.070764,26.563333,25.2,44.3
deepocsort,yolov8m.pt,lmbn_n_market.pt,3,36.394822,27.753333,26.4,45.9
deepocsort,yolov8m.pt,lmbn_n_market.pt,4,31.803654,31.690000,26.8,48.3
deepocsort,yolov8m.pt,lmbn_n_market.pt,5,32.275209,31.033333,27.6,32.1
deepocsort,yolov8m.pt,clip_market1501.pt,1,51.142933,70.636363,17.4,1717.4
deepocsort,yolov8m.pt,clip_market1501.pt,2,45.099455,22.313333,21.3,28.7
deepocsort,yolov8m.pt,clip_market1501.pt,3,35.151978,28.496666,27.3,32.7
deepocsort,yolov8m.pt,clip_market1501.pt,4,30.119941,33.293333,32.0,40.6
deepocsort,yolov8m.pt,clip_market1501.pt,5,24.996098,40.048148,38.5,42.4
deepocsort,yolov8m.pt,osnet_ibn_x1_0_msmt17.pt,1,48.125930,31.027272,18.1,372.1
deepocsort,yolov8m.pt,osnet_ibn_x1_0_msmt17.pt,2,53.013700,19.146666,18.3,36.3
deepocsort,yolov8m.pt,osnet_ibn_x1_0_msmt17.pt,3,50.559313,20.070000,19.1,36.9
deepocsort,yolov8m.pt,osnet_ibn_x1_0_msmt17.pt,4,38.409778,28.736666,22.8,57.7
deepocsort,yolov8m.pt,osnet_ibn_x1_0_msmt17.pt,5,40.859975,24.700000,23.3,35.2
deepocsort,yolov8m.pt,osnet_ain_x1_0_msmt17.pt,1,51.273211,31.203030,18.0,422.5
deepocsort,yolov8m.pt,osnet_ain_x1_0_msmt17.pt,2,52.202966,19.430000,18.7,36.1
deepocsort,yolov8m.pt,osnet_ain_x1_0_msmt17.pt,3,49.310039,20.616666,19.4,37.7
deepocsort,yolov8m.pt,osnet_ain_x1_0_msmt17.pt,4,40.783899,25.843333,23.5,80.7
deepocsort,yolov8m.pt,osnet_ain_x1_0_msmt17.pt,5,43.256686,23.196296,20.7,24.3
deepocsort,yolov8l.pt,osnet_x1_0_market1501.pt,1,38.513201,37.206060,22.2,414.0
deepocsort,yolov8l.pt,osnet_x1_0_market1501.pt,2,38.482624,26.426666,24.6,50.3
deepocsort,yolov8l.pt,osnet_x1_0_market1501.pt,3,36.362574,28.360000,24.2,44.1
deepocsort,yolov8l.pt,osnet_x1_0_market1501.pt,4,35.327606,28.496666,27.3,44.2
deepocsort,yolov8l.pt,osnet_x1_0_market1501.pt,5,35.460229,28.203703,27.0,29.6
deepocsort,yolov8l.pt,osnet_x0_75_market1501.pt,1,37.813972,37.272727,24.1,399.7
deepocsort,yolov8l.pt,osnet_x0_75_market1501.pt,2,39.315227,25.946666,22.5,39.8
deepocsort,yolov8l.pt,osnet_x0_75_market1501.pt,3,40.254038,25.213333,23.4,44.7
deepocsort,yolov8l.pt,osnet_x0_75_market1501.pt,4,37.136482,27.246666,24.4,44.1
deepocsort,yolov8l.pt,osnet_x0_75_market1501.pt,5,37.007091,27.114814,24.6,30.3
deepocsort,yolov8l.pt,osnet_x0_5_market1501.pt,1,37.662821,37.942424,22.5,412.6
deepocsort,yolov8l.pt,osnet_x0_5_market1501.pt,2,39.558297,25.696666,22.2,42.7
deepocsort,yolov8l.pt,osnet_x0_5_market1501.pt,3,37.419900,26.923333,25.4,41.6
deepocsort,yolov8l.pt,osnet_x0_5_market1501.pt,4,35.713727,28.220000,27.0,44.1
deepocsort,yolov8l.pt,osnet_x0_5_market1501.pt,5,36.909328,27.185185,24.7,30.6
deepocsort,yolov8l.pt,osnet_x0_25_market1501.pt,1,42.021810,34.278787,22.5,390.4
deepocsort,yolov8l.pt,osnet_x0_25_market1501.pt,2,42.709233,23.653333,22.8,40.1
deepocsort,yolov8l.pt,osnet_x0_25_market1501.pt,3,40.445866,25.043333,23.6,43.8
deepocsort,yolov8l.pt,osnet_x0_25_market1501.pt,4,35.767380,28.173333,24.7,43.9
deepocsort,yolov8l.pt,osnet_x0_25_market1501.pt,5,36.760663,27.259259,24.7,28.4
deepocsort,yolov8l.pt,clip_market1501.pt,1,41.096140,73.724242,22.7,1676.3
deepocsort,yolov8l.pt,clip_market1501.pt,2,36.559058,27.450000,26.5,32.9
deepocsort,yolov8l.pt,clip_market1501.pt,3,29.288103,34.186666,33.1,37.8
deepocsort,yolov8l.pt,clip_market1501.pt,4,24.959111,40.140000,37.3,45.9
deepocsort,yolov8l.pt,clip_market1501.pt,5,23.642142,42.344444,41.2,45.9
deepocsort,yolov8l.pt,lmbn_n_market.pt,1,30.340156,50.372727,29.2,625.3
deepocsort,yolov8l.pt,lmbn_n_market.pt,2,29.635264,33.940000,31.6,50.3
deepocsort,yolov8l.pt,lmbn_n_market.pt,3,30.127644,33.643333,30.3,52.5
deepocsort,yolov8l.pt,lmbn_n_market.pt,4,27.575840,36.970000,31.6,53.6
deepocsort,yolov8l.pt,lmbn_n_market.pt,5,28.610577,35.074074,32.2,38.4
deepocsort,yolov8l.pt,clip_market1501.pt,1,40.561223,74.754545,22.7,1696.5
deepocsort,yolov8l.pt,clip_market1501.pt,2,36.734354,27.330000,26.5,33.2
deepocsort,yolov8l.pt,clip_market1501.pt,3,29.657098,33.760000,32.8,37.6
deepocsort,yolov8l.pt,clip_market1501.pt,4,25.022696,40.006666,37.3,43.7
deepocsort,yolov8l.pt,clip_market1501.pt,5,24.053583,41.607407,40.4,45.1
deepocsort,yolov8l.pt,osnet_ibn_x1_0_msmt17.pt,1,36.303990,39.560606,22.9,424.9
deepocsort,yolov8l.pt,osnet_ibn_x1_0_msmt17.pt,2,41.436877,24.580000,22.8,40.5
deepocsort,yolov8l.pt,osnet_ibn_x1_0_msmt17.pt,3,39.825297,25.413333,23.9,44.0
deepocsort,yolov8l.pt,osnet_ibn_x1_0_msmt17.pt,4,32.617335,31.480000,27.4,44.6
deepocsort,yolov8l.pt,osnet_ibn_x1_0_msmt17.pt,5,33.783903,29.892592,27.6,43.2
deepocsort,yolov8l.pt,osnet_ain_x1_0_msmt17.pt,1,41.446393,35.748484,22.5,428.4
deepocsort,yolov8l.pt,osnet_ain_x1_0_msmt17.pt,2,42.120292,23.986666,22.8,41.0
deepocsort,yolov8l.pt,osnet_ain_x1_0_msmt17.pt,3,40.223823,25.196666,23.6,44.5
deepocsort,yolov8l.pt,osnet_ain_x1_0_msmt17.pt,4,37.357494,27.036666,24.8,42.5
deepocsort,yolov8l.pt,osnet_ain_x1_0_msmt17.pt,5,37.731402,26.566666,25.2,28.7
deepocsort,yolov8x.pt,osnet_x1_0_market1501.pt,1,27.312910,47.130303,34.1,414.6
deepocsort,yolov8x.pt,osnet_x1_0_market1501.pt,2,28.015548,35.900000,34.5,53.0
deepocsort,yolov8x.pt,osnet_x1_0_market1501.pt,3,26.463185,38.030000,35.7,55.4
deepocsort,yolov8x.pt,osnet_x1_0_market1501.pt,4,23.678917,42.756666,38.5,57.8
deepocsort,yolov8x.pt,osnet_x1_0_market1501.pt,5,22.329710,45.737037,36.8,57.4
deepocsort,yolov8x.pt,osnet_x0_75_market1501.pt,1,27.398620,46.790909,34.2,407.0
deepocsort,yolov8x.pt,osnet_x0_75_market1501.pt,2,27.897793,36.036666,34.3,52.0
deepocsort,yolov8x.pt,osnet_x0_75_market1501.pt,3,26.874963,37.473333,35.5,56.5
deepocsort,yolov8x.pt,osnet_x0_75_market1501.pt,4,23.831898,43.013333,39.1,85.7
deepocsort,yolov8x.pt,osnet_x0_75_market1501.pt,5,22.908404,44.611111,37.3,57.2
deepocsort,yolov8x.pt,osnet_x0_5_market1501.pt,1,26.794889,48.200000,34.2,426.9
deepocsort,yolov8x.pt,osnet_x0_5_market1501.pt,2,26.648389,37.716666,34.8,53.0
deepocsort,yolov8x.pt,osnet_x0_5_market1501.pt,3,25.128718,40.240000,35.6,56.3
deepocsort,yolov8x.pt,osnet_x0_5_market1501.pt,4,25.929248,38.933333,36.5,55.3
deepocsort,yolov8x.pt,osnet_x0_5_market1501.pt,5,25.530526,39.270370,36.9,42.1
deepocsort,yolov8x.pt,osnet_x0_25_market1501.pt,1,25.678566,49.363636,35.1,407.5
deepocsort,yolov8x.pt,osnet_x0_25_market1501.pt,2,27.868537,36.070000,34.6,52.2
deepocsort,yolov8x.pt,osnet_x0_25_market1501.pt,3,27.058604,37.160000,35.4,54.0
deepocsort,yolov8x.pt,osnet_x0_25_market1501.pt,4,24.523517,41.113333,37.1,56.9
deepocsort,yolov8x.pt,osnet_x0_25_market1501.pt,5,23.753787,42.500000,39.9,59.0
deepocsort,yolov8x.pt,clip_market1501.pt,1,26.153412,88.675757,35.7,1737.0
deepocsort,yolov8x.pt,clip_market1501.pt,2,24.577513,40.756666,39.6,46.9
deepocsort,yolov8x.pt,clip_market1501.pt,3,21.109093,47.410000,46.0,51.7
deepocsort,yolov8x.pt,clip_market1501.pt,4,19.178191,52.216666,50.0,58.7
deepocsort,yolov8x.pt,clip_market1501.pt,5,16.784477,59.737037,54.7,66.0
deepocsort,yolov8x.pt,lmbn_n_market.pt,1,22.713062,60.548484,41.1,623.9
deepocsort,yolov8x.pt,lmbn_n_market.pt,2,22.950191,43.816666,41.4,60.0
deepocsort,yolov8x.pt,lmbn_n_market.pt,3,22.756543,44.146666,42.6,62.5
deepocsort,yolov8x.pt,lmbn_n_market.pt,4,20.681397,48.780000,44.0,66.4
deepocsort,yolov8x.pt,lmbn_n_market.pt,5,20.797402,48.366666,44.1,65.3
deepocsort,yolov8x.pt,clip_market1501.pt,1,26.777753,86.551515,33.6,1695.6
deepocsort,yolov8x.pt,clip_market1501.pt,2,24.724161,40.506666,39.4,46.0
deepocsort,yolov8x.pt,clip_market1501.pt,3,21.192316,47.226666,46.1,51.6
deepocsort,yolov8x.pt,clip_market1501.pt,4,19.180773,52.260000,50.3,62.5
deepocsort,yolov8x.pt,clip_market1501.pt,5,16.923431,59.166666,54.6,63.3
deepocsort,yolov8x.pt,osnet_ibn_x1_0_msmt17.pt,1,27.092916,47.881818,34.5,429.9
deepocsort,yolov8x.pt,osnet_ibn_x1_0_msmt17.pt,2,27.759125,36.236666,34.8,54.0
deepocsort,yolov8x.pt,osnet_ibn_x1_0_msmt17.pt,3,25.001262,40.233333,37.2,56.9
deepocsort,yolov8x.pt,osnet_ibn_x1_0_msmt17.pt,4,24.125160,41.776666,40.0,58.1
deepocsort,yolov8x.pt,osnet_ibn_x1_0_msmt17.pt,5,23.975674,41.859259,40.0,53.8
deepocsort,yolov8x.pt,osnet_ain_x1_0_msmt17.pt,1,26.856664,48.475757,34.5,439.9
deepocsort,yolov8x.pt,osnet_ain_x1_0_msmt17.pt,2,27.431426,36.656666,35.3,54.0
deepocsort,yolov8x.pt,osnet_ain_x1_0_msmt17.pt,3,26.678828,37.680000,36.1,55.3
deepocsort,yolov8x.pt,osnet_ain_x1_0_msmt17.pt,4,24.837240,40.696666,37.3,58.5
deepocsort,yolov8x.pt,osnet_ain_x1_0_msmt17.pt,5,23.977849,41.718518,40.5,45.4
imprassoc,yolov8n.pt,osnet_x1_0_market1501.pt,1,90.109918,26.063333,10.6,470.2
imprassoc,yolov8n.pt,osnet_x1_0_market1501.pt,2,89.590047,11.486666,10.7,27.3
imprassoc,yolov8n.pt,osnet_x1_0_market1501.pt,3,84.371526,12.313333,11.3,27.4
imprassoc,yolov8n.pt,osnet_x1_0_market1501.pt,4,83.617291,12.263333,11.5,27.7
imprassoc,yolov8n.pt,osnet_x1_0_market1501.pt,5,81.741918,12.550000,11.7,28.7
imprassoc,yolov8n.pt,osnet_x0_75_market1501.pt,1,90.528367,25.123333,10.5,443.5
imprassoc,yolov8n.pt,osnet_x0_75_market1501.pt,2,90.682720,11.026666,10.8,11.4
imprassoc,yolov8n.pt,osnet_x0_75_market1501.pt,3,85.295518,12.056666,11.3,28.2
imprassoc,yolov8n.pt,osnet_x0_75_market1501.pt,4,83.856481,12.246666,11.5,28.2
imprassoc,yolov8n.pt,osnet_x0_75_market1501.pt,5,81.090998,12.670000,11.8,28.6
imprassoc,yolov8n.pt,osnet_x0_5_market1501.pt,1,78.940727,28.953333,10.5,474.1
imprassoc,yolov8n.pt,osnet_x0_5_market1501.pt,2,92.867969,10.760000,10.7,11.0
imprassoc,yolov8n.pt,osnet_x0_5_market1501.pt,3,86.541655,11.876666,11.1,27.2
imprassoc,yolov8n.pt,osnet_x0_5_market1501.pt,4,85.665764,11.990000,11.3,27.4
imprassoc,yolov8n.pt,osnet_x0_5_market1501.pt,5,83.420786,12.283333,11.5,27.2
imprassoc,yolov8n.pt,osnet_x0_25_market1501.pt,1,92.247341,24.263333,10.3,423.5
imprassoc,yolov8n.pt,osnet_x0_25_market1501.pt,2,93.449256,10.703333,10.6,10.9
imprassoc,yolov8n.pt,osnet_x0_25_market1501.pt,3,87.321477,11.763333,11.1,27.2
imprassoc,yolov8n.pt,osnet_x0_25_market1501.pt,4,85.137164,12.050000,11.3,27.5
imprassoc,yolov8n.pt,osnet_x0_25_market1501.pt,5,80.964159,13.290000,11.4,29.9
imprassoc,yolov8n.pt,clip_market1501.pt,1,93.048901,117.493333,10.2,3223.4
imprassoc,yolov8n.pt,clip_market1501.pt,2,73.639968,13.573333,13.2,13.9
imprassoc,yolov8n.pt,clip_market1501.pt,3,51.746778,19.333333,18.8,20.4
imprassoc,yolov8n.pt,clip_market1501.pt,4,42.943089,23.296666,22.6,24.8
imprassoc,yolov8n.pt,clip_market1501.pt,5,35.506953,28.220000,26.2,30.6
imprassoc,yolov8n.pt,lmbn_n_market.pt,1,55.998563,41.616666,17.0,747.2
imprassoc,yolov8n.pt,lmbn_n_market.pt,2,57.780206,17.310000,17.1,17.7
imprassoc,yolov8n.pt,lmbn_n_market.pt,3,54.950461,18.473333,17.7,35.1
imprassoc,yolov8n.pt,lmbn_n_market.pt,4,54.107528,18.763333,18.0,35.7
imprassoc,yolov8n.pt,lmbn_n_market.pt,5,53.388930,19.016666,18.2,35.6
imprassoc,yolov8n.pt,clip_market1501.pt,1,93.277212,115.613333,10.2,3167.6
imprassoc,yolov8n.pt,clip_market1501.pt,2,73.537880,13.600000,13.1,14.0
imprassoc,yolov8n.pt,clip_market1501.pt,3,51.075412,19.580000,19.4,20.0
imprassoc,yolov8n.pt,clip_market1501.pt,4,42.910598,23.306666,22.7,24.5
imprassoc,yolov8n.pt,clip_market1501.pt,5,35.520390,28.223333,25.9,32.8
imprassoc,yolov8n.pt,osnet_ibn_x1_0_msmt17.pt,1,74.510933,31.436666,10.6,518.7
imprassoc,yolov8n.pt,osnet_ibn_x1_0_msmt17.pt,2,92.518802,10.800000,10.6,11.3
imprassoc,yolov8n.pt,osnet_ibn_x1_0_msmt17.pt,3,87.576208,11.700000,11.1,26.3
imprassoc,yolov8n.pt,osnet_ibn_x1_0_msmt17.pt,4,86.004523,11.903333,11.3,26.3
imprassoc,yolov8n.pt,osnet_ibn_x1_0_msmt17.pt,5,84.275834,12.153333,11.4,26.5
imprassoc,yolov8n.pt,osnet_ain_x1_0_msmt17.pt,1,86.158910,26.860000,11.0,479.7
imprassoc,yolov8n.pt,osnet_ain_x1_0_msmt17.pt,2,86.913225,11.503333,11.4,11.9
imprassoc,yolov8n.pt,osnet_ain_x1_0_msmt17.pt,3,81.929725,12.543333,11.8,29.2
imprassoc,yolov8n.pt,osnet_ain_x1_0_msmt17.pt,4,80.551072,12.730000,12.0,29.1
imprassoc,yolov8n.pt,osnet_ain_x1_0_msmt17.pt,5,79.111293,12.976666,12.1,29.6
imprassoc,yolov8s.pt,osnet_x1_0_market1501.pt,1,76.325594,27.043333,12.2,443.2
imprassoc,yolov8s.pt,osnet_x1_0_market1501.pt,2,79.088190,12.636666,12.5,13.1
imprassoc,yolov8s.pt,osnet_x1_0_market1501.pt,3,74.737343,13.670000,13.0,29.1
imprassoc,yolov8s.pt,osnet_x1_0_market1501.pt,4,73.490890,13.896666,13.2,28.8
imprassoc,yolov8s.pt,osnet_x1_0_market1501.pt,5,72.285360,14.113333,13.3,29.1
imprassoc,yolov8s.pt,osnet_x0_75_market1501.pt,1,75.187235,27.370000,12.1,444.6
imprassoc,yolov8s.pt,osnet_x0_75_market1501.pt,2,79.788375,12.530000,12.3,13.1
imprassoc,yolov8s.pt,osnet_x0_75_market1501.pt,3,75.349768,13.553333,12.9,28.5
imprassoc,yolov8s.pt,osnet_x0_75_market1501.pt,4,74.656427,13.663333,13.0,28.5
imprassoc,yolov8s.pt,osnet_x0_75_market1501.pt,5,72.347345,14.213333,13.2,28.5
imprassoc,yolov8s.pt,osnet_x0_5_market1501.pt,1,76.752406,26.636666,12.0,433.3
imprassoc,yolov8s.pt,osnet_x0_5_market1501.pt,2,79.433032,12.583333,12.4,12.9
imprassoc,yolov8s.pt,osnet_x0_5_market1501.pt,3,75.099059,13.606666,12.8,29.0
imprassoc,yolov8s.pt,osnet_x0_5_market1501.pt,4,74.237786,13.746666,13.1,28.9
imprassoc,yolov8s.pt,osnet_x0_5_market1501.pt,5,72.873129,14.000000,13.3,28.6
imprassoc,yolov8s.pt,osnet_x0_25_market1501.pt,1,76.306621,26.246666,12.1,419.5
imprassoc,yolov8s.pt,osnet_x0_25_market1501.pt,2,80.268932,12.463333,12.3,12.9
imprassoc,yolov8s.pt,osnet_x0_25_market1501.pt,3,74.885413,13.613333,12.9,27.9
imprassoc,yolov8s.pt,osnet_x0_25_market1501.pt,4,74.133811,13.756666,13.1,28.6
imprassoc,yolov8s.pt,osnet_x0_25_market1501.pt,5,72.728639,14.023333,13.3,29.1
imprassoc,yolov8s.pt,clip_market1501.pt,1,80.580166,117.720000,11.8,3183.2
imprassoc,yolov8s.pt,clip_market1501.pt,2,65.025180,15.376666,14.7,15.7
imprassoc,yolov8s.pt,clip_market1501.pt,3,46.624461,21.466666,20.7,23.7
imprassoc,yolov8s.pt,clip_market1501.pt,4,39.167595,25.556666,24.2,27.2
imprassoc,yolov8s.pt,clip_market1501.pt,5,32.952519,30.373333,28.9,33.0
imprassoc,yolov8s.pt,lmbn_n_market.pt,1,51.061477,42.380000,18.5,721.8
imprassoc,yolov8s.pt,lmbn_n_market.pt,2,52.435929,19.066666,19.0,19.3
imprassoc,yolov8s.pt,lmbn_n_market.pt,3,50.149385,20.210000,19.5,36.9
imprassoc,yolov8s.pt,lmbn_n_market.pt,4,49.768226,20.356666,19.6,36.8
imprassoc,yolov8s.pt,lmbn_n_market.pt,5,49.235324,20.583333,19.7,37.5
imprassoc,yolov8s.pt,clip_market1501.pt,1,79.789517,116.960000,11.9,3157.3
imprassoc,yolov8s.pt,clip_market1501.pt,2,64.613860,15.483333,14.9,16.1
imprassoc,yolov8s.pt,clip_market1501.pt,3,46.316866,21.586666,21.2,22.1
imprassoc,yolov8s.pt,clip_market1501.pt,4,38.895868,25.743333,24.3,28.5
imprassoc,yolov8s.pt,clip_market1501.pt,5,32.865097,30.513333,28.7,34.6
imprassoc,yolov8s.pt,osnet_ibn_x1_0_msmt17.pt,1,74.352694,27.743333,12.4,454.8
imprassoc,yolov8s.pt,osnet_ibn_x1_0_msmt17.pt,2,77.933641,12.836666,12.7,13.3
imprassoc,yolov8s.pt,osnet_ibn_x1_0_msmt17.pt,3,74.141983,13.770000,13.1,28.9
imprassoc,yolov8s.pt,osnet_ibn_x1_0_msmt17.pt,4,73.074040,13.956666,13.3,28.9
imprassoc,yolov8s.pt,osnet_ibn_x1_0_msmt17.pt,5,72.027933,14.163333,13.4,29.2
imprassoc,yolov8s.pt,osnet_ain_x1_0_msmt17.pt,1,72.300145,28.396666,12.9,463.8
imprassoc,yolov8s.pt,osnet_ain_x1_0_msmt17.pt,2,75.555766,13.230000,13.1,13.7
imprassoc,yolov8s.pt,osnet_ain_x1_0_msmt17.pt,3,71.527300,14.293333,13.6,30.7
imprassoc,yolov8s.pt,osnet_ain_x1_0_msmt17.pt,4,70.493007,14.476666,13.7,30.1
imprassoc,yolov8s.pt,osnet_ain_x1_0_msmt17.pt,5,69.797046,14.630000,13.9,30.6
imprassoc,yolov8m.pt,osnet_x1_0_market1501.pt,1,52.184871,32.943333,17.7,449.1
imprassoc,yolov8m.pt,osnet_x1_0_market1501.pt,2,55.179160,18.126666,18.0,18.3
imprassoc,yolov8m.pt,osnet_x1_0_market1501.pt,3,52.801789,19.150000,18.5,33.7
imprassoc,yolov8m.pt,osnet_x1_0_market1501.pt,4,52.128565,19.400000,18.8,33.9
imprassoc,yolov8m.pt,osnet_x1_0_market1501.pt,5,51.244945,19.736666,19.1,34.5
imprassoc,yolov8m.pt,osnet_x0_75_market1501.pt,1,52.809598,33.410000,17.7,469.8
imprassoc,yolov8m.pt,osnet_x0_75_market1501.pt,2,55.022853,18.180000,18.0,18.5
imprassoc,yolov8m.pt,osnet_x0_75_market1501.pt,3,52.805248,19.176666,18.5,34.7
imprassoc,yolov8m.pt,osnet_x0_75_market1501.pt,4,52.365966,19.330000,18.7,34.8
imprassoc,yolov8m.pt,osnet_x0_75_market1501.pt,5,51.559409,19.633333,18.9,34.7
imprassoc,yolov8m.pt,osnet_x0_5_market1501.pt,1,51.718118,32.930000,17.6,444.0
imprassoc,yolov8m.pt,osnet_x0_5_market1501.pt,2,55.170461,18.123333,18.0,18.4
imprassoc,yolov8m.pt,osnet_x0_5_market1501.pt,3,52.935475,19.123333,18.4,34.4
imprassoc,yolov8m.pt,osnet_x0_5_market1501.pt,4,52.542391,19.263333,18.6,34.1
imprassoc,yolov8m.pt,osnet_x0_5_market1501.pt,5,51.332969,19.830000,18.8,34.3
imprassoc,yolov8m.pt,osnet_x0_25_market1501.pt,1,52.437888,32.096666,17.6,426.1
imprassoc,yolov8m.pt,osnet_x0_25_market1501.pt,2,55.403711,18.056666,17.9,18.4
imprassoc,yolov8m.pt,osnet_x0_25_market1501.pt,3,52.941737,19.113333,18.4,33.1
imprassoc,yolov8m.pt,osnet_x0_25_market1501.pt,4,52.576702,19.223333,18.6,33.2
imprassoc,yolov8m.pt,osnet_x0_25_market1501.pt,5,51.896060,19.480000,18.7,33.5
imprassoc,yolov8m.pt,clip_market1501.pt,1,53.361269,120.393333,17.9,3086.3
imprassoc,yolov8m.pt,clip_market1501.pt,2,46.634274,21.440000,20.8,21.7
imprassoc,yolov8m.pt,clip_market1501.pt,3,36.111954,27.690000,27.0,28.4
imprassoc,yolov8m.pt,clip_market1501.pt,4,31.418109,31.846666,31.1,33.5
imprassoc,yolov8m.pt,clip_market1501.pt,5,26.993474,37.110000,35.0,39.7
imprassoc,yolov8m.pt,lmbn_n_market.pt,1,38.116468,49.486666,24.5,747.7
imprassoc,yolov8m.pt,lmbn_n_market.pt,2,39.870822,25.086666,24.8,25.6
imprassoc,yolov8m.pt,lmbn_n_market.pt,3,38.719253,26.053333,25.3,43.3
imprassoc,yolov8m.pt,lmbn_n_market.pt,4,38.338742,26.316666,25.5,43.3
imprassoc,yolov8m.pt,lmbn_n_market.pt,5,37.129056,27.466666,25.4,43.5
imprassoc,yolov8m.pt,clip_market1501.pt,1,53.292544,121.823333,17.9,3128.6
imprassoc,yolov8m.pt,clip_market1501.pt,2,46.481078,21.523333,20.9,22.1
imprassoc,yolov8m.pt,clip_market1501.pt,3,36.107590,27.693333,27.0,28.3
imprassoc,yolov8m.pt,clip_market1501.pt,4,31.556848,31.696666,30.9,33.7
imprassoc,yolov8m.pt,clip_market1501.pt,5,26.818454,37.376666,34.8,40.3
imprassoc,yolov8m.pt,osnet_ibn_x1_0_msmt17.pt,1,52.473587,33.350000,17.8,464.5
imprassoc,yolov8m.pt,osnet_ibn_x1_0_msmt17.pt,2,54.784619,18.240000,18.2,18.3
imprassoc,yolov8m.pt,osnet_ibn_x1_0_msmt17.pt,3,51.694400,19.710000,18.7,34.0
imprassoc,yolov8m.pt,osnet_ibn_x1_0_msmt17.pt,4,51.834097,19.520000,18.9,34.2
imprassoc,yolov8m.pt,osnet_ibn_x1_0_msmt17.pt,5,50.913612,19.870000,19.2,35.1
imprassoc,yolov8m.pt,osnet_ain_x1_0_msmt17.pt,1,51.146453,34.110000,18.1,473.3
imprassoc,yolov8m.pt,osnet_ain_x1_0_msmt17.pt,2,54.102971,18.483333,18.3,18.8
imprassoc,yolov8m.pt,osnet_ain_x1_0_msmt17.pt,3,51.704511,19.566666,18.9,34.3
imprassoc,yolov8m.pt,osnet_ain_x1_0_msmt17.pt,4,50.959423,19.840000,19.2,34.5
imprassoc,yolov8m.pt,osnet_ain_x1_0_msmt17.pt,5,50.246784,20.123333,19.4,34.8
imprassoc,yolov8l.pt,osnet_x1_0_market1501.pt,1,42.071535,37.283333,22.1,449.6
imprassoc,yolov8l.pt,osnet_x1_0_market1501.pt,2,43.938830,22.760000,22.5,23.2
imprassoc,yolov8l.pt,osnet_x1_0_market1501.pt,3,42.157839,23.923333,23.2,39.0
imprassoc,yolov8l.pt,osnet_x1_0_market1501.pt,4,41.485933,24.293333,23.4,38.7
imprassoc,yolov8l.pt,osnet_x1_0_market1501.pt,5,40.959209,24.606666,23.6,39.0
imprassoc,yolov8l.pt,osnet_x0_75_market1501.pt,1,42.531724,36.796666,22.1,442.1
imprassoc,yolov8l.pt,osnet_x0_75_market1501.pt,2,44.008100,22.726666,22.4,23.1
imprassoc,yolov8l.pt,osnet_x0_75_market1501.pt,3,42.475954,23.743333,23.0,38.5
imprassoc,yolov8l.pt,osnet_x0_75_market1501.pt,4,41.835155,24.086666,23.3,38.3
imprassoc,yolov8l.pt,osnet_x0_75_market1501.pt,5,41.370435,24.363333,23.5,38.7
imprassoc,yolov8l.pt,osnet_x0_5_market1501.pt,1,42.437107,36.293333,22.1,425.9
imprassoc,yolov8l.pt,osnet_x0_5_market1501.pt,2,43.981781,22.740000,22.5,23.3
imprassoc,yolov8l.pt,osnet_x0_5_market1501.pt,3,42.473080,23.743333,23.0,38.4
imprassoc,yolov8l.pt,osnet_x0_5_market1501.pt,4,42.101505,23.956666,23.1,39.1
imprassoc,yolov8l.pt,osnet_x0_5_market1501.pt,5,41.577801,24.253333,23.3,39.2
imprassoc,yolov8l.pt,osnet_x0_25_market1501.pt,1,42.196154,37.063333,22.0,445.1
imprassoc,yolov8l.pt,osnet_x0_25_market1501.pt,2,44.244564,22.613333,22.3,23.2
imprassoc,yolov8l.pt,osnet_x0_25_market1501.pt,3,42.936269,23.476666,22.7,38.0
imprassoc,yolov8l.pt,osnet_x0_25_market1501.pt,4,42.478897,23.720000,22.9,37.9
imprassoc,yolov8l.pt,osnet_x0_25_market1501.pt,5,42.086664,23.956666,23.1,38.2
imprassoc,yolov8l.pt,clip_market1501.pt,1,42.059065,124.480000,22.9,3067.6
imprassoc,yolov8l.pt,clip_market1501.pt,2,37.677022,26.533333,25.9,27.2
imprassoc,yolov8l.pt,clip_market1501.pt,3,30.103486,33.240000,32.3,36.3
imprassoc,yolov8l.pt,clip_market1501.pt,4,26.901786,37.196666,35.9,38.4
imprassoc,yolov8l.pt,clip_market1501.pt,5,24.838231,40.273333,39.6,42.8
imprassoc,yolov8l.pt,lmbn_n_market.pt,1,32.968780,57.293333,28.5,866.3
imprassoc,yolov8l.pt,lmbn_n_market.pt,2,34.350987,29.120000,28.8,29.5
imprassoc,yolov8l.pt,lmbn_n_market.pt,3,33.204102,30.313333,29.4,46.4
imprassoc,yolov8l.pt,lmbn_n_market.pt,4,32.797710,30.696666,29.8,47.3
imprassoc,yolov8l.pt,lmbn_n_market.pt,5,32.379099,31.076666,30.0,47.5
imprassoc,yolov8l.pt,clip_market1501.pt,1,41.618517,126.536666,22.9,3122.2
imprassoc,yolov8l.pt,clip_market1501.pt,2,37.589309,26.603333,25.8,26.9
imprassoc,yolov8l.pt,clip_market1501.pt,3,30.359441,32.940000,32.4,33.3
imprassoc,yolov8l.pt,clip_market1501.pt,4,26.647235,37.546666,36.2,39.4
imprassoc,yolov8l.pt,clip_market1501.pt,5,24.930237,40.110000,39.7,41.4
imprassoc,yolov8l.pt,osnet_ibn_x1_0_msmt17.pt,1,35.661501,43.193333,22.4,486.5
imprassoc,yolov8l.pt,osnet_ibn_x1_0_msmt17.pt,2,39.942183,25.470000,22.4,36.0
imprassoc,yolov8l.pt,osnet_ibn_x1_0_msmt17.pt,3,41.854083,24.093333,23.0,39.4
imprassoc,yolov8l.pt,osnet_ibn_x1_0_msmt17.pt,4,41.254436,24.443333,23.5,39.8
imprassoc,yolov8l.pt,osnet_ibn_x1_0_msmt17.pt,5,40.592615,24.860000,23.8,40.8
imprassoc,yolov8l.pt,osnet_ain_x1_0_msmt17.pt,1,41.608025,37.853333,22.6,459.8
imprassoc,yolov8l.pt,osnet_ain_x1_0_msmt17.pt,2,43.037237,23.236666,22.9,23.6
imprassoc,yolov8l.pt,osnet_ain_x1_0_msmt17.pt,3,41.346176,24.396666,23.4,39.3
imprassoc,yolov8l.pt,osnet_ain_x1_0_msmt17.pt,4,40.818690,24.693333,23.9,39.5
imprassoc,yolov8l.pt,osnet_ain_x1_0_msmt17.pt,5,40.165002,25.080000,24.0,39.4
imprassoc,yolov8x.pt,osnet_x1_0_market1501.pt,1,25.825778,53.313333,33.9,501.2
imprassoc,yolov8x.pt,osnet_x1_0_market1501.pt,2,28.546476,35.033333,34.3,35.7
imprassoc,yolov8x.pt,osnet_x1_0_market1501.pt,3,27.735016,36.216666,34.5,51.5
imprassoc,yolov8x.pt,osnet_x1_0_market1501.pt,4,27.471468,36.570000,35.1,52.1
imprassoc,yolov8x.pt,osnet_x1_0_market1501.pt,5,26.914432,37.463333,35.1,52.2
imprassoc,yolov8x.pt,osnet_x0_75_market1501.pt,1,27.652461,49.893333,33.8,478.9
imprassoc,yolov8x.pt,osnet_x0_75_market1501.pt,2,28.597669,34.966666,34.4,35.7
imprassoc,yolov8x.pt,osnet_x0_75_market1501.pt,3,27.846464,36.063333,34.6,50.1
imprassoc,yolov8x.pt,osnet_x0_75_market1501.pt,4,27.646024,36.326666,34.9,50.6
imprassoc,yolov8x.pt,osnet_x0_75_market1501.pt,5,27.047199,37.246666,35.4,51.3
imprassoc,yolov8x.pt,osnet_x0_5_market1501.pt,1,27.568637,48.550000,34.0,435.2
imprassoc,yolov8x.pt,osnet_x0_5_market1501.pt,2,28.675000,34.873333,34.2,35.7
imprassoc,yolov8x.pt,osnet_x0_5_market1501.pt,3,27.873669,36.036666,34.7,51.4
imprassoc,yolov8x.pt,osnet_x0_5_market1501.pt,4,27.740959,36.203333,34.7,51.4
imprassoc,yolov8x.pt,osnet_x0_5_market1501.pt,5,27.149307,37.126666,35.3,51.0
imprassoc,yolov8x.pt,osnet_x0_25_market1501.pt,1,27.518604,48.463333,33.9,430.6
imprassoc,yolov8x.pt,osnet_x0_25_market1501.pt,2,28.676385,34.873333,34.1,35.7
imprassoc,yolov8x.pt,osnet_x0_25_market1501.pt,3,27.995428,35.886666,34.6,51.2
imprassoc,yolov8x.pt,osnet_x0_25_market1501.pt,4,27.822552,36.100000,34.8,50.9
imprassoc,yolov8x.pt,osnet_x0_25_market1501.pt,5,27.335476,36.880000,35.1,51.5
imprassoc,yolov8x.pt,clip_market1501.pt,1,27.261725,138.880000,34.3,3137.8
imprassoc,yolov8x.pt,clip_market1501.pt,2,25.386723,39.396666,38.6,40.0
imprassoc,yolov8x.pt,clip_market1501.pt,3,21.601767,46.293333,45.3,47.3
imprassoc,yolov8x.pt,clip_market1501.pt,4,19.915309,50.226666,49.2,51.8
imprassoc,yolov8x.pt,clip_market1501.pt,5,17.605703,56.870000,53.1,60.1
imprassoc,yolov8x.pt,lmbn_n_market.pt,1,23.287727,65.493333,40.3,756.4
imprassoc,yolov8x.pt,lmbn_n_market.pt,2,24.346926,41.070000,40.7,41.8
imprassoc,yolov8x.pt,lmbn_n_market.pt,3,23.645663,42.463333,41.3,59.3
imprassoc,yolov8x.pt,lmbn_n_market.pt,4,23.442599,42.826666,41.4,59.9
imprassoc,yolov8x.pt,lmbn_n_market.pt,5,22.926427,43.950000,41.5,60.4
imprassoc,yolov8x.pt,clip_market1501.pt,1,27.232888,136.700000,33.9,3070.7
imprassoc,yolov8x.pt,clip_market1501.pt,2,25.027230,39.996666,38.5,44.2
imprassoc,yolov8x.pt,clip_market1501.pt,3,21.477899,46.583333,45.5,48.9
imprassoc,yolov8x.pt,clip_market1501.pt,4,19.702904,50.773333,48.9,52.8
imprassoc,yolov8x.pt,clip_market1501.pt,5,17.508217,57.196666,53.2,62.4
imprassoc,yolov8x.pt,osnet_ibn_x1_0_msmt17.pt,1,27.047187,51.010000,34.2,484.6
imprassoc,yolov8x.pt,osnet_ibn_x1_0_msmt17.pt,2,28.353686,35.266666,34.7,36.0
imprassoc,yolov8x.pt,osnet_ibn_x1_0_msmt17.pt,3,27.505042,36.520000,35.0,52.1
imprassoc,yolov8x.pt,osnet_ibn_x1_0_msmt17.pt,4,27.316193,36.773333,35.1,51.9
imprassoc,yolov8x.pt,osnet_ibn_x1_0_msmt17.pt,5,26.715343,37.736666,35.2,52.7
imprassoc,yolov8x.pt,osnet_ain_x1_0_msmt17.pt,1,27.298596,50.370000,34.4,480.3
imprassoc,yolov8x.pt,osnet_ain_x1_0_msmt17.pt,2,28.158328,35.520000,34.8,36.3
imprassoc,yolov8x.pt,osnet_ain_x1_0_msmt17.pt,3,27.356250,36.693333,35.2,51.0
imprassoc,yolov8x.pt,osnet_ain_x1_0_msmt17.pt,4,27.133305,37.003333,35.6,51.5
imprassoc,yolov8x.pt,osnet_ain_x1_0_msmt17.pt,5,26.530221,37.996666,35.8,52.5
